city,category,fit_score,status,organization,phone,email,contact,website,size_signal,event_signal,why,sources,type_raw,city_raw,md_line
Fort Myers,apartment and condo communities with event staff,5,,Botanica Lakes Homeowners Association,(239) 561-6242,unknown,"HOA clubhouse office, 10300 Botanica Lakes Blvd, Fort Myers 33913 (Mon-Fri 8:00am-4:00pm)",https://botanicalakeshoa.com/,"685 single-family homes on 105 acres. Explicitly described as an ""Adult, Kids & Family community"" — not age-restricted. Amenities include a children's activity center and a children's water play area, confirming a strong kids population.","The HOA runs a standing Social Committee ""responsible for social activities that would enhance the quality of life in the Adult, Kids & Family community by providing recreation, social gatherings, and community activities,"" plus holiday celebrations, fitness classes and community gatherings through the year. Clubhouse has a social hall for events.","Family-skewed gated community with a named social/events function, a kid-focused amenity set, an on-site clubhouse office with a published business phone, and 685 households. Textbook $649 Commercial buyer for a summer or holiday resident event.",https://botanicalakeshoa.com/contacts/,apartment and condo communities with event staff,Fort Myers,865
Fort Myers,apartment and condo communities with event staff,5,,Marina Bay (GL Homes),unknown,unknown,Clubhouse / lifestyle complex staff — community employs a full-time social director,https://www.glhomes.com/marina-bay/lifestyle/,"Unit count not published. Explicitly all-ages, not 55+: amenities include an interactive Splash Park for kids, shaded playground, open playfield, party pavilion, resort pool with fountain, lap pool, and a 12,750 sq ft clubhouse and lifestyle complex.","""A full-time social director works around the clock to plan events, activities, and clubs for all ages."" Community materials describe a year-round calendar of family activities and social events, plus ongoing events, watch parties and club gatherings in the social hall, and a party pavilion built for outdoor gatherings.","Named full-time social director with an explicit family-and-all-ages mandate, an existing splash park and party pavilion (so foam is an easy conceptual sell), and a large purpose-built outdoor event footprint. Best-fit decision maker in this category; only gap is a published direct phone.",https://www.glhomes.com/marina-bay/lifestyle/,apartment and condo communities with event staff,Fort Myers,878
Fort Myers,apartment and condo communities with event staff,4,,CCMC (Capital Consultants Management Corporation) — Fort Myers,unknown,unknown,"Lifestyle Director role, Fort Myers (open position posted; community assignment not disclosed)",https://ccmcnet.com/,"National community-association management firm specializing in large-scale master-planned communities; the Fort Myers Lifestyle Director role is budgeted at roughly $60,000-$80,000/yr and requires 3-4 years of event planning or PR experience, indicating a substantial community and event budget.",The company staffs a dedicated Lifestyle Director in Fort Myers whose job is defined around event planning for residents — a management-company-level resident events function rather than a single property's.,"A management-company relationship can put foam on multiple community calendars at once, and the Lifestyle Director is exactly the buyer persona. Weakness: the specific Fort Myers community is not named publicly and no direct local phone or email was found, so this requires a call into CCMC's main line to route.",https://ccmcnet.com/,apartment and condo communities with event staff,Fort Myers,930
Fort Myers,apartment and condo communities with event staff,4,,Portico,unknown,unknown,"On-site HOA management team, office located inside the community clubhouse",https://www.porticoinfo.com/,"Projected 1,408 homes at full build-out (townhomes, Executive, Manor and Estate collections) in the Buckingham area. Family-oriented amenity set — kids playground, community pool, basketball court, two tennis and two pickleball courts, BBQ area. Not age-restricted.","Amenity center (opened end of 2020) includes a clubhouse and multi-purpose room described as being for ""social gatherings and community events,"" with the professional HOA management team on site running the facility.","Very large family community with a staffed on-site management office that controls the clubhouse and event space, plus pool and BBQ areas that suit a foam setup. Event evidence is amenity-level rather than a published calendar — verify their programming cadence on first call.",https://www.porticoinfo.com/,apartment and condo communities with event staff,Fort Myers,891
Fort Myers,apartment and condo communities with event staff,4,,The Carlton of Fort Myers,(863) 302-9977 (leasing office number listed on apartment listing pages; site itself unreachable to verify),unknown,"Leasing office, 6170 Mahaffey Rd, Fort Myers 33966 (Mon-Fri 9-6, Sat 9-5)",https://www.thecarltonoffortmyers.com/,"442-unit lakefront rental community completed fall 2021; 1-3 bedroom units, 625-1,587 sq ft — the 2-3BR mix and $1,197 starting rents point to a working-family renter base, not 55+","Resident reviews describe an ongoing resident-event program run by the office — bingo nights and ""Thirsty Thursdays,"" and the community ""occasionally incorporates food trucks at resident events."" Pool and pond amenity areas on site.","Large enough unit count to justify a Commercial-tier booking, already spends on recurring resident events including food trucks, and has an on-site pool deck/lawn area. A foam party is a direct upgrade to their existing event calendar.",https://www.apartmentratings.com/fl/fort-myers/the-carlton-of-fort-myers_9199332346275206987/,apartment and condo communities with event staff,Fort Myers,917
Fort Myers,apartment and condo communities with event staff,4,,Timber Creek,unknown,unknown,Clubhouse / amenity campus staff — unknown by name,https://www.lennar.com/new-homes/florida/naples-ft-myers/fort-myers/timber-creek,"Gated resort-style masterplan at Daniels Pkwy and Immokalee Rd (adjacent to Gateway) with townhomes and single-family homes across three Lennar collections, Executive homes from 3BR/1,800 sq ft up to 5BR/3,200+ sq ft. Clearly family-targeted: splash pad, playgrounds, arcade, indoor gymnasium, sand volleyball, event lawn.","""Residents often gather together for social festivities and events in Timber Creek's own community room."" The amenity campus includes a dedicated event lawn and firepit areas alongside multiple pools and a splash pad.","Newer, large, unambiguously family-skewed community with a dedicated event lawn and splash pad — the audience and the setup are already there. Need to identify the amenity/lifestyle staffer, since no director role or phone is published.",https://www.lennar.com/new-homes/florida/naples-ft-myers/fort-myers/timber-creek,apartment and condo communities with event staff,Fort Myers,904
Fort Myers,apartment and condo communities with event staff,3,,Gateway Services Community Development District,239-561-1313,publicrecords@gatewaydistrict.org (public-records inbox; not an events address),"District office, 11922 Fairway Lakes Drive, Suite 1, Fort Myers (Mon-Fri 7:30am-4:00pm). Laura LeRoy, Assistant District Manager, ext. 207.",https://gatewaydistrict.org/parks/,"Governmental district serving the whole Gateway master-planned community — thousands of households, all ages. Facilities skew heavily toward families: Commons Pool, Sherman Soccer Complex, baseball fields, playgrounds, Fun Park, Linear Park with 2+ miles of trails, dog park.","The District runs Parks and Recreation as a formal function (including public Parks and Recreation community townhalls) and operates the Commons Pool and Fun Park. No published resident-event calendar was found — the signal is programming infrastructure, not confirmed events.","A CDD with its own pool, Fun Park and parks-and-rec department is a legitimate buyer for a community foam event, and the published business phone plus named assistant district manager makes it callable. Downgraded because government procurement is slower and no actual resident-event program was verified.",https://gatewaydistrict.org/parks/,apartment and condo communities with event staff,Fort Myers,943
Fort Myers,apartment and condo communities with event staff,3,,Paseo Fort Myers,unknown,unknown,"Pam Barry, Activities Director (published community role)",https://www.mypaseo.life/,"Unit count not confirmed. Age mix is ambiguous and worth verifying: one directory lists Paseo under 55+ communities, while the community's own club list (basketball, tennis, aerobics, book club, Mah Jongg) reads as a mixed-age resort community. Treat the family share as unconfirmed.","""A full-time activities director keeps the social calendar full and organized,"" with a published resident calendar page and a dedicated Social > Parties section on the resident portal; the HOA social committee runs holiday celebrations and themed parties alongside fitness classes and sports tournaments.","Strong, confirmed events infrastructure — a full-time activities director, a live calendar and an explicit ""Parties"" program — which is exactly who buys. Held at 3 because the resident age skew is unresolved and several published clubs suggest an older base; confirm the kid population before pitching.",https://www.mypaseo.life/calendar/,apartment and condo communities with event staff,Fort Myers,956
Fort Myers,apartment and condo communities with event staff,3,,The Residences at University Village,unknown,unknown,Leasing office — unknown by name,https://www.liveuv.com/,"Unit count not published. Positioned as a luxury Fort Myers apartment community; resident mix not stated, likely young professional and student-adjacent rather than family-heavy.",Marketing copy advertises monthly resident events as a standing amenity.,"A recurring monthly resident-event budget is a real, repeatable buying signal and fits the Classic or Deluxe tier. Downgraded because the audience likely skews adult, and no unit count, phone or event-staff name was verified.",https://www.liveuv.com/,apartment and condo communities with event staff,Fort Myers,969
Fort Myers,apartment and condo communities with event staff,2,,81 West Apartments (AMP Residential),unknown,unknown,Leasing office — unknown by name,https://www.ampresidential.com/81-west-apartments-fort-myers-fl/,"Unit count not published. Managed by AMP Residential, a multi-property operator, so a single relationship could extend to other properties in their portfolio.","Weak. The community clubhouse is marketed as ""the ideal place to socialize with neighbors"" with a full kitchen and entertainment space, but no resident-event program, calendar or event staff role was found.","Social space and a portfolio operator behind it, but no actual evidence of resident events — a cold prospect to qualify, not a warm one.",https://www.ampresidential.com/81-west-apartments-fort-myers-fl/,apartment and condo communities with event staff,Fort Myers,995
Fort Myers,apartment and condo communities with event staff,2,,Verandah (residential community),239.694.7229,unknown,Full-time Activities Director (role published; name not found),https://www.verandahgolfclub.com/lifestyle,"Unit count not published. Golf and country club community; published activity roster — Texas hold'em, bridge, Mah Jongg, beading club, Broadway trips, pub crawls, spring training outings — indicates a strongly adult and retiree-skewed membership.","""Verandah's full-time activities director keeps residents' social calendars full by planning both on-site activities and excursions outside of the community,"" with a wide club and event program.","Confirmed full-time activities director and a published business phone, but the entire documented event program is adult-oriented. Only worth a call if they run a grandkids-visiting or spring-break family weekend; otherwise the audience is wrong.",https://www.verandahgolfclub.com/lifestyle,apartment and condo communities with event staff,Fort Myers,982
Fort Myers,birthday party venues,5,,M&M Farms,(239) 900-5425,unknown,unknown,https://mmfarmswfl.com/,"Working farm venue at 5500 Higginbotham Rd, Fort Myers 33905 (Buckingham area); 2,800 sq ft covered pavilion plus a renovated air-conditioned barn with farm tables, chairs, draping and lighting","Lists party, shower and event hosting alongside weddings; 2,800 sq ft covered pavilion, playground and AC restrooms; reviews describe all-inclusive setups with decorations, setup/breakdown and an included petting zoo","Best-shaped prospect in this category — outdoor pavilion plus open farm land, a playground signalling kid events, and they already bundle add-ons (petting zoo, decor) into packages. Foam is a natural line item to add to an existing kids' package rather than a competing service. Verify whether they take standalone kids' birthdays or are mostly wedding-booked.",https://mmfarmswfl.com/,birthday party venues,Fort Myers,1010
Fort Myers,birthday party venues,5,,Southern Fresh Farms,(239) 768-0309,unknown,unknown,https://southernfreshfarms.com/,"Working agritourism farm and craft brewery at 8500 Penzance Blvd, Fort Myers 33912; 2,700 sq ft barn plus additional open barns with picnic seating; runs seasonal festivals with live bands and food vendors","Markets rental spaces for ""weddings, birthday parties, holiday parties, baby showers"" with an event barn and a spacious outdoor event tent; on-site playground and farm animal petting area","Large outdoor farm acreage with existing event infrastructure and an established birthday-party rental line. Plenty of open ground away from the barn for a foam pit, and a working farm almost certainly has water spigots. They host festivals too — a second revenue path as a festival attraction.",https://southernfreshfarms.com/,birthday party venues,Fort Myers,1023
Fort Myers,birthday party venues,5,,Tiny Hiney Farm,unknown,unknown,unknown (inquiry form at tinyhineyfarm.com/contact),https://tinyhineyfarm.com/parties,Small private working farm with miniature animals; parties capped at ~25 guests,"Published party page — ""exclusive 3-hour farm rental"" for up to 25 guests, packages starting from $350, including petting zoo time, egg collecting, animal brushing, axe throwing and mini golf, plus a dedicated party area where families bring their own decorations, food and cake",Fully outdoor private farm that already sells a fixed-price 3-hour birthday rental and explicitly lets families bring their own add-ons — foam slots in as an upsell or referral without competing with anything they offer. Farm setting means open ground and hose access. Confirm phone/email and whether foam is compatible with their animal areas.,https://tinyhineyfarm.com/parties,birthday party venues,Fort Myers,1036
Fort Myers,birthday party venues,4,,Calusa Nature Center & Planetarium,(239) 275-3435,unknown,unknown,https://www.calusanature.org/event-rentals,Nonprofit nature center and planetarium on a large wooded Lee County site; party capacity up to 50 guests in the Iona House; McNew Pavilion capacity ~130,"Published ""WILD Birthday Party"" package — 3 hours of party time in the Iona House for up to 50 guests, with a choice of 2 activities (private planetarium show, animal meet & greet, guided arts and crafts, or guided nature hike); outdoor rental inventory includes the Pine Pavilion with adjacent greenspace, the Iona House meadow, a Fire Circle and the McNew Pavilion; party rentals quoted in the $80–$1,200 range plus a $150 cleaning deposit","Real published birthday program with named outdoor spaces (pavilion, greenspace, meadow) that could hold a foam setup. Two cautions: the Pine pavilion/meadow floods in wet season and is best November–May, and a nature center with resident animals may have restrictions on soap runoff — ask directly. Strong dry-season add-on or referral candidate.",https://www.calusanature.org/event-rentals,birthday party venues,Fort Myers,1049
Fort Myers,birthday party venues,4,,Zoomers Amusement Park,unknown,unknown,unknown,unknown,"Outdoor family amusement park at 17455 Summerlin Rd, Fort Myers; go-karts, rides and arcade; per-attraction pricing from $0.65 per play to $7.50 per go-kart ride with no gate admission","Promotes ""special events and party packages"" for birthdays, corporate events and other occasions, with private party rooms and customized catering options","Outdoor attraction with acreage and an existing party-package business, so foam could be sold as a premium add-on to their birthday tier or booked into an underused corner of the property. Contact details unconfirmed — phone, email and official site all need verification before outreach.",https://www.gulfmainmagazine.com/businesses/fl-fort-myers-zoomers-amusement-park,birthday party venues,Fort Myers,1062
Fort Myers,birthday party venues,3,,Burroughs Home & Gardens,(239) 337-9505,unknown,unknown,https://burroughshome.com/,"Historic riverfront estate at 2505 First Street, Fort Myers 33901; Gale McBride Pavilion seats up to 200–300","Rents for weddings, galas, fundraisers, holiday parties, corporate events and luncheons; the 2016 riverfront Gale McBride Pavilion can be configured open-air or fully enclosed for up to 200 guests, and all rental packages include the mansion, grounds, gazebo and pavilion","Genuinely outdoor (riverfront grounds, gazebo, open-air pavilion) and clearly in the event business, but the published event mix is weddings and adult corporate functions rather than kids' birthdays, and a historic-landmark property may not want foam on manicured grounds. Worth one call as a referral source for family-day and company-picnic clients.",https://burroughshome.com/,birthday party venues,Fort Myers,1075
Fort Myers,birthday party venues,3,,Slick City Action Park — Fort Myers,unknown,unknown,unknown,https://slickcity.com/fl-fort-myers/parties/,"Large indoor action park with slides, attractions and multiple private party rooms; base package covers birthday kid plus 9 guests","Three published birthday tiers with per-additional-guest pricing — Fun $27.99, Thrill $32.99, Deluxe $41.99 per person; every party includes a reserved party table or room, a shared party host, attraction play time, paper goods, and setup/cleanup","High-volume, well-run birthday operation that proves demand and price tolerance in this market, but it is a purely indoor slide park with no outdoor space or obvious water hookup. Value is as a referral/overflow partner for customers who want an outdoor or at-home option. Corporate franchise structure may limit local partnership authority.",https://slickcity.com/fl-fort-myers/parties/,birthday party venues,Fort Myers,1088
Fort Myers,birthday party venues,2,,Chuck E. Cheese — Fort Myers,unknown,unknown,unknown,https://www.chuckecheese.com/fort-myers-fl/birthday-parties/,National chain location; packages priced per child with add-on guests,"Published birthday packages starting at $99.99 including unlimited gameplay, the Chuck E. Cheese Birthday Show, Ticket Blaster, decorated table, Birthday Star recognition and a character appearance; each additional kid $19.99","Clear published birthday business but entirely indoor with no outdoor space, and as a corporate chain the local store has essentially no authority to add a third-party vendor. Listed mainly as a competitive price benchmark for the Fort Myers kids' party market, not a realistic partner.",https://www.chuckecheese.com/fort-myers-fl/birthday-parties/,birthday party venues,Fort Myers,1101
Fort Myers,birthday party venues,2,,The Little Gym of Fort Myers (party venue),unknown,unknown,unknown,https://www.thelittlegym.com/florida-fort-myers/kids-birthday-parties/,Single-location children's gymnastics franchise; party capacity and pricing not published on the page found,"Dedicated kids' birthday party page — planned activities with games and music, trained staff who ""take care of everything,"" parties built around the birthday child; no pricing tiers published","Real kids' birthday program and a good referral audience (parents of 2–8 year olds), but a small indoor gym with no outdoor area or water access, so foam cannot run on-site. Franchise contact details and any local-owner name still need verification.",https://www.thelittlegym.com/florida-fort-myers/kids-birthday-parties/,birthday party venues,Fort Myers,1114
Fort Myers,breweries and food truck parks that host family events,5,,Backyard Social,unknown,unknown,unknown,https://backyardsocial.com,"Indoor/outdoor ""eatertainment"" venue at 16371 Corporate Commerce Way, Fort Myers; 8 curated local food trucks, full-service bar, ample seating, four duckpin bowling lanes, golf simulator, darts, shuffleboard, cornhole and a lawn","Live music Wednesday through Saturday. Hosts ""Family Fun Days"" including Children's Entrepreneur Markets and movie screenings on the lawn. Duckpin lane rentals $6/person/game. Venue ""welcomes all ages up until 9 p.m.,"" after which it is 21+ — so daytime and early-evening programming is explicitly the family window.","Purpose-built for family daytime events — a lawn they already use for outdoor movie screenings and kids' markets, plus an all-ages-until-9pm policy that makes an afternoon foam party on-brand rather than a conflict. The existing Family Fun Day series is the natural slot to pitch.",https://backyardsocial.com/community-blog/,breweries and food truck parks that host family events,Fort Myers,1486
Fort Myers,breweries and food truck parks that host family events,5,,Fort Myers Brewing Company,(239) 313-6576,unknown,unknown,https://www.fmbrew.com,"Billed as Southwest Florida's largest craft brewery and its original food truck park; 25+ house beers on tap plus Spyk'd hard seltzers/cocktails; family- and locally-owned since 2013, first microbrewery in Lee County; taproom at 12811 Commerce Lakes Dr #28, Fort Myers 33913, open 7 days","Published events calendar. Food trucks on site 7 days a week in an outdoor food truck park, live music 6 nights a week, plus recurring weekly programming — Flights & Bites, Trivia Night, Burger Night and Food Truck Rallies. Annual Grouper Fest runs three consecutive weekends (June 12-28) with beer releases, live music, food trucks, games and contests; free to attend and ""welcomes families, friends, and even four-legged companions."" Site describes the venue as ""Kids, dogs, friends, family — everyone's welcome.""","Best-fit profile in the county. Large outdoor food truck lot, explicit kids-and-dogs-welcome policy, a real public events calendar, and a track record of free multi-weekend family festivals. Foam slots directly into a Sunday food truck rally or a Grouper Fest weekend as a daytime kid draw — Commercial $649 tier.",https://www.fmbrew.com/events/,breweries and food truck parks that host family events,Fort Myers,1473
Fort Myers,breweries and food truck parks that host family events,5,,Millennial Brewing Company,unknown,unknown,unknown,https://millennialbrewing.com,"First brewery in Downtown Fort Myers, nano-brewery and taproom at 1811 Royal Palm Ave, Fort Myers 33901; spacious setting with games (pool, cornhole), on-site food truck, offers venue rentals for events of all sizes","Dedicated events page. Described as pet-friendly and family-friendly and ""home to food festivals, live music performances, food truck rallies and more."" Oktoberfest is a free, family- and pet-friendly event with a bounce house, sing-alongs and traditional German games. ""The Most Magical Market"" features live performances from local theater and dance schools, kids' crafts, handmade vendors and a Disney Karaoke Stage, and is listed on Fun 4 Fort Myers Kids. Venue rentals marketed for weddings, birthdays and corporate functions.","Already books bounce houses and runs a Disney-themed kids' market — they buy family entertainment, which removes the hardest part of the pitch. Private venue rental for birthdays is a second revenue path (Classic/Deluxe tiers).",https://millennialbrewing.com/fort-myers-downtown-fort-myers-millennial-brewing-company-our-events,breweries and food truck parks that host family events,Fort Myers,1499
Fort Myers,breweries and food truck parks that host family events,4,,Palm City Brewing Company,unknown,unknown,unknown,unknown,"10-barrel brewhouse with 18 rotating taps brewed on premise and a German canning line; 7887 Drew Cir, Fort Myers","Explicitly described as ""family friendly"" with a full weekly lineup: special release beers Tuesday, $10 burger-and-a-pint Wednesday, trivia night Thursday, special can releases Friday. Daily rotating food trucks (Viet Yum, H-Anger Management, Eat Bold named).",Stated family-friendly policy plus an established recurring weekly event rhythm and daily food trucks — they already program the calendar. Marked down only because the size of their outdoor/lawn area and direct contact details could not be confirmed.,https://www.visitfortmyers.com/visit/editorial/local-breweries-offer-beer-lovers-variety-fun-and-friendship,breweries and food truck parks that host family events,Fort Myers,1512
Fort Myers,breweries and food truck parks that host family events,3,,Bay Street Yard,(239) 940-8744,unknown,unknown,https://baystreetyard.com,"12,000-square-foot multi-level outdoor entertainment venue at 2136 Bay St, Fort Myers 33901; seating for 300+, multiple full-service bars, three on-site food trucks","Dedicated events page and an Eventbrite organizer page. Covered outdoor stage for live music and DJs, 8ft x 13ft LED screen for sporting events, outdoor games (cornhole, ping pong, bocce). Marketed for ""special and themed events."" One local guide notes families can let children roam in the open-concept alfresco setting.","Genuinely large outdoor footprint and an active events calendar, but the operating pattern skews adult — closed Monday through Wednesday, open until 2am Friday/Saturday, multiple bars, sports-bar positioning. No published all-ages or kids policy found. Worth a call only for a Sunday daytime slot; do not lead with a kids' pitch.",https://baystreetyard.com/specials-events/,breweries and food truck parks that host family events,Fort Myers,1525
Fort Myers,breweries and food truck parks that host family events,3,,Point Ybel Brewing Company,unknown,unknown,unknown,https://pointybelbrew.com,"Small-batch brewery that grew out of a family kitchen operation on Sanibel Island, now in Fort Myers; rotating experimental taps","Maintains a public event calendar page listing live music, beer releases, food trucks and trivia nights. Books real touring acts alongside local artists — G. Love and Special Sauce, JJ Grey, Ballyhoo, Margo Price.","They clearly run a booked, published calendar and bring food trucks, which is the operational muscle a foam party needs. But the programming reads as adult live-music and trivia, and no stated kids/family policy or lawn description was found. Verify outdoor space and age policy before pitching.",https://pointybelbrew.com/event-calendar/,breweries and food truck parks that host family events,Fort Myers,1538
Fort Myers,breweries and food truck parks that host family events,2,,Old Soul Brewing,unknown,unknown,unknown,unknown,"Opened 2014; ales including an imperial chocolate stout and a chai tea brown ale, plus guest craft taps from around the country","Thin. Only a general statement that they offer ""music and other events to enjoy your beers with."" No published calendar, no family or kids policy, and no outdoor/lawn detail found in any source read.","Scored low — no specific event evidence and no family-friendly signal located. Taproom-first, beer-nerd positioning. Low priority; would need a site visit or phone call to confirm whether any outdoor area exists.",https://www.visitfortmyers.com/visit/editorial/local-breweries-offer-beer-lovers-variety-fun-and-friendship,breweries and food truck parks that host family events,Fort Myers,1551
Fort Myers,church youth programs,5,,Cypress Lake United Methodist Church,(239) 482-1250,clumc@cypresslakeumc.com (church office); children@cypresslakeumc.com (children's ministry),"Gini Moore, Director of Children's Ministry (listed as VBS contact on the church site)",https://www.cypresslakeumc.com/,"8570 Cypress Lake Dr, 33919. Runs a Director of Children's Ministry, a youth ministry for grades 6–12, and an on-site preschool/childcare program (""Bright Beginnings"") with its own summer camp for ages 6 months–5th grade. Office staffed Mon–Fri.","VBS for ages 3 through finished-5th-grade (age-grouped, registration-based). Bright Beginnings summer camp registration opens in February for multiple weeks. Youth ""participate in annual events like the Pumpkin Patch that help fund summer mission trips and weeks at Warren Willis Camp,"" and youth serve as volunteers at VBS.","Three separate event streams (VBS, multi-week summer camp, Pumpkin Patch), a named staff decision-maker with a published ministry email, and a fundraising culture that means they buy attractions.",https://www.cypresslakeumc.com/events/vbs,church youth programs,Fort Myers,363
Fort Myers,church youth programs,5,,First Presbyterian Church of Fort Myers,239-314-8133 (Education Director's published line),sheryl@fpcfortmyers.org,"Sheryl de Jong, Education Director",https://www.fpcfortmyers.org/,"Historic downtown church at 2438 Second Street, 33901, with a paid Education Director and a registration system (MyVBS) for children's programming.","VBS 2026 confirmed — ""Rainforest Falls"" theme, July 12–16, 2026, 5:30 PM – 8:00 PM, with open online registration.",Confirmed dated 2026 event with a named staff contact and direct email/phone published for that exact program. Evening summer VBS in July in Fort Myers is prime foam weather and timing; Classic or Deluxe fits a single VBS night.,https://www.myvbs.org/first-presbyterian-church-of-fort-myers-vbs-2026,church youth programs,Fort Myers,376
Fort Myers,church youth programs,5,,McGregor Baptist Church,(239) 936-1754,unknown,"unknown (staffed ""MSM"" student ministry and separate Children's Ministry)",https://mcgregor.net/,"Large multi-ministry Southern Baptist campus at 3750 Colonial Blvd, 33966; runs its own preschool (preschool.mcgregor.net), a dedicated student ministry site (msmstudents.net), and a separate children's ministry site — indicates paid staff and real budget.","VBS 2026 ""Rainforest Falls,"" evenings 6:15–8:15 PM, free, online registration open April 12 – June 1; a separate Preschool VBS runs anytime June 8–20 with morning/afternoon/evening options. Student ministry also runs summer trips and camp, with a published ""Lower the cost of camp"" fundraising page.","Biggest, most program-heavy church found in Fort Myers. Evening outdoor VBS week plus a preschool VBS plus student camp means multiple distinct dates where foam is an easy add-on; the $649 Commercial package fits their scale.",https://mcgregor.net/around-mcgregor/vbs-2026/,church youth programs,Fort Myers,337
Fort Myers,church youth programs,5,,Summit Church — University Campus (South Fort Myers),(239) 947-7070,unknown,unknown (Summit Kids and Summit Students are staffed ministries),https://www.summitlife.com/,"Multi-site church (University/South Fort Myers, Gateway, Naples) founded 2003; campus at 19601 Ben Hill Griffin Pkwy, 33913. Summit Kids covers infant–5th grade, Summit Students grades 6–12 meeting Sunday and Wednesday evenings.","Annual summer Sports Camp with registration opening April 1 — activities include basketball, soccer, street hockey, field day, arts & crafts, martial arts, sideline cheer, dance, flag football and pickleball. Also a Student Camp for incoming 7th–12th graders at $200/student, and a recurring ""Family Fun Day"" at the Gateway campus.","Sports Camp is an outdoor, high-energy, field-based week already budgeted at a per-student price — foam slots straight into a field day. Multi-campus means repeat bookings.",https://www.summitlife.com/kids,church youth programs,Fort Myers,350
Fort Myers,church youth programs,4,,First Assembly of God — Fort Myers,(239) 936-6277,unknown,unknown,https://famfm.com/,"4701 Summerlin Rd, 33919. Broad age-segmented children's and youth structure: Noah's Nursery, Preschool, Elementary (K–5), Youth Church Bible Study, Girls' Ministries, Royal Rangers, and Youth Church for middle and high school. Sunday 10 AM plus Wednesday 7 PM services. Maintains an events page and weekly newsletter.","Hosts an annual ""Fall Fest"" (dedicated famfm.com/fall-fest page), and runs family-friendly outdoor events featuring bouncy houses, face painting, and free popsicles and popcorn for kids.","They already rent inflatables and run outdoor family attractions — foam is the same buying decision from the same budget line, and Royal Rangers/Girls Ministries give extra summer dates. Ding: no direct kids-pastor contact found.",https://famfm.com/fall-fest,church youth programs,Fort Myers,428
Fort Myers,church youth programs,4,,First Christian Church of Fort Myers,(239) 334-0316,unknown,unknown,https://fccfm.org/,"2061 McGregor Blvd, 33901. Students ""gather twice a week in an energetic environment"" — a twice-weekly student program implies dedicated youth staff. Maintains a contact page and active ministry listings.","""Trunk or Treat @ FCC"" — Saturday, October 18, 5:00–6:30 PM at 2061 McGregor Blvd, listed on the Fort Myers-area family events calendar.","Confirmed public outdoor family event they host on their own property, plus a twice-weekly youth gathering that needs periodic big-draw nights. Central McGregor Blvd location with lawn space. Ding: no VBS or summer camp confirmed, no email found.",https://fortmyersbeach.macaronikid.com/guides/62fe9c6492c32c0e2998a759/halloween-and-fall-fun-guide-for-fort-myers_-fort-myers-beach,church youth programs,Fort Myers,441
Fort Myers,church youth programs,4,,Grace Church — Fort Myers Central Campus,(239) 334-3160,unknown,unknown,https://www.egracechurch.com/,"Multi-site United Methodist congregation with three SWFL campuses (Fort Myers Central, Fort Myers Shores, Cape). Central campus at 2415 Grand Avenue, 33901. Grace Kidz covers ages 4–5th grade; Grace Youth serves 6th–12th weekly.","Runs Vacation Bible School (volunteer recruitment requires youth volunteers to have completed 6th grade) and a Wednesday-evening ""E-Team"" elementary program described as ""like mini Vacation Bible School time"" from 6:30–8 PM. Also runs ""Shoes of Hope,"" a back-to-school outreach since 2011 giving hundreds of families new shoes, school supplies and Bibles.","Established annual VBS plus a large back-to-school outreach — both natural foam slots, and the August timing is peak heat. Multi-campus means a good booking could replicate at Shores and Cape.",https://www.egracechurch.com/vbs/,church youth programs,Fort Myers,415
Fort Myers,church youth programs,4,,New Hope Presbyterian Church (EPC),239.274.1230,unknown,unknown (Student Ministry 6th–12th grade is a staffed ministry),https://newhopefortmyers.org/,"10051 Plantation Road, 33966 — recently built a new campus (""Immeasurably More"" capital project), signalling an expanding congregation with money. Office staffed Mon–Thu 9–4, Fri 9–12. Separate Children's and Student ministries.","Student Ministry publishes recurring themed youth events including ""Game Night,"" ""Water Wars,"" ""River Hang,"" and ""Extreme Chaos"" competitions.","""Water Wars"" and ""Extreme Chaos"" are exactly the messy-outdoor-competition format a foam party replaces or upgrades — they already program this category. New campus with open ground. Ding: no named contact or email found.",https://newhopefortmyers.org/students/,church youth programs,Fort Myers,402
Fort Myers,church youth programs,4,,Riverside Church of Fort Myers,(239) 689-9000,unknown,unknown (separate staffed Riverside Kids and Riverside Student Ministry),https://www.riversidechurch.org/,"8660 Daniels Parkway, 33912; two Sunday services (9 AM and 11 AM), plus a full-week schedule — middle school Sundays 10:30 AM–12:30 PM and high school Wednesdays 6:30–8:30 PM. Kids ministry covers babies through 5th grade.","Runs a dedicated Summer Camp — students attend Word of Life ""The Coast"" camp in Hudson, FL, described as ""high energy action... worshiping, studying Biblical truths, and having fun in the Florida sun."" Separate camp landing page indicates an annual budgeted trip.","Already spends money sending students to an off-site camp, so an on-campus foam event is an easy lower-cost alternative or kickoff. Large Daniels Pkwy campus with outdoor space. Ding: no on-campus festival or VBS found.",https://www.riversidechurch.org/camp,church youth programs,Fort Myers,389
Fort Myers,church youth programs,4,,Saint Michael Lutheran Church,(239) 939-1218,churchoffice@gsmlcs.org,unknown,https://www.mightymessengers.org/,"3595 Broadway, Fort Myers 33901. Operates an attached school, Saint Michael Lutheran School (smlcs.org), alongside the church — a large captive family base and a real activities budget. Publishes a monthly newsletter now in its 64th volume year, indicating a long-established, well-organized congregation.","Runs an annual Vacation Bible School with a dedicated VBS page — Bible lessons, crafts, recreation, and assembly programs — and hosts Trunk-or-Treat as a recurring family event.","Church-plus-school is the strongest repeat-booking profile here after McGregor: VBS recreation time, Trunk-or-Treat, and separate school field-day and end-of-year events. Ding: could not confirm current-year VBS dates or a named children's ministry contact.",https://www.mightymessengers.org/vbs/,church youth programs,Fort Myers,454
Fort Myers,country clubs,5,,Miromar Lakes Beach & Golf Club,(239) 425-2340,unknown,"Ken McMaster, General Manager & Director of Membership",https://miromarlakes.com/,"700-acre lake, 3 miles of white-sand beach, Beach Clubhouse, 10,000 sq ft zero-edge infinity pool, 2 marinas, 3 restaurants, spa, tennis/pickleball/bocce; 10160 Miromar Lakes Blvd, 33913 (Lee County, marketed under Fort Myers)","Strongest of the set — ""more than 300 events fill the calendar throughout the year"" and the venues ""cultivate a wide variety of activities for all age groups and families."" Facilities include a dedicated Kids Pool, plus kids' tubing and waterskiing on the lake. Published quarterly MiromarWaves newsletters carry an events calendar including an Easter Brunch.","Explicit all-ages/family positioning, a named membership decision-maker, a 300-event annual calendar, a kids pool and a beach club — the clearest family-programming buyer in Lee County. Note: physical address is Miromar Lakes village (33913), not City of Fort Myers, though marketed as Fort Myers and well inside the service area.",https://miromarlakes.com/beach-club/,country clubs,Fort Myers,707
Fort Myers,country clubs,4,,The Club at Gateway,(239) 561-1036,unknown,"Rick Hanover, USPTA-certified Director, Gateway Tennis Center",https://www.gatewaygolf.com/membership,"Tom Fazio 18-hole course, clubhouse, golf improvement facility, tennis center, pickleball, fitness center, pool, bocce; 12091 Gateway Greens Dr, Fort Myers 33913","Membership page states ""Family Golf Members have unlimited, year-round access to the Clubhouse, golf course, golf improvement facility, tennis center, pickleball, fitness center, pool, bocce, dining and events"" — events are an explicit membership benefit. The Gateway Tennis Center runs ""one of Southwest Florida's most comprehensive programs for players of all ages and abilities.""","A named Family membership category, an all-ages junior-capable racquet program, a member pool, and events sold as part of the membership — a non-age-restricted community, so real kids are on property.",https://www.gatewaygolf.com/membership,country clubs,Fort Myers,720
Fort Myers,country clubs,4,,"The Landings Yacht, Golf & Tennis Club",(239) 482-3211 office; (239) 482-0242 pro shop,unknown,unknown,unknown,"250 riverfront acres, just over 1,100 residential units, 18-hole executive course, 13 lighted Har-Tru courts, resort-style pool, pickleball and bocce, private harbor and marina; 4420 Flagship Dr, Fort Myers 33919","The club operates a dedicated event venue — ""The Helm Club is where the events and conferences take place and serves as a grand space for any kind of special event and party."" Also runs The Wheel House restaurant. No kids-specific event confirmed.","A yacht/athletic club with an in-house event space built for parties, a resort-style pool, and 1,100+ households — the size and infrastructure to book a Commercial-tier event; the Helm Club implies someone on staff owns event booking.",https://www.yelp.com/biz/landings-yacht-golf-and-tennis-club-fort-myers,country clubs,Fort Myers,733
Fort Myers,country clubs,3,,Colonial Country Club,(239) 747-0035,reservations@colonialgolfclub.com,unknown,https://www.colonialfw.com/,"Bundled golf community, roughly 310 homes listed for sale at a time; 18-hole Gordon Lewis course, 8 Har-Tru tennis courts, 8 pickleball courts, lighted bocce; 9181 Independence Way, Fort Myers","Clubhouse is ""a favorite for weddings, banquets and special events,"" and the 2015 renovation with its open-air patio ""reinforced its role as the social center of the Club."" Amenities include a resort-style pool with cabanas and a snack bar. Since 2008 the club has opened select facilities to non-members ""to enjoy its events and dining.""","Demonstrably event-oriented with an in-house banquet operation, a resort pool with cabanas, and a willingness to host beyond the membership — but documented events are social/dining, not kids-specific.",https://www.visitfortmyers.com/listing/colonial-country-club/38916,country clubs,Fort Myers,785
Fort Myers,country clubs,3,,Cypress Lake Golf Club (Cypress Lake Country Club),(239) 481-1333 office; (239) 481-3222 pro shop,unknown,unknown,https://cypresslakegc.com/memberships/,"Founded 1959, described as Fort Myers' oldest and most historic private golf club; 6 lighted Hydro-Grid Har-Tru courts; equity Founder membership at $35,000 stock purchase with $13,230 family dues; 6767 Winkler Rd, Fort Myers 33919","Offers a named Family Membership and a Sports Membership with family dues pricing; tennis program runs ""a wide array of leagues, events, clinics, and lessons."" Events documented are racquet/golf, not kids or holiday.","A traditional in-town family club (family dues tiers explicitly priced) with an events-running racquet program, but family or children's social events could not be confirmed.",https://cypresslakegc.com/memberships/,country clubs,Fort Myers,811
Fort Myers,country clubs,3,,Fiddlesticks Country Club,(239) 768-1111,unknown,unknown,https://www.fiddlestickscc.com/,"Two 18-hole courses, four dining venues, 5,500 sq ft fitness center, 7 Har-Tru tennis courts, 8 pickleball courts; residential community since 1982; 15391 Canongate Dr, Fort Myers 33912","Club markets ""lively social events"" alongside a resort-style pool with poolside cabana; its Yelp business listing carries the ""Good for Kids"" attribute. Pool-centered social calendar is the relevant hook; no specific family/holiday event confirmed.",Large private club with a resort pool deck and an active social calendar — the right physical setup — but documented events skew general/social rather than explicitly kids or family.,https://www.yelp.com/biz/fiddlesticks-country-club-fort-myers,country clubs,Fort Myers,759
Fort Myers,country clubs,3,,Legends Golf & Country Club,(239) 561-7757; (239) 561-8740 office,unknown,unknown,https://www.legendscc.com/,"650+ acres; 831 properties carry full golf membership and 461 carry social membership (roughly 1,290 member households); 7 Har-Tru courts, 4 bocce, 4 pickleball; 8600 Legends Blvd, Fort Myers 33912","Amenities center on a ""Resort Style Lagoon Pool and Spa""; clubhouse runs ""fine dining theme nights"" plus an indoor Pub. Theme-night programming shows an active social calendar, but no family or kids event confirmed.",Big bundled-golf membership base with a lagoon pool and recurring themed social nights — good volume and the right venue — but documented programming is adult dining rather than family days.,https://www.yelp.com/biz/legends-golf-and-country-club-fort-myers,country clubs,Fort Myers,798
Fort Myers,country clubs,3,,The Forest Country Club,(239) 482-8378 clubhouse; (239) 482-1310 membership,blanza@theforestcc.com (membership),"unknown (membership office, email above)",https://www.theforestcc.com/,"620-acre member-owned community, 36 holes across two courses; 6100 Club Blvd SW, Fort Myers 33908","Club describes ""a variety of social events and member tournaments"" plus ""signature curated events and unique, fun experiences designed to exceed the expectations of members and guests."" Full Family Membership covers dependents up to age 25, so families with kids are in the member base. No specific kids/holiday event named.",Member-owned club with a real social-events program and a family membership tier including dependents — grandkids/family season is plausible — but no named kids or holiday event to confirm family programming.,https://www.theforestcc.com/contact-us,country clubs,Fort Myers,746
Fort Myers,country clubs,3,,Verandah Club,(239) 694-7199 office; (239) 694-4229 pro shop,unknown,unknown,https://www.verandahlife.com/Membership,"36 holes over two courses, River Village campus (Clubhouse, Golf House, River House), 9 miles of trails; 12211 River Village Way, Fort Myers 33905","""River Village is the center of all the community activities."" Amenities include a junior Olympic-sized outdoor pool and a River House with canoe/kayak launch; golf staff run ""private lessons, group clinics, and junior programs"" for players of all ages.","Has junior programming and a dedicated activity hub with a large outdoor pool, which is where a foam party would land — but no explicit family-event calendar (Easter, July 4th, family fun day) confirmed.",https://www.verandahgolfclub.com/lifestyle,country clubs,Fort Myers,772
Fort Myers,country clubs,2,,Heritage Palms Golf & Country Club,unknown,unknown,unknown,https://www.hpgcc.com/,"800+ acres, two 18-hole courses, 37-acre lake, clubhouse plus Lodge, Tiki Bar & Grill, Cabana, Activity Center, pools, 8 lighted Har-Tru courts, pickleball and bocce; off Six Mile Cypress between Colonial Blvd and Daniels Pkwy","Weak for this use case. Club publishes a Lifestyle/Activities section and offers Family and Social membership categories, but the events actually named are adult golf: Men's Invitational, Women's Invitational, Men's Day, Ladies Day, Couples Events and Group Play.","Large club with pools, a Cabana and a dedicated Activity Center, but the published event slate is adult golf only — a weak fit until a family season is confirmed.",https://hpgcc.com/Club_Lifestyle,country clubs,Fort Myers,837
Fort Myers,country clubs,2,,Olde Hickory Golf & Country Club,(239) 768-2400,unknown,unknown,https://www.oldehickory.cc/golf,"561 single-family homes, villas and condos; 22,000 sq ft clubhouse with multiple dining options, large fitness center, resort-style pool, 2 Har-Tru courts, 4 pickleball courts; 14670 Old Hickory Blvd, Fort Myers 33912","None found. Nothing documents member social, family or kids events — only golf, dining and fitness amenities.","Correct venue type with a resort pool and a bundled-golf membership base, but zero event evidence — treat as a cold prospect to qualify by phone.",https://www.golfpass.com/travel-advisor/courses/2048-olde-hickory-golf-country-club,country clubs,Fort Myers,850
Fort Myers,country clubs,2,,The Plantation Golf & Country Club,(239) 561-8650,unknown,unknown,https://www.plantationgolfcc.com/,"7,300-yard Hurdzan/Fry championship course, ""massive pool"" and full fitness center; owned and operated by Heritage Golf Group, a national multi-club operator; 10500 Dartington Dr, Fort Myers 33913","Weak. The club markets itself as combining ""casual elegance with natural beauty for Members & Guests alike"" and has a large pool, but no event calendar or named social/family programming was found.","Right profile and a large pool deck, and corporate ownership means a standardized member-events budget, but nothing evidences family or kids events — needs a discovery call before it earns a higher score.",https://www.yelp.com/biz/plantation-golf-and-country-club-fort-myers,country clubs,Fort Myers,824
Fort Myers,festival and community event organizers,5,,Edison Festival of Light,(239) 334-2999,info@edisonfestival.org,"unknown (general festival office, 2310 Edwards Drive, Fort Myers)",https://edisonfestival.org,88th/89th annual edition; multi-week festival with 8+ distinct events across February; runs its own downtown street closures with the City of Fort Myers,"2026 lineup confirmed as STEMtastic Day of Discovery and Mutt Strutt (Feb 14), Junior Parade (Feb 15, 1:30-3:30 PM, ""Florida's largest youth parade showcasing the talents of hundreds of Southwest Florida children and their families""), Junior Fun Run (Feb 15, children grade 5 and below), Junior Coronation, Crafts on the River (Feb 21-22, 10 AM-5 PM), 5K Run and Grand Parade (Feb 21, parade at 7 PM), classic car show (Feb 22). Grand Parade attendance estimated at 200,000. Food vendors present and a vendor application is downloadable.","The single best target in the market. Explicitly child-centered programming (Junior Parade, Junior Fun Run, STEMtastic, Junior Coronation) plus a two-day Crafts on the River footprint, an open vendor application process, and a 200,000-person draw. Kids' day events on Feb 14-15 are a natural slot for a Commercial-tier foam activation.",https://edisonfestival.org/2026-events/,festival and community event organizers,Fort Myers,1380
Fort Myers,festival and community event organizers,4,,"ArtFest Fort Myers, Inc.",(239) 768-3602 (sponsorship line),Sharon.McAllister@ArtFestFortMyers.com,"Sharon McAllister, sponsorship contact (publicly listed on the festival's sponsors page)",https://artfestfortmyers.com,"501(c)(3) (EIN 65-1119729); juried festival showcasing more than 200 artists; also produces a second event, the Publix Run to the Arts","Annual juried fine arts festival held the first weekend in February in Downtown Fort Myers. Attendance ""averages over 90,000 patrons."" Confirmed kids' zone: the Publix Art Yard, an interactive children's craft area where ""kids can make art treasures to take home... enjoy live performances, and buy artwork for just $5."" Actively sells sponsorships, pitching reach to ""over 85,000 consumers.""","Confirmed dedicated kids' zone, a real sponsorship program with a named contact and phone number, and 90,000 attendees. The Publix Art Yard is already a family-activation footprint; a foam zone is a straightforward add-on, and Run to the Arts is a second booking opportunity.",https://artfestfortmyers.com/sponsors/,festival and community event organizers,Fort Myers,1406
Fort Myers,festival and community event organizers,4,,River District Alliance (Fort Myers River District Alliance),(239) 313-5129,info@fortmyersriverdistrictalliance.com,"unknown (office at 2310 First St., Suite 305, Fort Myers 33901)",https://www.myriverdistrict.com,"Non-profit representing downtown property owners, merchants and residents; described as hosting ""the most popular block party style gatherings in Lee County""; year-round event calendar","Produces a recurring monthly slate plus annual events — free first-Friday Art Walk (monthly, local and regional artists across historic downtown), monthly Music Walk, New Year's Eve Downtown Countdown, Car Cruise-In, and 4th of July Freedom Fest, plus block parties. Runs a public Art Walk vendor/participation application page.",Highest event frequency of any organizer in Fort Myers — a dozen-plus street events a year with a standing production budget and an existing vendor application process. Freedom Fest and the block parties are the realistic entry point; a July 4th foam activation can convert to a recurring monthly slot.,https://fortmyers.floridaweekly.com/articles/river-district-alliance-boosting-the-fun-for-downtown-events/,festival and community event organizers,Fort Myers,1393
Fort Myers,festival and community event organizers,3,,Alliance for the Arts (events),(239) 939-2787,events@artinlee.org,unknown (events department),https://www.artinlee.org,"10-acre campus at 10091 McGregor Blvd, Fort Myers 33919; operating since 1975; year-round programming across galleries, a theater and outdoor grounds","Hosts the Alliance GreenMarket every Saturday, 9 AM-1 PM, with local produce, artisanal foods, plants, free yoga on the lawn at 9:30, live music and art. Also runs a monthly Night Market with fresh produce, live music, art, food trucks, and beer and wine. Campus additionally presents gallery exhibitions, concerts, festivals and art classes.","A dedicated events email, a 10-acre outdoor campus that can absorb a foam footprint with drainage away from buildings, and a 52-week market audience of local families. Weekly GreenMarket cadence means one good booking can become a seasonal recurring slot; the monthly Night Market is the higher-budget option.",https://farmersmarkettoolkit.org/markets/alliance-for-the-arts-greenmarket,festival and community event organizers,Fort Myers,1432
Fort Myers,festival and community event organizers,3,,Southwest Florida & Lee County Fair Association,unknown,franc@swflcfair.com,unknown,https://swflcfair.com,"Has managed the Lee Civic Center property and the county fairgrounds since 1996; the fair reached its 99th season, the longest-running recurring event in the county","Runs the annual Southwest Florida & Lee County Fair at the Lee Civic Center, 11831 Bayshore Rd, North Fort Myers 33917 — a multi-day late-February into early-March run. The venue also hosts concerts, agricultural events, trade shows and other fairs year-round. Listed as a Fairs/Festivals member of the National Independent Concessionaires Association, indicating established concessionaire/vendor intake. Attendance figures not published.","The county fair is the largest multi-day family gathering in Lee County and has a formal concessionaire/vendor structure to buy through. Downside: a fair midway already carries its own attractions, so foam competes rather than fills a gap — but the association also books the Civic Center year-round for other family events.",https://business.nicainc.org/list/member/sw-florida-lee-county-fair-inc-334,festival and community event organizers,North Fort Myers (Lee County — serves Fort Myers),1419
Fort Myers,festival and community event organizers,2,,Edison & Ford Winter Estates,(239) 334-7419,unknown,unknown,https://www.edisonfordwinterestates.org,"Major ticketed historic attraction at 2350 McGregor Blvd, Fort Myers 33901; maintains a public calendar of events, classes and concerts year-round; Holiday Nights is in its 50th year","Holiday Nights runs Nov 28 through Jan 4, nightly 5:30-9:00 PM (closed Christmas Eve and Christmas night), 2025-26 theme ""Golden Jubilee."" Guided tours at 6 and 7 PM nightly; ""Santa, Carolers, and kid's activities are featured on select nights."" Tiered family admission (adults $23, teens $13, children 6-12 $3, under 5 free).","Real sustained family programming and a large ticketed audience, but the venue is a preserved historic estate and botanical garden — foam is a poor physical fit near heritage structures and plantings, and the flagship event is an evening December walk-through rather than a daytime kids' activation. Worth one outreach for their non-holiday daytime family and school-group programming only.",https://www.fortmyersbeach.org/events/edison-ford-holiday-nights/,festival and community event organizers,Fort Myers,1445
Fort Myers,festival and community event organizers,2,,Greater Fort Myers Chamber of Commerce,unknown,unknown,"unknown (office at 12811 Commerce Lakes Dr., Suite 28, Fort Myers 33913)",https://fortmyers.org,Member-based chamber with a published board of directors and an ongoing member event calendar; promotes member organizations' events through its own site,"Runs member events including ""Taste of the Chamber,"" where local restaurants set up offering samples, and the Greater Fort Myers Chamber Golf Classic. No evidence of a family festival or kids' zone in its own programming.","Low direct fit — the chamber's own events are adult B2B networking, not family festivals, and no kids' zone evidence exists. Value is indirect: it is the referral hub to the member businesses, HOAs and nonprofits that do run family events, so a relationship to build rather than a booking to close.",https://fortmyers.org/about-us/board-of-directors/,festival and community event organizers,Fort Myers,1458
Fort Myers,kids gyms and youth sports leagues,5,,Extreme Air Gymnastics Academy,239-247-1870,info@xtremeairacademy.com,unknown,https://www.xtremeairacademy.com/,"10,000 sq ft air-conditioned gym at 15800 Chief Ct, Fort Myers 33912, with an inflatable and a trampoline arena; recreational gymnastics plus trampoline & tumbling programs.","Two distinct event lines. Birthday parties: ""3-hour private use of their 10,000 sq ft air-conditioned gym with 2 party pros, an inflatable, trampoline arena, designated party/dining area, and birthday certificate,"" cleanup included. Summer camp: ""Monday-Friday from 7am-4pm... gymnastics & trampoline instruction, theme-related crafts, fun group games, movie days, a pizza party Friday & more!"" for ages 4-12.","Already sells 3-hour private party packages and already books an inflatable, so they buy this category and understand the price point. The Friday pizza party closing each camp week is a repeatable slot a foam party could upgrade — potentially weekly through summer, not a one-off.",https://www.xtremeairacademy.com/birthday-parties,kids gyms and youth sports leagues,Fort Myers,1274
Fort Myers,kids gyms and youth sports leagues,5,,Fort Myers American Youth Baseball & Softball (FMA),"(239) 253-7753 (Archie Tayler, VP of Softball — published league contact)",FMALLvolunteers@gmail.com,"Archie Tayler, VP of Softball (published league role)",http://www.fmall.us/ (registration: https://fma.sportngin.com/),"Home field Sam Fleishman Regional Park ""is home to the Fort Myers American Little League serving over 700 boys & girls."" Formed 1955, the oldest league in Southwest Florida with 120+ county/district/sectional/state/regional titles.","Runs full Spring baseball/softball seasons with fixed registration windows (""2026 Spring Baseball, registration closes 1/19/26"") across Cal Ripken and Babe Ruth divisions at a 4-baseball-field / 2-softball-field complex. Season structure creates opening and closing events; a 700-kid registration base at one complex is the end-of-season-party profile.","Largest confirmed youth registration base in Fort Myers, a single large outdoor complex with field space and parking, and a season structure that creates both an opening-day and end-of-season occasion. Commercial $649 tier fits a league-wide event.",https://fma.sportngin.com/page/show/7334059-registration,kids gyms and youth sports leagues,Fort Myers,1248
Fort Myers,kids gyms and youth sports leagues,5,,S.T.A.R.S. Little League Baseball & Softball (City of Fort Myers),239-321-7545,unknown,unknown (City of Fort Myers Parks & Recreation / STARS Complex staff),https://fortmyers.gov/2093/STARS-Little-League-Baseball-Softball,"""STARS supports three different leagues at the STARS Complex with Baseball, Softball, and Tee Ball."" STARS Complex, 2980 Edison Ave, Fort Myers 33916. Program cost $75 per child.","Explicit, dated season events — ""Registration for STARS Little League Baseball runs from January to February, with Opening Day scheduled for February 28th and the season running from February through April.""","A named Opening Day on a city-run complex with three leagues under one roof, plus a low $75 registration fee implying a broad, high-volume rec base. City department budget and a purchasing contact make the $649 Commercial tier realistic, and the outdoor complex suits foam setup.",https://fortmyers.gov/2093/STARS-Little-League-Baseball-Softball,kids gyms and youth sports leagues,Fort Myers,1261
Fort Myers,kids gyms and youth sports leagues,4,,Gymnastics World Fort Myers,(239) 482-4440,unknown,unknown,https://gymnasticsworldfortmyers.com/,"14,000 sq ft facility at 15989 Old US 41, Fort Myers 33912. In business over 50 years.","""Birthday parties that are an hour and a half in length with gym time and refreshment time, scheduled for Saturday afternoons and all-day Sundays. Each party has access to their entire 14,000 sq. ft. facility."" Also runs a listed summer gymnastics camp.","The largest gym footprint in Fort Myers with a dedicated weekend party calendar — Saturday afternoons and all day Sunday are already blocked for parties, so there is standing weekend demand. Summer camp gives a second seasonal hook. Deluxe $449/90min matches their existing 90-minute party format almost exactly.",https://gymnasticsworldfortmyers.com/birthday-parties,kids gyms and youth sports leagues,Fort Myers,1287
Fort Myers,kids gyms and youth sports leagues,4,,Lee County Strikers,(239) 229-1610,info@leecountystrikers.com (also president@leecountystrikers.com),unknown (club president — name not published in sources read),https://leecountystrikers.com/,"Operates Kelly Road Soccer Complex, 10750 Kelly Rd, Fort Myers 33908. Recreational program open to boys and girls ages 5-12 regardless of skill; competitive side is a Southwest Florida Soccer Association / SFUYSA member club.","""Each season typically lasts 8-12 weeks, depending on the time of year,"" cost $125-$150, with ""practices usually held on Mondays and Wednesday nights, with games on Friday nights.""","Multiple 8-12 week rec seasons per year, each ending on a natural wrap-up date, and the club controls its own outdoor complex so there is no third-party venue approval. Friday-night games mean families are already gathered at the fields in the evening slot a foam party would use.",https://leecountystrikers.com/,kids gyms and youth sports leagues,Fort Myers,1326
Fort Myers,kids gyms and youth sports leagues,4,,"STARS Youth Football & Cheer (City of Fort Myers, Pop Warner)",239-321-7545,unknown,unknown (City of Fort Myers Parks & Recreation),https://fortmyers.gov/2098/STARS-Youth-Football,"""STARS Athletics offers spring and fall youth football, cheer and dance in Pop Warner, with fall costs of $250 per child ages 5-14 and spring at $150."" Practices at Billy Bowlegs Sports Complex, 951 Marsh Ave.","Two full seasons per year (spring and fall) across football, cheer and dance, each with its own registration cycle — two natural kickoff and two wrap-up occasions annually rather than one.","Two seasons a year doubles the number of party occasions, and combined football + cheer + dance rosters mean a large mixed-age crowd. Same city phone/contact path as STARS Little League, so one conversation can cover both programs.",https://fortmyers.gov/2098/STARS-Youth-Football,kids gyms and youth sports leagues,Fort Myers,1300
Fort Myers,kids gyms and youth sports leagues,4,,The Little Gym of Fort Myers,(239) 217-3849 — the site also lists (239) 362-0335; verify which is current before calling,unknown,unknown,https://www.thelittlegym.com/florida-fort-myers/,"13211 McGregor Blvd, Ste 103-104, Fort Myers 33919. Open Tue-Sun; programs span parent/child, gymnastics, dance, sports prep and pre-school prep.","Runs a standing event program — ""camps, Parents Survival Nights and birthday parties,"" with a dedicated events page and a 10% birthday party discount for members.","Parents Survival Night is a recurring, pre-sold drop-off event that needs fresh programming each time — the easiest repeat-booking entry point in this category. Camps and an existing party business add two more. Franchise ops may need corporate sign-off on vendors.",https://www.thelittlegym.com/florida-fort-myers/events-more/,kids gyms and youth sports leagues,Fort Myers,1313
Fort Myers,kids gyms and youth sports leagues,3,,Kurokawa Martial Arts,239.281.8850 (text line published for scheduling a meet & greet),unknown,unknown,https://fortmyerskarate.com/,Offers Japanese karate plus after-school programs for kids; day camps split into two age bands (Grades 1-5 and 6-8).,"""Japanese Karate Day Camps for Kids Grades 1-5 or 6-8 with hours from 9:00 am - 2:00 pm."" School-break day camps plus an after-school program.","Confirmed day-camp programming and an after-school base give a real reason to book, but no evidence of birthday parties or a season-ending event, and camp size is unpublished — likely a smaller Classic $349 booking rather than the camp tier.",https://fortmyerskarate.com/,kids gyms and youth sports leagues,Fort Myers,1339
Fort Myers,kids gyms and youth sports leagues,3,,Tippi Toes Dance — Ft. Myers South,unknown,unknown,unknown,https://www.tippitoesdance.com/location/tippi-toes-ft-myers-south/,Dance classes for girls and boys ages 18 months to 12 years.,"""Students given the opportunity to take the stage twice per year,"" and the location page lists ""recitals, camps, parties and more.""","Two recitals a year plus camps and an existing parties line is a genuine event cadence, and a franchise owner can decide locally. Downgraded because no phone or email was published, and Tippi Toes runs classes inside partner facilities rather than its own venue, so site control for foam is uncertain.",https://www.tippitoesdance.com/location/tippi-toes-ft-myers-south/,kids gyms and youth sports leagues,Fort Myers,1352
Fort Myers,kids gyms and youth sports leagues,2,,I.L.T. Dance Studio,239.332.5678,iltdance@comcast.net,unknown,https://www.iltdance.com/,"12601 Westlinks Dr. #7, Fort Myers 33913. Children's classes in ballet, hip hop/jazz, tap and acrobatics.","None confirmed. Only a class schedule was found — no camp, recital, party or season-event evidence.","Clean, verified business contact details and a children's class base, but capped at 2 because no event programming was evidenced. Worth a low-priority call to ask whether they hold a recital or end-of-year event.",https://www.iltdance.com/class-schedule,kids gyms and youth sports leagues,Fort Myers,1365
Fort Myers,municipal parks and recreation,5,,City of Fort Myers Parks & Recreation Division,239-321-7530,unknown (procurement contact: ProcurementServices@fortmyers.gov),"Parks & Recreation Division main office, 1820 Hendry St., Fort Myers 33901",https://fortmyers.gov/1216/Parks-Recreation,"Citywide division operating multiple facilities — STARS Complex, Riverside Community Center, Fort Myers Aquatic Center, Golfview Pool, Fort Myers Skatium — plus dozens of parks; separate rentals and camp-program lines of business.","Recurring events include the Monthly Music Walk, Fort Myers Farmers Market (every Saturday), a Parks & Recreation Month Tree Giveaway, and the 27th Annual Big Backpack Giveaway. Camp Programs page: camps for ages 6-14, $15 registration fee, $200 resident / $250 non-resident, 7am-5pm Mon-Fri, timed to school vacations.","The division-level buyer that funds and books the individual sites. Multi-week summer camp plus large free community giveaway events is exactly the $649 Commercial use case, and vendor onboarding is formalized (e-Procurement / OpenGov vendor registration) so insurance and W-9 paperwork is a known path, not a blocker.",https://fortmyers.gov/1751/Camp-Programs,municipal parks and recreation,Fort Myers,588
Fort Myers,municipal parks and recreation,5,,Dr. Ann Murphy Knight S.T.A.R.S. Complex (City of Fort Myers),239-321-7545,unknown,"STARS Complex, 2980 Edison Ave., Fort Myers 33916",https://fortmyers.gov/1401/STARS,"Long-running city complex (25+ years) with gymnasium, swimming pool, after-school program, dance and sports programming; gym and pool both rentable.","Runs school-break camps 8:00am-5:30pm Mon-Fri, plus an annual Trunk or Treat Fall Festival used as an on-site registration drive for STARS programs. Separate STARS Camp Programs and STARS Spring Camp pages on the city site.","Best single-site target in the city. Large captive camp population, a facility that already hosts its own outdoor festival, existing gym/pool rental infrastructure meaning drainage and water access are non-issues, and staff accustomed to booking outside activity providers.",https://fortmyers.gov/1551/STARS-Camp-Programs,municipal parks and recreation,Fort Myers,601
Fort Myers,municipal parks and recreation,5,,Fort Myers Aquatic Center (City of Fort Myers),239-321-7553,unknown,"Aquatics staff, Fort Myers Aquatic Center at Sam Fleishman Regional Sports Complex, 1750 Matthew Drive, Fort Myers 33907",https://www.fortmyers.gov/aquatics,"Regional-scale aquatic facility inside a sports complex — main pool, kiddie pool, slides; open 7 days a week, from as early as 6:00am Tue/Thu to 5:00pm.","City facility listing explicitly advertises ""pool parties and special events"" alongside lap swimming, swim lessons and swim programs.","They already sell pool parties and run special events, so foam is an add-on to an existing product rather than a new line item. Deck space, water supply and drainage are built in, and aquatics staff have their own budget and booking authority.",https://fortmyers.gov/facilities/facility/details/Fort-Myers-Aquatic-Center-72,municipal parks and recreation,Fort Myers,614
Fort Myers,municipal parks and recreation,5,,"Lee County Parks & Recreation (Administration, Terry Park)",239-533-7275,leeparks@leegov.com,"Lee County Parks & Recreation Administration, Terry Park, 3410 Palm Beach Blvd., Fort Myers 33916 (8:00am-4:30pm)",https://www.leegov.com/parks,"Manages more than 30,000 acres of parks, preserves, athletic facilities and recreation/community centers across Lee County; the administrative office sits in Fort Myers.","Eight-week summer camp June 8 through Aug 2 at $85/week, with Traditional (K-5th), Middle School (6th-8th), Special Needs (ages 6-21) and rotating Specialty Camps; registration opened 7:00am Monday, March 23. Also runs county-wide Fall Festival events.","The single largest camp buyer in the market — eight weeks across multiple centers means repeat bookings, not one date. County procurement is formal but navigable: vendor application requires state registration/license, certificates of insurance and local business tax, with COIs due within 10 days of Notice of Award.",https://www.leegov.com/parks/programs/summer,municipal parks and recreation,Fort Myers,627
Fort Myers,municipal parks and recreation,4,,"Lakes Regional Park (Lakes Park, Lee County)","239-533-7578 (office and reservations, Mon-Fri)",unknown,"Lakes Regional Park, 7330 Gladiolus Drive, Fort Myers 33908",https://www.leegov.com/parks/parks/lakespark,"279-acre park with 158 acres of freshwater lakes, operated by Lee County Parks & Recreation; paid parking at $1/hour or $5/day indicates high, metered visitation.","Hosts the Lakes Park Farmers Market, StoryTime in the Garden, and an annual Fall Festival with a pumpkin patch, bounce houses, hayrides, Scarecrows in the Park and the Halloween Express train — reported to draw over 50,000 visitors. Shelters are reservable for private parties.","Already contracts inflatables and bounce houses for its own festivals, so a foam activation is a familiar purchase category and the vendor-insurance conversation is routine. Large open lawns and existing event infrastructure. Scored 4 rather than 5 because it is an events venue rather than a camp site, so the sale is seasonal.",https://www.leegov.com/parks/events/,municipal parks and recreation,Fort Myers,653
Fort Myers,municipal parks and recreation,4,,Riverside Community Center (City of Fort Myers),239-321-7560,unknown,"Riverside Community Center, 3061 E Riverside Dr., Fort Myers 33916",https://fortmyers.gov/1587/Riverside-Community-Center,City community center on the Caloosahatchee River with a rentable Ballroom and three classrooms; listed as the city's Recreation division contact number for community events and event rental information.,"City facility page states the center ""offers rentals and programs including classes and events,"" and city listings direct people to call 239-321-7560 for community event and event rental information.","Functions as the city's event-booking front door for the Recreation division, with riverfront outdoor grounds adjacent to Riverside Park. Good fit for a community day, though the event evidence is general rather than a named recurring festival.",https://fortmyers.gov/Facilities/Facility/Details/Riverside-Community-Center-47,municipal parks and recreation,Fort Myers,666
Fort Myers,municipal parks and recreation,4,,Wa-Ke Hatchee Park and Recreation Center (Lee County),239-432-2154,unknown,"Wa-Ke Hatchee Park and Recreation Center, 16760 Bass Rd., Fort Myers 33908",https://www.leegov.com/parks/centers/wake,"One of Lee County's four ""larger recreation centers."" Gym, weight room, aerobics and dance rooms, computer lab, meeting rooms, game room, plus outdoor grounds — two lakes, trails, playground, dog park, tennis and pickleball courts. Lifetime memberships $10 individual / $25 family.",Named by Lee County as one of the larger recreation centers where families must hold a lifetime facility membership before summer camp registration — a confirmed host site for the county's June-August camp. Also runs after-school and year-round youth programs.,"Confirmed Fort Myers camp host with large open grass areas and a site-level supervisor who can request an activity day. Booking likely flows through county Parks & Rec administration rather than the site alone — a slower sell than a city facility, but a bigger one.",https://www.leegov.com/parks/parks/wake/programsclasses,municipal parks and recreation,Fort Myers,640
Fort Myers,municipal parks and recreation,3,,Fort Myers Skatium (City of Fort Myers),239-321-7509 (the city facilities listing also shows 239-321-7510 — verify),unknown,"Fort Myers Skatium, 2250 Broadway, Fort Myers 33901",https://fortmyers.gov/skatium,"City-run multi-use facility with an ice rink, an athletic gymnasium and a fitness center; runs Learn to Skate USA, USA Hockey Learn to Skate/Learn to Play and recreational hockey leagues for kids and adults.","Sells structured birthday party packages (Saturday afternoons only — party host, PA announcement, pizza and drinks for the guest of honor plus nine friends) via a dedicated ""Party Packages & Private Rentals"" page, and runs hockey and figure skating camps during summer holidays.","Proven party and camp operation with a paid-events mindset and a city budget behind it, but the core venue is an ice rink — foam would have to run on the outdoor lot or through the attached gymnasium, limiting it to special-occasion bookings.",https://fortmyers.gov/1404/Party-Packages-Private-Rentals,municipal parks and recreation,Fort Myers,679
Fort Myers,municipal parks and recreation,2,,Golfview Pool (City of Fort Myers Aquatics),239-321-7565 (an earlier city facilities listing shows 239-931-7026 — verify before calling),unknown,"Amanda Dusick, listed on the city aquatics page for Golfview Pool hours at 239-321-7565",https://www.fortmyers.gov/aquatics,"Neighborhood city pool — heated 4-lane Junior Olympic lap/therapy pool kept heated or chilled year-round, shaded picnic areas, concessions, locker rooms, playground, full-size beach volleyball court, tennis court and horseshoe pit.","Runs swim lessons and seasonal programs, but the city notes that because of a nationwide swim instructor shortage it has been unable to provide typical summer programming including swim lessons, with programs scheduled only as positions are filled. No named festival or special event found.","Right physical setup — grass, picnic areas, drainage, a volleyball court that would take foam well — and a named staff contact. Scored low because the only evidence is instructional swim programming that is itself being cut for staffing reasons; realistically a referral into the city Aquatics budget rather than a standalone buyer.",https://fortmyers.gov/facilities/facility/details/Golfview-Pool-77,municipal parks and recreation,Fort Myers,692
Fort Myers,party and event rental companies,5,,Creative Events & Rentals (Taylor Rental),239-768-6393 (also toll-free 1-800-421-2393),unknown,unknown,https://creativeevents1.com/,"Largest partner prospect found by a wide margin. Founded 1973, described on its own About page as ""Southwest Florida's largest event planning and production business."" Base at 12090 Metro Parkway, Fort Myers, serving Marco Island north to Sarasota and from the islands inland to Clewiston. Runs a staffed team page, a separate Event Planning division and a rental division; SWFL Inc. chamber member.","NO FOAM OFFERING FOUND anywhere in their catalog or event-planning pages. Published inventory is infrastructure-heavy — tents, staging, risers, tables, chairs ""and dozens of other items that empower event organizers"" — with zero wet/interactive entertainment. They both plan events and rent to other organizers, so they field entertainment requests from two directions.","Best partner prospect in the category. A 50-plus-year full-service planner and production house with a regional booking pipeline, no foam capability, and an existing habit of sourcing elements they do not own. Corporate and camp requests routed through them map directly onto the $649 Commercial package. Pitch as a white-label subcontract line they can mark up.",https://creativeevents1.com/about/,party and event rental companies,Fort Myers,1129
Fort Myers,party and event rental companies,4,,AB Event Rentals,(941) 539-8070,unknown,unknown,https://www.abeventrentals.com/,"Storefront at 14680 S Tamiami Trail #5, Fort Myers 33912, run by ""Robert and team."" Delivers across twelve Lee County zip codes (33901, 33903, 33905, 33907, 33912, 33913, 33916, 33917, 33919, 33966, 33971, 33990) plus Estero, Cape Coral and Naples. Institutional client base — churches, school districts, businesses, nonprofits, daycares.","RESOLVED IN ROUND 5, LEANING PARTNER. A dedicated pass found NO FOAM PRODUCT PAGE and no foam-machine listing despite targeted searching, and no SWFL directory describes them as offering foam. This CONTRADICTS an earlier round that saw a ""Foam Party"" category listing. Best current reading: they may list the category without owning equipment. Not fully closed — one call settles it.","UPGRADED FROM 2 AFTER FIVE ROUNDS OF AMBIGUITY. If they do not own foam, this is a strong partner: a real storefront, twelve-zip delivery footprint, and exactly the institutional client base (churches, school districts, daycares) that generates Commercial-tier foam requests. Their client list overlaps heavily with our best-scoring prospects. CALL THIS ONE EARLY — it is the highest-value unresolved contact in the file.",https://www.abeventrentals.com/inflatables-fort-myers-fl/,party and event rental companies,Fort Myers,1207
Fort Myers,party and event rental companies,4,,Affordable Rentals SWFL,239-272-6418,dbrebeese38@gmail.com (published as the company's contact on their site; not independently verified),unknown,https://www.affordablerentalswfl.com/,"Over 20 years in the tent and party rental business, in Fort Myers since 2001. Serves Fort Myers, Cape Coral, Bonita Springs, Naples and all of SWFL. States they purchase new inventory every year — a sign of ongoing reinvestment and real utilization.","NO FOAM OFFERING FOUND — catalog is tents, folding tables and folding chairs only. They sell bundled party packages (published example: 15x20 frame tent, four tables, and 32 white chairs for $400 including setup and takedown), proving they are comfortable selling packaged multi-item bundles.",The package-selling habit is the hook — foam slots into an existing bundle structure as a premium upsell. Two decades of repeat SWFL customers and zero entertainment inventory means no channel conflict. Their $400 package buyer is comfortable at the $349-$449 price points.,https://www.affordablerentalswfl.com/party-packages-1.html,party and event rental companies,Fort Myers,1181
Fort Myers,party and event rental companies,4,,Caloosa Tent & Rental,(239) 694-5177,unknown,"Cheryl and Larry Kommnick (owners, publicly named in vendor listings)",https://www.caloosatent.com/,"Operating since 1979, ""one-stop shop for all event rental needs"" in SWFL; warehouse/showroom at 10879 Metro Pkwy, Fort Myers. Inventory includes tents, tables, chairs, stages, lighting, audio equipment, generators, and a large specialty linen selection. Listed on WeddingWire, The Knot, Eventective and the Fort Myers Beach Chamber; they deliver, set up and clean up.","NO FOAM OFFERING FOUND — the published catalog is entirely tents, seating, staging, lighting, power and linens, with no inflatables, no water features and no foam. Heavy wedding-vendor presence plus generators and stages indicates a steady multi-event-per-weekend calendar.","High booking volume, 45-plus years of local relationships, and a catalog with no entertainment component at all. Every family reunion, church picnic, school field day and graduation they tent is a foam referral they currently have no answer for. Low channel conflict.",https://www.caloosatent.com/,party and event rental companies,Fort Myers,1142
Fort Myers,party and event rental companies,4,,My Party Guru,unknown,unknown,unknown,https://mypartyguru.com/,"Positions itself as ""Southwest Florida's premier event planning company,"" serving Fort Myers, Naples, Cape Coral and Lee County. Handles ""every detail, from balloon garlands to full venue transformation."" Named event types: birthday parties, baby showers, sweet 16s, corporate events, graduations and family reunions.","NO FOAM OFFERING FOUND — published service list is planning, design and decor, with no equipment or entertainment rental inventory of their own. Their stated event mix is foam-heavy by nature: birthdays, sweet 16s, graduations and family reunions.",A pure planner with no inventory is the cleanest subcontract relationship available — they have nothing to protect and every reason to mark up a vendor. Sweet 16s and graduations are prime Deluxe territory. Held at 4 only because no booking-volume evidence surfaced and contact details could not be retrieved.,https://mypartyguru.com/,party and event rental companies,Fort Myers,1194
Fort Myers,party and event rental companies,4,,Vargas Rentals (Vargas Party Rental),(239) 270-9057,unknown,unknown,https://vargasrentals.com/,"Locally owned and fully insured; team handles setup and takedown. Delivers to Fort Myers, Cape Coral, Lehigh Acres and Naples, with neighborhood-level landing pages for San Carlos Park, Alva and Buckingham. Inventory covers bounce houses in multiple sizes, water slides, inflatable games, 20x20 tents, tables, chairs and concession machines, with online booking.","NO FOAM OFFERING FOUND — searches across their rental category pages surfaced bounce houses, water slides, inflatable games, tents and concessions, with no foam machine or foam party product. Self-describes as the ""trusted local source for... everything you need to throw an unforgettable event,"" a gap they would likely want closed.","Busy inflatable operator with no foam line, covering the exact Lee and Collier territory. Their birthday customer is the same buyer for Classic and Deluxe. Neighborhood landing-page strategy means inbound volume they can redirect. Their bilingual, community-referral customer base is a segment not otherwise reached.",https://vargasrentals.com/,party and event rental companies,Fort Myers,1168
Fort Myers,party and event rental companies,1,competitor,Bounce Bros Entertainment LLC,(239) 328-6398 (a chamber listing also shows 239-209-2688 — verify),unknown,unknown,https://bouncebrosentertainment.com/,"12923 5th St, Fort Myers 33905. Delivers across Fort Myers, Cape Coral, Lehigh Acres, Alva, Labelle, Babcock Ranch, Estero, Punta Gorda, Bonita and Naples. Maintains per-city landing pages, a sign of an active paid-lead pipeline.","ALREADY OWNS FOAM — CORRECTED. They run a dedicated Foam Machine Rental product page offering ""the ultimate foam party experience,"" delivering to Fort Myers and surrounding areas, with rain rescheduling at no extra cost and units cleaned and sanitized before use. Catalog also covers bounce houses, water slides, combo units and obstacle courses. They market to ""backyard parties, school events, corporate gatherings, community festivals, and church events.""","Direct competitor, not a partner. CORRECTION: an earlier pass recorded ""no foam offering found"" and scored this 4 as a partner prospect; that was wrong — the foam machine rental page is live on their own site. They cover the full Lee and Collier footprint and sell foam into the exact school, camp, festival and church segments we target. No subcontract or referral opportunity.",https://bouncebrosentertainment.com/rentals/equipment/foam-machine-rental/,party and event rental companies,Fort Myers,1155
Fort Myers,party and event rental companies,1,competitor,Family First Events and Rentals LLC,(239) 299-0371,info@familyfirsteventsandrentals.com,unknown,https://familyfirsteventsandrentals.com/,"Family-owned, fully insured SWFL rental company at 861 Sea Urchin Cir, Fort Myers 33913. Broad catalog: bounce houses, water slides, obstacle courses, mechanical attractions, tents, tables and chairs, balloon decor, carnival rides, games, concessions, soft play. Online booking 24/7, bilingual English/Spanish, recommends booking 3-4 weeks ahead (a real backlog signal).","ALREADY OWNS FOAM, and prices it aggressively. Dedicated pages sell a 2-hour foam party starting at $225, +$44 per additional hour, biodegradable and hypoallergenic solution, colored foam (blue or pink +$52; orange, yellow, purple, green also offered). They also run a foam-party-service-areas page covering Fort Myers, Cape Coral, Naples, Lehigh Acres and Estero.","The strongest direct competitor found. Their $225 2-hour foam undercuts the $349/60min Classic and $449/90min Deluxe, and their foam service-area page targets the identical Lee/Collier footprint. Zero partner potential — treat as pricing-pressure intelligence.",https://familyfirsteventsandrentals.com/rentals/foam-parties/foam-party/,party and event rental companies,Fort Myers,1233
Fort Myers,party and event rental companies,1,competitor,Gator Bounce Rentals LLC,(239) 295-4200,unknown,unknown,https://gatorbouncerentals.com/,"Family-owned, operating since 2020; delivers to Fort Myers, Cape Coral, Lehigh Acres, Estero, Bonita Springs, North Fort Myers, Alva; catalog spans bounce houses, single- and dual-lane water slides, combo units, obstacle courses, interactive games, 20x20 tents, tables/chairs, concessions.","ALREADY OWNS FOAM. Two dedicated foam pages — /foam-parties-fort-myers/ and /foam-party-machine-rentals/ — describing ""safe and clean foam party rentals that include professional setup,"" a ""professional-grade foam machine,"" foam ""up to their waists,"" and foam positioned as an add-on for birthdays, graduations and summer parties across Fort Myers, Cape Coral, Lehigh Acres and Naples.","Direct competitor, not a partner. They own the machine, market foam in the exact service area, and sell it as an add-on to their own bounce house bookings. No subcontract or referral opportunity.",https://gatorbouncerentals.com/foam-parties-fort-myers/,party and event rental companies,Fort Myers,1220
Fort Myers,preschools and daycare centers,5,,Creative World School at Gateway,(239) 208-8842,unknown,unknown,https://creativeworldschool.com/schools/gateway-fort-myers-preschool-daycare-childcare/,"11961 Fairway Lakes Drive, Fort Myers 33913. Part of the Creative World School franchise network; serving Fort Myers families since 2018. Gateway is an affluent master-planned community.","Runs branded ""CampTastic"" summer camp for school-age children — ""big summer fun, hands-on activities, and exciting experiences kids look forward to all year,"" including sports, art, engineering, science and music. Also runs VPK summer programs JumpStart and LaunchPad.","A named, marketed summer camp brand with a dedicated camp website means they actively buy programming and entertainment. School-age CampTastic group plus a higher-income Gateway parent base supports the $649 package.",https://www.creativeworldcamp.com/,preschools and daycare centers,Fort Myers,231
Fort Myers,preschools and daycare centers,5,,Grace Community School (Fort Myers — Medical Lane campus),(239) 334-3325,unknown,unknown,https://www.gracecommunityschools.com/,"Multi-site operator — Cape Coral, North Fort Myers, Fort Myers, Lehigh Acres, Gateway, Bonita Springs and Naples. Serving SWFL since 1986. Fort Myers campus at 1688 Medical Ln. Ages infant through 11.","Offers daycare, full-day Pre-K, kindergarten, before/after school care and summer camp for ages up to 11 — a school-age summer camp population, the strongest age fit for foam.","Multi-site operator means one good booking can replicate across 7+ campuses, and the $649 Commercial/Camps package fits a school-age summer camp with 11-year-olds. Corporate-level buying power.",https://www.yelp.com/biz/grace-community-school-fort-myers-2,preschools and daycare centers,Fort Myers,192
Fort Myers,preschools and daycare centers,5,,Growing Room Child Development Center (Fort Myers),(239) 466-6646,unknown,unknown,https://growingroomchilddevelopment.com/locations/fort-myers-florida/,"8950 Gladiolus Dr, Fort Myers 33908. Multi-site operator with campuses in Fort Myers and Bonita Springs. Camp serves K-8.","Runs ""Camp Adventurer"" for grades K-5 where ""kids cool off with two swim days each week,"" with a stated summer theme (""Adventures in the Animal Kingdom"") and off-site field trips to Naples Zoo, Sky Zone, Lakes Park and the movies. Tuition bundle explicitly covers field trips, arts & crafts, music and games.","They already pay for weekly water activities and paid off-site attractions — foam is a direct, cheaper upgrade delivered on their own site with no bus. K-8 age range is the sweet spot, and two campuses mean repeat business.",https://growingroomchilddevelopment.com/programs/summer-camp/,preschools and daycare centers,Fort Myers,218
Fort Myers,preschools and daycare centers,5,,The Heights Center / Heights Early Learning (The Heights Foundation),(239) 482-7706,unknown,unknown,https://heightsfoundation.org/heights-early-learning/,"15570 Hagie Drive, Fort Myers 33908. Heights Early Learning serves 85 children birth to age four; the affiliated summer camp hosts around 150 kids. Nonprofit with donor/sponsor funding.","Strongest event evidence in this category. Summer camp explicitly includes ""science experiments, art projects, field trips, and water play,"" with weekly themes — Welcome Week, All Things Disney, The Arts, Red White & Blue, Deep Sea, STEM, Christmas in July, Finale Week — and field trips to BIG ARTS, Sun-N-Fun Lagoon and Marquee Cinemas.","Already budgets for water play and paid off-site excursions, so an on-site foam party is a cheaper substitute they will understand instantly. 150 campers and named theme weeks (Deep Sea, Finale Week) are ready-made foam hooks. Nonprofit sponsorship model can underwrite the booking.",https://heightsfoundation.org/summer-camp/,preschools and daycare centers,Fort Myers,205
Fort Myers,preschools and daycare centers,4,,ABC Learning Center of Fort Myers,(239) 481-4177,Info@ABCLearningCenterSWFL.com,unknown,https://abclearningcenterswfl.com/,"Standalone center at 13610 Learning Ct, Fort Myers 33919; established 1975; infants 6 weeks through age 5, plus summer camp to age 8. School Readiness and VPK provider (state-funded revenue streams).","Site states they run School Readiness and Summer Camp programs for children up to age 8 ""with exciting themes, special activities, and weekly treats,"" and advertises ""now enrolling for summer camp.""","Themed summer camp weeks with ""special activities"" is exactly the slot a foam party fills, and an established VPK/School Readiness center has budget for a $449 Deluxe booking. Published business email makes outreach easy.",https://abclearningcenterswfl.com/,preschools and daycare centers,Fort Myers,244
Fort Myers,preschools and daycare centers,4,,Bright Beginnings Early School (Cypress Lake United Methodist Church),(239) 433-2232,unknown,unknown,https://cypresslakeumc.com/bright-beginnings,"8570 Cypress Lake Drive, Fort Myers 33919. Church-affiliated school serving 6 months through 5th grade; large church campus with facilities and grounds.","Published 2026 summer camp schedule with named weeks — Nature Week (June 15-19), Adventure Week (June 22-26), Art & Music Week (June 29-July 3), Around the World Week (July 6-10), Ocean Week (July 13-17), for ages 12 months through rising 2nd grade.","Dated, themed camp weeks published in advance means they plan programming months out and can slot a booking into ""Ocean Week"" or ""Adventure Week."" Church campus has the outdoor space foam needs.",https://cypresslakeumc.com/connect/bright-beginnings/bb-classes-and-programs/,preschools and daycare centers,Fort Myers,257
Fort Myers,preschools and daycare centers,4,,"Child Care of Southwest Florida, Inc.",(239) 278-1002,unknown,unknown,https://ccswfl.org/,"Largest operator in this category. Nonprofit running multiple learning centers across Fort Myers, Lehigh Acres and LaBelle, serving 600+ children ages 6 weeks to 8 years. Fort Myers sites include 3050 Central Ave (239-936-1759), 1620 Manchester Blvd (239-936-0891), P.A. Geraci Child Development Center at 3713 Canal St, Joseph H. Messina Children's Center at 4650 Fowler St, and 37 Barkley Circle. NAECLL accredited, Gold Seal Quality Care.","Moderate. Confirmed to run recurring off-site enrichment — Sanibel Sea School states it ""hosts multiple student groups from CCSWFL each month at the beach and in the classroom."" Maintains a public events calendar at ccswfl.org/news/calendar/. No specific party or water-day listing verified.",Central booking through one nonprofit office can place foam at five or six Fort Myers sites — the highest-volume opportunity in this category. Held at 4 only because no explicit party/water-day event was confirmed.,https://ccswfl.org/,preschools and daycare centers,Fort Myers,283
Fort Myers,preschools and daycare centers,4,,Palmer Preschool & Childcare,(239) 936-4410,palmerpreschool1@aol.com,unknown,http://www.palmerpreschool.com/,"3808 Seago Lane, Fort Myers 33901; family-owned since 2007, with a second service area in Lehigh Acres. VPK provider for Lee County.","Camps page states their annual summer camp gives each group ""specialized activities with an emphasis on education, as well as time dedicated to sports and games, field trips, water-based play, and personal interests such as music or art.""","""Water-based play"" is written into their own camp description, so the concept needs no selling. Published business email plus phone makes them one of the easiest to contact. Pitch Classic or Deluxe rather than Commercial.",http://www.palmerpreschool.com/camps.html,preschools and daycare centers,Fort Myers,270
Fort Myers,preschools and daycare centers,3,,The Goddard School of Ft. Myers,(239) 689-2699,unknown,unknown,https://www.goddardschool.com/schools/fl/ft-myers/ft-myers,"13521 Goldenwood Dr, Fort Myers 33913. National premium franchise brand; infants through pre-K. A separate Fort Myers Goddard location broke ground Nov 2025 — 12,500 sq ft, 10 classrooms, roughly 180 students ages 6 weeks to 6 years, opening summer 2026. Confirm which campus is active when calling.","Moderate. School page promotes a summer day camp: ""The Goddard School of Fort Myers, FL's summer day camp is a great way to keep your child learning and active in the summer."" No specific water day or party event verified.","Premium franchise with parents who expect enrichment extras, and a stated summer day camp. Held at 3 because the event evidence is generic marketing copy, and franchise locations sometimes need corporate sign-off on vendors.",https://www.goddardschool.com/schools/fl/ft-myers/ft-myers/our-school/special-programs/summer-camp,preschools and daycare centers,Fort Myers,296
Fort Myers,preschools and daycare centers,2,,Crown of Life Christian Academy,unknown,unknown,unknown,https://crownlifeacademy.com/academics/vpk/,"5820 Daniels Parkway, Fort Myers 33912. Church-affiliated academy offering state-funded VPK for 4- and 5-year-olds.","None verified. VPK page describes ""developmentally appropriate play-based learning in a safe, stable, and loving Christian environment"" — no events, camps, parties, or water days found.","Capped at 2 for lack of event evidence. Secondary prospect only: church campuses in Fort Myers commonly host family nights and VPK end-of-year celebrations, so it may be worth a cold call, but nothing found supports a warm pitch.",https://crownlifeacademy.com/academics/vpk/,preschools and daycare centers,Fort Myers,322
Fort Myers,preschools and daycare centers,2,,Southwest Florida Christian Academy (Preschool),(239) 936-5015 ext. 1422,hannah.barry@sfcakings.org,"Hannah Barry, Admissions Coordinator (published on the school's official preschool page)",https://www.sfcakings.org/academics/preschool/,"3750 Colonial Blvd, Fort Myers 33966. Private Christian preschool attached to a full K-12 academy — large campus, athletics facilities, established event/ticketing presence.","Weak for the preschool specifically. The academy has a public events and ticketing page (gofan.co/app/school/FL69046), indicating an active school-wide event calendar, but no preschool party, water day, or summer camp listing was verified.","Held at 2 — no confirmed preschool event evidence. Still worth a call because a K-12 campus runs field days and family nights at scale, and a named admissions contact with a published business email is a rare clean entry point.",https://www.sfcakings.org/academics/preschool/,preschools and daycare centers,Fort Myers,309
Fort Myers,schools and PTOs,5,,St. Francis Xavier Catholic School,(239) 334-7707,unknown,"Main school office, 2055 Heitman Street, Fort Myers 33901",https://stfrancisfortmyers.org,"PK-8 parish school, Diocese of Venice","Strong. School Fall Festival listed on their own events page — October 18, 10am-1pm, with ""crafts, Trick or Treat, bounce houses, food trucks, popcorn, and music,"" plus Trick or Treat 10:30-11:30am in the courtyard. They already budget for and book inflatable/rental entertainment.",Already runs a family festival with bounce houses and food trucks — foam is a direct upsell into an event format they demonstrably run annually. Warm-weather October date in SWFL suits foam.,https://stfrancisfortmyers.org/event/fall-festival-2/,schools and PTOs,Fort Myers,469
Fort Myers,schools and PTOs,4,,"Evangelical Christian School (Beacon Campus, PreK-8)",(239) 936-3319 (x1300 for Beacon PreK-8 campus),arowland@goecs.org (admissions office),"Beacon Campus office, 8237 Beacon Blvd, Fort Myers 33907",https://goecs.org,"Independent PreK-12, two campuses (Beacon PreK-8; Colonial Blvd 9-12)","Moderate-strong. School's own alumni/traditions content states ""Field Day is held in May at ECS among many other annual festivities,"" and describes the Kindergarten Clown Parade tradition that ""began as part of the Harvest Festival in 1981"" — so both an annual Field Day and a historic Harvest Festival.","Documented annual Field Day in May (peak foam weather) plus a festival tradition. Private school with its own budget authority, no district procurement hurdle. Deluxe or Commercial fits a full-grade-level Field Day.",https://www.ecseagles.com/alumni/alumni-posts,schools and PTOs,Fort Myers,482
Fort Myers,schools and PTOs,2,,Allen Park Elementary School,(239) 936-1459,unknown,"Main office, 3345 Canelo Drive, Fort Myers 33901",https://alp.leeschools.net,"890 students, PK-5, Lee County School District","None found. No festival, field day, fun run or family night evidence was verifiable.","Good size and a confirmed main-office number, but zero proven event activity — cold-call territory, not a warm prospect.",https://nces.ed.gov/ccd/schoolsearch/school_detail.asp?Search=1&DistrictID=1201080&ID=120108001122,schools and PTOs,Fort Myers,547
Fort Myers,schools and PTOs,2,,Canterbury School,(239) 481-4323,unknown,"Main office, 8141 College Parkway, Fort Myers 33919",https://www.canterburyfortmyers.org,Independent PK-12 day school,"None confirmed. The school publishes a public event calendar and runs summer ""fun and specialty camps,"" but no specific field day, festival, or celebration was verifiable. (A ""Canterbury Family Fun Run"" surfaced in search but belongs to the unrelated Canterbury School in Fort Wayne, Indiana — do not use it.)","Private PK-12 with in-house summer camp programming, exactly the Commercial and Camps buyer profile — but nothing about their events is verified yet.",https://www.canterburyfortmyers.org/listed-by-type/fun-specialty-camps,schools and PTOs,Fort Myers,560
Fort Myers,schools and PTOs,2,,Gateway Elementary School,unknown,unknown,PTA page at gty.leeschools.net/our_families/pta__pto,https://gty.leeschools.net,unknown,"None confirmed. The school maintains a dedicated PTA page, but no specific event was verifiable.",Confirmed PTA presence in the Gateway area of Fort Myers; needs verification of both contact details and event calendar before pursuing.,https://gty.leeschools.net/our_families/pta__pto,schools and PTOs,Fort Myers,573
Fort Myers,schools and PTOs,2,,Heights Elementary School,unknown,unknown,"Heights Elementary PTA public page, facebook.com/heightselementaryPTA",https://het.leeschools.net,"1,057 students, PreK-5 — one of the larger Fort Myers elementaries","Weak. A separately branded Heights Elementary PTA page exists for the Fort Myers school, but no specific festival/field day/fun run was verifiable from search results.","Largest verified enrollment in this set, which usually means the biggest end-of-year and field day programming and the budget to match. Unproven on events so far.",https://www.greatschools.org/florida/fort-myers/1634-Heights-Elementary-School/,schools and PTOs,Fort Myers,521
Fort Myers,schools and PTOs,2,,Orangewood Elementary School,(239) 936-2950,unknown,"Main office, 4001 DeLeon Street, Fort Myers 33901",https://owd.leeschools.net,"PK-5, Lee County School District","Weak. School maintains a dedicated PTO page (owd.leeschools.net/our_families/pta_pto) and a public school calendar, but no specific event (festival, field day, fun run) was verifiable from search results.","Confirmed active PTO structure and a central Fort Myers location, but no proven event activity — needs a discovery call before it earns a higher score.",https://owd.leeschools.net/our_families/pta_pto,schools and PTOs,Fort Myers,495
Fort Myers,schools and PTOs,2,,Six Mile Charter Academy,(239) 768-9375,unknown,"Main office, 6851 Lancer Ave, Fort Myers 33912",https://sixmilecharter.org,"842 students, tuition-free public charter (K-8)","Weak. The school runs a public ""Main Calendar"" of events on its own site, but no specific festival, field day or fun run was verifiable from search results.","Charter schools make vendor decisions at the school level rather than through district procurement, which shortens the sales cycle — but event evidence is unconfirmed.",https://sixmilecharter.org/apps/events/,schools and PTOs,Fort Myers,534
Fort Myers,schools and PTOs,2,,Tanglewood Elementary School,unknown,unknown,PTA org page at tan.leeschools.net/our_families/pta_pto; public PTA Facebook page facebook.com/TanglewoodPTA,https://tan.leeschools.net,"PK-5, Lee County School District","Weak. An independently branded, publicly maintained ""Tanglewood Elementary PTA"" Facebook page for Fort Myers exists (separate from the school page), indicating an organized parent group, but no specific event was verifiable.","A PTA with its own public presence is usually the one that books entertainment, so this is worth a call — but no event evidence confirmed.",https://www.facebook.com/TanglewoodPTA/,schools and PTOs,Fort Myers,508
Fort Myers,summer and day camps,5,,Alliance for the Arts — Youth Arts Camps,239-939-2787,unknown,unknown,https://www.artinlee.org/explore/camps/youth-arts-camps/,"10-acre Fort Myers campus at 10091 McGregor Blvd, operating since 1975; multiple summer camp tracks (Visual Arts Camp for all ages, Musical Theatre Intensive with Broadway Palm actors)","Extremely strong — free Family ArtLab the 3rd Saturday of every month, 10 a.m.–noon, ""drop-in free, hands-on family fun… art making, gallery activities, games and more""; plus a Saturday GreenMarket 9–1, a monthly Morning Artisan Market, and ""Reel Families"" free family movie screenings at noon","A recurring, already-scheduled free family event series on a 10-acre outdoor campus is the ideal foam-party host; they program monthly, so this is a repeatable booking rather than a one-off.",https://www.artinlee.org/artlab/,summer and day camps,Fort Myers,47
Fort Myers,summer and day camps,5,,Grace Community School — Fort Myers,239-334-3325 (Fort Myers campus); 239-997-3727 (North Fort Myers campus),unknown,unknown,https://www.gracecommunityschools.com/programs/summer-camp,"Multi-campus operator (Fort Myers, North Fort Myers, Cape Coral, Lehigh Acres, Gateway, Bonita Springs, Naples); summer camp for ages 1–11 running ten weekly sessions June 1 through Aug 7","Very strong and explicit — ""Every week has a fun theme like Pirate Week, Hawaii Week, Carnival Week, and Super Hero Week,"" with ""theme weeks, parties, dress-up days, bounce houses, Water Wednesdays, water slides, and spirit days""","They already rent bounce houses and run water-based Wednesdays — a foam party is a direct swap-in for an existing, already-funded line item, and a good result at one campus can replicate across six more.",https://pages.gracecommunityschools.com/summer-camp/,summer and day camps,Fort Myers,34
Fort Myers,summer and day camps,5,,Lee County Parks & Recreation — Summer Camp,239-533-7275,unknown,unknown,https://www.leegov.com/parks/programs/summer,"County-wide program, 8 weeks (June 8 – Aug 2), $85/child/week, traditional K-5th, middle school, specialty and special-needs camps across many recreation centers including Wa-Ke Hatchee in Fort Myers, North Fort Myers, Estero and Veterans Park","Camp described as providing ""an array of activities throughout the summer,"" with ""Sno Cone Day is always a camper favorite"" — they already budget for and run novelty treat/activity days for campers","Largest multi-site camp operator in the market, already buys special activity days, and a county budget comfortably covers the $649 Commercial/Camps package per site — one contract can seed several locations.",https://www.wgcu.org/human-interest/2026-02-27/lee-county-parks-recreation-opens-summer-camp-registration,summer and day camps,Fort Myers,21
Fort Myers,summer and day camps,5,,The Heights Foundation / The Heights Center,239-482-7706 (Heights Center); 239-887-3607 (Foundation),unknown,unknown,https://heightsfoundation.org/summer-camp/,"15570 Hagie Drive, Fort Myers 33908; summer camp reported engaging 160 children across the summer; the Center also hosts weddings, professional meetings and musical events","Strong — ""4ourth Friday celebrations bring together hundreds of Harlem Heights community members for fun and fellowship each month,"" and the Center is described as ""a resource for family strengthening, lifelong learning, and community celebration""","A nonprofit that already runs a monthly, hundreds-strong outdoor community celebration plus a 160-child summer camp — two separate booking occasions, and they have a facility-rental/events budget line.",https://heightsfoundation.org/center/,summer and day camps,Fort Myers,60
Fort Myers,summer and day camps,4,,Boys & Girls Clubs of Lee County,239-334-1886 (main office); 239-922-5202 (Park Meadows club),unknown,unknown,https://bgclee.org/,"Multiple clubs across Lee County (Park Meadows at 1900 Park Meadows Dr, Renaissance Preserve at 1633 Joust St, Pueblo Bonito, Challenger Middle School, Lehigh Acres, Varsity Lakes Middle School); summer camp June 8 – July 31, 7:30 a.m.–6 p.m., ages 6–18, $69/week, meals provided","Moderate-strong — summer program explicitly includes ""guest speakers, health and wellness classes, service-learning projects, sports & recreation, and field trips,"" i.e. a recurring calendar of outside-vendor and off-site activity days","Six sites, long camp days needing programming, and an established pattern of bringing in outside activities; a nonprofit with sponsor funding can support the $649 Commercial/Camps tier, and one approval unlocks several locations.",https://bgclee.org/our-clubs/,summer and day camps,Fort Myers,73
Fort Myers,summer and day camps,4,,City of Fort Myers — S.T.A.R.S. Complex Summer Camp,239-321-7545,stars@fortmyers.gov,unknown,https://fortmyers.gov/1551/STARS-Camp-Programs,"2980 Edison Ave, Fort Myers 33916; municipal facility serving the Dunbar community 25+ years; summer camp ages 6–14, $100–$250 per child plus $15 registration, running through Aug 1, 2026, with lunch and snacks via Lee County School District for six weeks","Moderate — the complex runs ""structured arts and cultural programming, organized athletics, and after school and summer camp programs,"" offers camps timed to school holidays, and rents its facilities for ""birthday parties, anniversaries, family reunions and more""",A city-run camp with a real programming budget and a large outdoor/athletic footprint; the fact they host outside parties on-site means the logistics conversation is already familiar to staff.,https://fortmyers.gov/1551/STARS-Camp-Programs,summer and day camps,Fort Myers,86
Fort Myers,summer and day camps,4,,Coast Elite Gymnastics Academy — Summer Camp,239-936-8467,info@coastelite.com,unknown,https://www.coastelite.com/,"6360 Arc Way, Fort Myers 33966; eleven consecutive weekly summer camps running through the first week of August","Strong — ""eleven weekly summer camps with different themes""; each camp day includes gymnastics instruction, a 35' trampoline, a foam pit, games and crafts","Eleven distinct themed weeks each need a marquee activity, and a business that already sells a ""foam pit"" as a headline feature understands the appeal — an outdoor foam party is an easy upsell for theme days.",https://www.fox4now.com/tasteseeswfl/coast-elite-gymnastics-offers-weekly-themed-summer-camp-in-fort-myers,summer and day camps,Fort Myers,112
Fort Myers,summer and day camps,4,,Evangelical Christian School — Camp Eagle,239-936-3319,unknown,unknown,https://goecs.org/summer-camps/,"8237 Beacon Blvd, Fort Myers 33907; described as the largest private school in Southwest Florida with 1,600+ students preschool–12; Camp Eagle day camp open to the public, rising PK–6th, June 1 – July 31, 9 a.m.–3 p.m.","Strong — ""each week holds a different theme of fun,"" and ""ECS campers will participate in a wide variety of activities, including field trips on Tuesdays, Wednesdays and Thursdays to various attractions throughout the summer""",Weekly theme structure plus a three-days-a-week field trip habit means they already spend on outside activity vendors; large private-school enrollment supports the Deluxe or Commercial tier.,https://goecs.org/summer-camps/,summer and day camps,Fort Myers,99
Fort Myers,summer and day camps,3,,Calusa Nature Center & Planetarium — Summer Camps,239-275-3435,Admin@calusanature.org,unknown,https://www.calusanature.org/calusa-summer-camps,"3450 Ortiz Ave, Fort Myers 33905; nonprofit on 105 acres with museum, planetarium, three nature trails, butterfly house and raptor aviary; summer camps grades 1–8, June through August","Moderate — camps are individually themed weeks marketed as public ticketed events (Enchanted Forest, Wild Florida, Wildcraft, Stargazers & Trailblazers, Outdoor Survival), plus a public events calendar; no specific party/field-day evidence confirmed","105 acres of open ground and a themed-week camp model fit a mobile foam setup well, and they clearly sell event-style programming — but the ""we hire party vendors"" signal is not yet proven.",https://www.calusanature.org/calusa-summer-camps,summer and day camps,Fort Myers,151
Fort Myers,summer and day camps,3,,City of Fort Myers Parks & Recreation — Camp Programs,239-321-7530,recreation@cityftmyers.com,unknown,https://fortmyers.gov/1751/Camp-Programs,City-wide recreation division running camps at multiple facilities including the Fort Myers Skatium and Riverside Community Center,"Moderate — camps span ""everything from ice skating to traditional playground fun"" across several city facilities, and the division separately operates facility rentals; specific event days not confirmed","Multiple municipal camp sites and a recreation budget make this a realistic $649 booking, but specific event or theme-day programming is unconfirmed — treat the first call as discovery.",https://fortmyers.gov/1751/Camp-Programs,summer and day camps,Fort Myers,125
Fort Myers,summer and day camps,3,,YMCA of Southwest Florida — Fort Myers YMCA Summer Camp,239-275-9622,info@ymcaswfl.org,unknown,https://www.ymcaswfl.org/summer-camp-information,"Fort Myers branch at 1360 Royal Palm Square Blvd, 33919; summer camp at four Lee County locations, June 1 – Aug 7, ages 5–15; association spans Bonita Springs, Bradenton, Englewood, Fort Myers, Port Charlotte, Sarasota, Punta Gorda and Venice","Weak/unconfirmed — camps described as ""reimagined for children to explore, discover, and challenge themselves""; Fort Myers camp includes swimming and team-building, but no specific evidence of theme days, field days or family nights","Four Lee County sites and a large regional association make this a high-value target, but event-day programming could not be verified, so the event case is inferred from camp scale rather than proven.",https://www.ymcaswfl.org/summer-camp-information,summer and day camps,Fort Myers,138
Fort Myers,summer and day camps,2,,Canterbury School — Summer Programs,239-481-4323 (main); 239-671-3727 (Auxiliary Programs),summer@canterburyfortmyers.org,"Rita Salgado, Director of Auxiliary Programs",https://summer.canterburyfortmyers.org/,"8141 College Parkway, Fort Myers 33919; summer programs June 2 – Aug 1 for Pre-K4 through 12th grade, spanning academic, athletic and specialty camps; member of the national SPARC summer-programs collaborative","Weak — marketing mentions ""hands-on specialty camps, high-energy sports, and engaging academic programs,"" but a targeted search for water days, field days or theme weeks turned up nothing specific","Strong budget and a named, reachable auxiliary-programs decision maker, but no verified evidence they run the kind of event a foam party plugs into — held at 2 until an event signal is confirmed.",https://summer.canterburyfortmyers.org/camp-programs,summer and day camps,Fort Myers,164
Fort Myers,summer and day camps,2,,IMAG History & Science Center — Summer Camps,239-243-0043,unknown,unknown,https://theimag.org/,"2000 Cranford Ave, Fort Myers 33916; regional children's science museum running week-long camps for rising 1st–8th graders in three age bands","Weak — ""all-new immersive one-week camps"" is the only programming detail verified; no specific evidence of parties, field days or family nights","Well-funded attraction with a real camp operation, but the event evidence is unproven — worth a discovery call about end-of-camp celebrations rather than a direct pitch.",https://theimag.org/,summer and day camps,Fort Myers,177
Cape Coral,apartment and condo communities with event staff,4,,Bella Vida at Entrada Homeowners Association,(239) 543-3458,unknown,"HOA office, 3410 Malagrotta Circle, Cape Coral 33909; clubhouse at 3427 Malagrotta Circle",unknown (two conflicting URLs surfaced — mybellavidahoa.com and bellavida-hoa.com; neither independently verified),"Large master-planned family community within the broader Entrada development; explicitly family-friendly, not age-restricted","Waterfront clubhouse with ""frequently planned events""; the HOA organizes fitness classes, book clubs, seasonal events, BBQs and holiday celebrations. Kids' pool on site.",A dedicated waterfront clubhouse plus a documented pattern of recurring HOA-run social events and a kids' pool. Verify the correct website on the call — two conflicting addresses are in circulation.,https://www.searchcapecoralhomes.com/blog/bella-vida-cape-coral/,apartment and condo communities with event staff,Cape Coral,2255
Cape Coral,apartment and condo communities with event staff,4,,Coral Lakes Community Association,(239) 242-6344,unknown,"HOA office, 1500 Coral Lakes Blvd, Cape Coral 33909",https://www.ourcorallakes.com/,"250+ acre gated master-planned community with single-family homes, villas and townhomes; explicitly family-friendly with playground and basketball court; not age-restricted","Community calendar described as filled with events ""tailored to residents of all ages,"" including holiday celebrations, movie nights, fitness classes and seminars.",Verified family-oriented programming with an all-ages events calendar and kid amenities already on site — a receptive audience and an HOA office with a published phone.,https://www.ourcorallakes.com/,apartment and condo communities with event staff,Cape Coral,2242
Cape Coral,apartment and condo communities with event staff,4,,Sandoval Community Association,(239) 282-5525,unknown,"Administrative Office, 2573 Sandoval Pkwy, Cape Coral 33991 (activities director role confirmed, name not published)",https://www.livesandoval.com/,"Large master-planned single-family HOA community, thousands of homes; mixed ages and family-skewing, not age-restricted","HOA-run activity director publishes a monthly calendar of events for all ages, including wine tastings, fitness classes and holiday celebrations; community center on site.","Confirmed on-staff activities coordination, a recurring published calendar, a community center and a large resident base. The events role is the buyer — ask for the activities director by title.",https://www.livesandoval.com/community-center,apartment and condo communities with event staff,Cape Coral,2229
Cape Coral,apartment and condo communities with event staff,3,,The Cove at 47th,unknown,unknown,Leasing office (developed/managed by Flaherty & Collins Properties),https://coveat47th.com/,"292-unit luxury apartment community (studio-2BR), opened September 2024, downtown mixed-use; young professional and family mix, not age-restricted","Clubhouse explicitly positioned for ""hosting events, meeting neighbors,"" plus rooftop lounge, fire pits, and stated ""planned social events"" for residents.","Sizable new rental community with dedicated event-hosting space and a professional multifamily operator behind it, but no named lifestyle-director role or specific event calendar was found, and a studio-heavy unit mix suggests fewer kids.",https://coveat47th.com/,apartment and condo communities with event staff,Cape Coral,2281
Cape Coral,apartment and condo communities with event staff,3,,Village at Entrada Homeowners Association,unknown,unknown,HOA board/property manager via TownSq portal,https://villageatentrada.sites.townsq.io,"721 homes, gated, D.R. Horton-built master-planned community in NE Cape Coral; family-oriented with splash pad, playground, tennis and pickleball","Amenity center with a clubhouse ""social hub,"" splash pad, and a community described as offering ""numerous community events throughout the year""; no specific recurring calendar verified.","Large family-skewing community with a splash pad and clubhouse built for gatherings — the splash pad proves the audience buys water play. Event evidence is marketing language rather than a verified program, and no direct phone was found.",https://www.aboveboardchamber.com/press-releases/amenity-center-now-open-at-d-r-hortons-entrada-community/,apartment and condo communities with event staff,Cape Coral,2268
Cape Coral,apartment and condo communities with event staff,2,,Cape at Savona Point,unknown,unknown,"Leasing office, 1730 Savona Point Cir, Cape Coral 33914",https://www.thecapeatsavonapoint.com/,320-unit four-story rental complex in SW Cape Coral; family/mixed-age amenity mix with playground and picnic areas; not age-restricted,"Large clubhouse, tiki hut, game area, and playground/picnic areas indicate event capacity, but no specific events calendar or lifestyle-staff role was found.","One of the larger rental complexes in Cape Coral with genuinely good physical space for a foam party, but no verified evidence of an active resident-events program. Qualify by phone.",https://www.thecapeatsavonapoint.com/cape-at-savona-cape-coral-fl/,apartment and condo communities with event staff,Cape Coral,2294
Cape Coral,apartment and condo communities with event staff,2,,Vantage Apartments,(844) 424-8209,unknown,"Leasing office, 3050 Steeple Circle, Cape Coral 33909",https://www.apartments-capecoral.com/,"292 units, built 2025; standard garden-style family/mixed-age rental community, not age-restricted","""Vibrant social spaces"" cited in marketing; no specific named events, calendar, or lifestyle-director role found.","Large new-build rental with social common areas, but the only evidence is marketing language — no actual resident-events program verified.",https://www.apartments-capecoral.com/,apartment and condo communities with event staff,Cape Coral,2307
Cape Coral,birthday party venues,5,,Saddlewood Horse Club (CapeHorses.com),(239) 738-9300,unknown,unknown,https://capehorses.com/,Working horse boarding and riding facility at 16111 Saddlewood Ln,"Published birthday party pricing — flat rate for up to 10 kids ($15 per additional child), ~45 minutes riding with two ponies/horses and handlers, plus an add-on animal interaction option (mini goats, mini horses, ""snuggle bunny"").","Outdoor ranch setting with open pasture is an excellent physical fit for foam, and they already sell structured, priced party packages with optional add-ons — foam slots in as another add-on tier rather than competing with anything they offer.",https://capehorses.com/birthday-parties,birthday party venues,Cape Coral,2322
Cape Coral,birthday party venues,4,,Gator Mike's Family Fun Park,(239) 574-4386 (party bookings line reported as 239-699-2794),pr@gatormikes.com,"unknown (a dedicated ""party host"" role is referenced)",https://gatormikes.com/,"20-acre family entertainment complex at 35 NE Pine Island Rd, operating since 1992. Formerly Mike Greenwell's Bat-A-Ball & Family Fun Park.","Multiple published birthday packages (""Grand Slam"" and ""Home Run"") starting at $28.99/guest with a 10-guest minimum, a dedicated party host and reserved arcade-lounge space.","20 acres with real outdoor attractions (mini golf, go-karts, climbing wall) gives genuine room for foam, and they already sell tiered party packages — foam is a natural premium upsell tier. Published business email is a clean entry point.",https://gatormikes.com/parties-events/birthday-parties/,birthday party venues,Cape Coral,2335
Cape Coral,birthday party venues,3,,Saddlewood Hall,unknown,unknown,unknown,unknown,"Rustic event hall accommodating up to 75 guests; appears to be on or near the same Saddlewood Ln property as Saddlewood Horse Club, unconfirmed","Third-party venue listing names it a venue for ""wedding receptions, birthday parties, and more.""","Barn/hall venues of this type usually have adjoining lawn space that suits foam, and the likely co-location with Saddlewood Horse Club (fit 5) means one site visit covers both. Only source is a listing aggregator, so packages and outdoor capacity are unconfirmed.",https://www.eventective.com/cape-coral-fl/saddlewood-hall-768955.html,birthday party venues,Cape Coral,2361
Cape Coral,birthday party venues,3,,Sun Splash Family Waterpark (party packages),(239) 574-0558,unknown,unknown,https://sunsplashwaterpark.com/birthday-parties/,"City-owned regional waterpark; party area, reserved cabanas, catering add-ons, group discounts","Dedicated Birthday Parties page advertising a party area, gift bags, ice cream vouchers, reserved cabanas, catering add-ons and group discounts, plus a separate Group Events page.","Cross-listed with the parks record. Real party infrastructure and pool-deck space, but as a municipal water attraction they are the nearest substitute for foam in the city — pitch as a dry-side add-on to cabana and group packages, not as a straightforward buyer.",https://sunsplashwaterpark.com/birthday-parties/,birthday party venues,Cape Coral,2348
Cape Coral,birthday party venues,2,,Cape Coral History Museum,(239) 772-7037,unknown,unknown,https://capecoralmuseum.org/,Small local history museum operated by the Cape Coral Historical Society,"No published birthday-party packages, pricing or booking page found — only a general Events page. Birthday-party use is unconfirmed.","No evidence this venue hosts birthday parties as a service, and likely indoor-only exhibit space, which is a weak physical fit for foam even if they added party rentals. Confirm by phone before treating as a lead.",https://capecoralmuseum.org/events/,birthday party venues,Cape Coral,2374
Cape Coral,breweries and food truck parks that host family events,5,,Slipaway Food Truck Park & Marina,unknown,unknown,unknown,https://slipawaycape.com/,"3.1-acre waterfront site at 1811 Cape Coral Parkway E, 10 food trucks, 120 dedicated onsite parking spaces plus overflow and a weekend shuttle — a substantial purpose-built venue","Explicitly described as ""family-friendly outdoor fun and entertainment""; recurring signature events include the Sip & Shop Night Market and Wags on the Water, plus daily live music and an inaugural Fourth of July Bash planned as an annual celebration.","The best venue fit in Cape Coral. A purpose-built outdoor waterfront site marketing itself as family-friendly, with an active recurring events calendar and 3+ acres of open ground. Newer venue still building its calendar, which makes them more receptive to a new attraction.",https://www.capecoral.gov/edo/slipaway.php,breweries and food truck parks that host family events,Cape Coral,2724
Cape Coral,breweries and food truck parks that host family events,4,,Cape Coral Brewing Company,unknown,unknown,unknown,unknown,"Established local craft brewery and taproom, described as a rising presence in the local craft beer scene","Trivia nights, live music and jam sessions, rotating food trucks on site, outdoor dog-friendly seating with life-size Jenga, Connect Four, cornhole, board games and a free book library.","Confirmed outdoor seating, games and a recurring events cadence, plus an explicit dog-friendly policy suggesting a casual family-tolerant atmosphere. Held at 4 rather than 5 because no large lawn or published family-day calendar was confirmed, and no direct contact details were found.",https://www.tripadvisor.com/Attraction_Review-g34118-d8649122-Reviews-Cape_Coral_Brewing_Company-Cape_Coral_Florida.html,breweries and food truck parks that host family events,Cape Coral,2737
Cape Coral,breweries and food truck parks that host family events,2,,Botanical Brewing Company,unknown,unknown,unknown,unknown,Listed as an active Cape Coral brewery; no further detail available from sources found,"Unknown — no events calendar, outdoor space or family-friendly policy could be confirmed.","Confirmed to exist as a Cape Coral brewery, but no evidence of an outdoor area or family events was found. Capped at 2 per the scoring rule. Needs direct site or social verification before outreach.",https://www.tripadvisor.com/Attraction_Review-g34118-d23178860-Reviews-Botanical_Brewing_Company-Cape_Coral_Florida.html,breweries and food truck parks that host family events,Cape Coral,2750
Cape Coral,breweries and food truck parks that host family events,1,,Big Storm Brewery — Cape Coral location,unknown,unknown,unknown,unknown (bigstormbrewery.com — current status of this location unconfirmed),"Former taproom at 4721 SE 10th Pl, Cape Coral with 16 taps, full kitchen, pool table, cornhole and TVs","Historically ran live music Thursday-Saturday, Tuesday and Thursday trivia, Sunday open mic, private tours/tastings and catered events.","CLOSED — firmed up in Round 3. A later pass found every Florida Big Storm listing (Cape Coral, Clearwater, Odessa, Tampa) marked closed as of 2026, and no Naples location ever existed. Recorded so it is not re-researched. Do not contact.",https://www.yelp.com/biz/big-storm-brewery-cape-coral-3,breweries and food truck parks that host family events,Cape Coral,2763
Cape Coral,breweries and food truck parks that host family events,1,,Rack'em Spirits & Times,(239) 540-7225,unknown,unknown,unknown,"Bar, live-music venue and pool hall at 1011 SE 47th Ter, Cape Coral","Regular live original-music bookings (6-12 bands on weekends), but promotions are adult-oriented — Ladies Night, $1 domestic drafts, cigars, full liquor bar.",Not actually a brewery — a billiards and cigar bar with a nightlife-focused 21+ crowd and no family or outdoor-lawn signal. Poor fit; listed to close the loop on a name that appears in brewery directories.,https://www.yelp.com/biz/rackem-spirits-and-times-cape-coral,breweries and food truck parks that host family events,Cape Coral,2789
Cape Coral,breweries and food truck parks that host family events,1,,Scotty's Bierwerks,unknown,unknown,unknown,https://www.scottysbierwerks.net/,"Was described as ""Cape Coral's last brewery,"" at 901 East Industrial Cir.; operated nine years","Historically strong — Trunk or Treat, Charity Bingo, food truck Fridays, weekly trivia, yoga, happy hours and a published event schedule.",CLOSED permanently as of November 2025 per local news coverage. Historically an excellent fit; recorded here only so it is not re-researched in a later pass. Do not contact.,https://www.winknews.com/news/lee/cape-corals-last-brewery-scottys-bierwerks-closes-after-9-years/article_f33b986f-77d2-4d9b-9cd4-9e159d460694.html,breweries and food truck parks that host family events,Cape Coral,2776
Cape Coral,church youth programs,5,,Crosspoint Christian Church,(239) 574-1422,unknown,unknown,https://www.crosspointcape.com/,"Three Sunday services (8:30, 10:00, 11:30 AM) at 204 SW 11th Pl; separate Middle School (Tue 6:30-8pm) and High School (Sun 6:30-8:30pm) ministries","""Crosspoint Church Trunk or Treat Fall Festival"" at 204 SW 11th Pl, 4-7pm — free family event featuring Trunk or Treat, inflatables, games and food trucks.","They already rent inflatables and book food trucks for a free public family festival — foam is the same purchase from the same budget line, and the event format is a direct match.",https://fun4fortmyerskids.com/calendar/eventdetail/30172/-/crosspoint-church-trunk-or-treat-fall-festival,church youth programs,Cape Coral,1799
Cape Coral,church youth programs,5,,Grace Church — Cape Coral Campus,(239) 574-7161,info@egracechurch.com,unknown (youth pastor name not published),https://www.egracechurch.com/cape/,Multi-site congregation with three SWFL campuses; Cape Coral campus at 13 SE 21st Place with two Sunday services (9:30am and 11am),"Dedicated ""Vacation Bible School 2026 - Cape Campus"" page, plus a separate VBS page for the Shores campus; weekly student ministry — ""Revolution"" for middle and high schoolers Wednesdays 6:30pm and a Middle School Gathering Sundays 11am.","Large, well-resourced multi-campus church with staffed youth ministry and an actively promoted annual VBS. Same organization as the Fort Myers Central campus already on this list — one relationship, three campuses.",https://www.egracechurch.com/vbs/,church youth programs,Cape Coral,1786
Cape Coral,church youth programs,4,,Cape Coral First United Methodist Church,(239) 542-4051,admin@capecoralfirst.org,unknown,https://capecoralfirst.org,Traditional (8:45am) and Contemporary (11am) Sunday services at 4118 Coronado Pkwy,"""Cape Coral First Methodist Church Fall Festival & Trunk or Treat,"" 4118 Coronado Pkwy, 4-7pm, listed on the Cape Coral Living Magazine community events calendar.","Established church with a specific, currently-listed fall festival that draws families, plus a published office email for outreach.",https://www.capecorallivingmagazine.com/events/273598/trunk-treat-event,church youth programs,Cape Coral,1812
Cape Coral,church youth programs,4,,First Cape Church,(239) 542-3703,unknown,unknown,https://firstcape.org,Southern Baptist congregation at 4117 Coronado Pkwy with a separate youth/children's building on SE 41st Terrace; two Sunday services including a Spanish-language service at 11:45am,"VBS ""What a Mess!"" scheduled June 16-20, 9am-12pm, $10 registration opening March 1, including a t-shirt.","Specific, dated, currently-promoted VBS with registration mechanics and a dedicated children's facility. The ""What a Mess!"" theme is an unusually direct hook for a foam pitch.",https://firstcape.org/vbs/,church youth programs,Cape Coral,1851
Cape Coral,church youth programs,4,,First Christian Church — Cape Coral,unknown,unknown,Pastor Keith Kruger; Pastor Gary Jones (youth pastor name not confirmed),https://www.firstchristiancc.com,2620 Country Club Blvd; multiple pastoral/ministry staff listed including a Creative Arts Pastor and a Children's Director,"""First Christian Church of Cape Coral Fall Festival + Trunk or Treat"" listed as a specific community event, plus a dedicated youth ministry page with weekly worship, teaching and games.",Confirmed fall festival plus a staffed children's and youth structure. No phone found — start through the staff page.,https://fun4fortmyerskids.com/calendar/eventdetail/29528/17/first-christian-church-of-cape-coral-fall-festival-trunk-or-treat,church youth programs,Cape Coral,1838
Cape Coral,church youth programs,4,,New Hope Church (Family Worship Center),(239) 573-1370,unknown,"Pastor Matt Irvin, Youth Group leader",https://www.newhopecapecoral.com,Baptist congregation with two Sunday services (9:30 and 11am) at 431 Nicholas Pkwy East; standalone youth ministry page,"VBS confirmed Monday-Friday, July 14-18, 9am-noon, for ages preschool through 5th grade; weekly Youth Group Sundays 9:30am and Wednesdays 6-8pm.",Specific dated VBS with a defined age range plus an active weekly youth program under a named pastor. A mid-July morning VBS in Cape Coral is prime foam weather; Classic or Deluxe fits a single VBS day.,https://www.newhopecapecoral.com/vacation-bible-school,church youth programs,Cape Coral,1825
Cape Coral,church youth programs,3,,City First Church — Cape Coral,(239) 458-0813,unknown,"Jason and Bianca Callahan, Location Pastors",https://www.cityfirst.church/locations/cape-coral/,Part of the multi-location City First Church network; 121 Del Prado Blvd S with dedicated youth-night programming,"Weekly Youth Nights for 6th-12th graders Wednesdays 6:30pm, with a separately branded ""City First Youth Cape Coral"" presence. The parent brand has historically run a Fall Festival with inflatables and food trucks, but the specific listing found dates to 2017 — a current-year event was NOT confirmed.","Named on-site leadership and an active youth ministry are strong signals, but the large-event evidence is stale. Call to verify this year's fall calendar before pitching.",https://www.cityfirst.church/locations/cape-coral/,church youth programs,Cape Coral,1864
Cape Coral,church youth programs,2,,Cape Coral Community Church,(239) 574-1148,info@capecoralchurch.com,unknown,https://capecoralchurch.com,"811 Santa Barbara Blvd; two Sunday services (9am and 10:45am); branded ""C4 Youth Group"" with its own page","C4 Youth Group meets weekly Wednesdays 6:30pm and is described as involved in community clean-up projects; no dated festival, VBS or trunk-or-treat was found.","Real, active, named youth ministry with a published office email, but no specific large-event evidence surfaced. Worth a call to ask about VBS and fall plans.",https://capecoralchurch.com/youth/,church youth programs,Cape Coral,1877
Cape Coral,church youth programs,2,,Cape Vineyard Community Church,(239) 549-8075,info@capevineyard.com,unknown,https://capevineyard.com,"923 SE 47th Terrace; dedicated ""NOVA Student Ministry"" for 6th-12th graders","NOVA meets weekly Wednesdays 6-8pm and the church maintains a general events page, but no specific VBS, trunk-or-treat or fall festival listing was found.","Confirmed dedicated student ministry with a published email, but no dated event evidence. Check their events page directly before pitching.",https://capevineyard.com/nova,church youth programs,Cape Coral,1890
Cape Coral,church youth programs,2,,Providence Christian Church (PCA),unknown,peter@providencecapecoral.com,"Rev. Peter Stonecipher, Youth Activities contact",https://providencecapecoral.com,"701 Mohawk Pkwy; runs separate boys' and girls' youth group meetings in named rooms of an Education Building, indicating a facility built out for youth ministry","Only weekly youth group meetings were confirmed; no VBS, festival or trunk-or-treat was found.","A named staff contact with a published organizational email is a real lead, but there is no confirmed large-event evidence. Approach as a direct inquiry rather than an event-based pitch.",https://providencecapecoral.com/meet-our-team/,church youth programs,Cape Coral,1903
Cape Coral,country clubs,4,,Cape Coral Yacht Club (club membership side),(239) 574-0806,ccpks@capecoral.gov,unknown,https://www.capecoral.gov/departments/parks_recreation/yacht_club_community_park.php,"City-operated waterfront club at 5819 Driftwood Pkwy functioning as the city's athletic/social club, with annual and semi-annual membership passes granting facility access — beach, marina, pool, tennis/racquetball, ballroom and pavilion","Daddy-Daughter Dance (annual, January), Kids Fishing Derby (annual, September), family-friendly Concert in the Park series, swimming lessons, birthday party packages, playground and shuffleboard beside the pool.","Not a traditional private club, but it is the closest thing Cape Coral has to one and it carries by far the clearest documented family and kids event history of any club-type venue in the city. Cross-listed with the parks record above — one contact, two angles. Same Hurricane Ian reconstruction caveat applies.",https://www.capecoral.gov/departments/parks_recreation/yacht_club_community_park.php,country clubs,Cape Coral,2162
Cape Coral,country clubs,2,,Cape Royal Golf Club,(239) 283-5522,unknown,unknown,https://www.caperoyalgolfclub.com/,"Semi-private 27-hole Gordon Lewis course at 11460 Royal Tee Cir, managed under Troon, with clubhouse grill/lounge (The Caloosa Club), pro shop, pub and tennis; social and golf memberships. This is the successor/rebrand of the former Royal Tee Golf Club at the same address, which is now listed as closed.","Membership includes ""invites to special events""; community activities include a bocce league, euchre club and summer bowling league; the separate Cape Royal HOA hosts ""fun events throughout the year and holiday parties."" No kids or family event evidence found.","Active golf community with a real events calendar and a separate HOA that also programs events, but all documented activity is adult. The HOA is arguably the better door than the club.",https://www.caperoyalgolfclub.com/,country clubs,Cape Coral,2188
Cape Coral,country clubs,2,,Palmetto-Pine Country Club,(239) 574-7262,info@palmettopinecc.com,unknown,https://palmettopinecc.com/,"Equity-owned private club since 1969; full-service restaurant, bar, banquet facilities seating up to 225; 18-hole course in the Trafalgar Woods neighborhood","Year-round social calendar including an annual ""Parking Lot Party,"" cornhole tournaments, dinner/dancing evenings, themed parties and holiday events, plus bocce, Bridge, Poker and Mah Jongg groups. No kids or family programming found — activities skew adult.","A real private club with active social programming, banquet capacity and a published email, but every documented event is adult-oriented. Worth one call to ask whether they run a grandkids or family season; do not lead with a kids' pitch.",https://palmettopinecc.com/,country clubs,Cape Coral,2175
Cape Coral,country clubs,1,,Coral Oaks Golf Course,(239) 573-3100,amanguson@capecoral.gov (events); coraloaks@capecoral.net (general),unknown,https://www.coraloaksgolf.com/ (city page: capecoral.gov/coraloak),"City of Cape Coral-owned 18-hole championship course, renovated 2017, with driving range, practice areas and the Knickers Pub restaurant. Not a private membership club.","Hosts a Pro-Am and City Championship Tournament (October), charity golf events and PGA-led Golf School sessions. No family or kids non-golf programming found.",Municipal golf facility whose entire event calendar is adult golf tournaments. Listed for completeness; there is a published events email if a family day ever appears on their calendar.,https://www.capecoral.gov/coraloak/course_news/upcoming_events/index.php,country clubs,Cape Coral,2201
Cape Coral,country clubs,1,,Hunters Run Executive Golf Club,(239) 574-4454,unknown,unknown,https://www.huntersrungolf.com/,"Small family-owned 9-hole executive course at 1006 SE 4th Pl, established 1961; no membership program, first-come-first-play, snacks and beer only",None found.,"A casual public executive course rather than a club with member programming. No events, no membership, no budget line. Deprioritize.",https://www.huntersrungolf.com/,country clubs,Cape Coral,2214
Cape Coral,festival and community event organizers,5,,"Red, White & BOOM! (City of Cape Coral)",(239) 573-3123,specialevents@capecoral.gov,City of Cape Coral Special Events Division,https://www.capeboom.com/,"City-produced Independence Day celebration on Cape Coral Parkway at the Cape Coral Bridge; 60+ vendor booths, a main stage and a ticketed VIP ""Boom Zone""","Annual July 4th event, 5-10pm, free general admission, including ""Kids Patriot Park"" with rides, a climbing wall, obstacle courses and face painting; fireworks at 9:30pm. Next confirmed date July 4, 2026.","An explicit, confirmed kids' zone with rides and obstacle courses inside a large free city festival that already runs a 60+ vendor program. They contract kids' attractions annually — foam is the same purchase. Peak July heat makes the pitch obvious.",https://www.capeboom.com/home,festival and community event organizers,Cape Coral,2618
Cape Coral,festival and community event organizers,4,,Chamber of Commerce of Cape Coral,(239) 549-6900,unknown (Farmers Market vendor inquiries: cso@capecoralchamber.com),Claudia St. Onge (Farmers Market vendor coordinator),https://capecoralchamber.com/,"Established chamber at 2051 Cape Coral Parkway E, Cape Coral 33904; operates a business directory, a Business Expo, ribbon cuttings, networking events, and presents community fundraisers","Presents the Priority Business Solutions Freedom 5K & Kid's Fun Run (benefiting Brotherhood of Heroes Resource Center and Museum), operates the Cape Coral Farmers Market, and lists Red White & BOOM! and other community events on its calendar.","An umbrella organization behind several recurring family and fundraiser events with a named, reachable vendor coordinator — a single point of contact that can open the Freedom 5K, the Farmers Market and member-business referrals at once.",https://capecoralchamber.com/contact/,festival and community event organizers,Cape Coral,2631
Cape Coral,festival and community event organizers,4,,Priority Business Solutions Freedom 5K & Kid's Fun Run,"(239) 549-6900 (via presenting organizer, Chamber of Commerce of Cape Coral)",unknown,unknown,https://runsignup.com/Race/FL/CapeCoral/Freedom5KRunWalkKidsFunRun,Presented by the Chamber of Commerce of Cape Coral; proceeds benefit the Brotherhood of Heroes Resource Center and Museum and the Special Operations Communicators Association,Combined 5K run/walk plus a dedicated Kid's Fun Run for children under 12 held after the 5K; all kids receive ribbons and t-shirts.,"A nonprofit-benefit fun run with an explicit, confirmed kids' race component — exactly the family-fundraiser segment worth targeting. A foam finish line or post-race kids' zone is a natural, easily-pictured activation.",https://runsignup.com/Race/FL/CapeCoral/Freedom5KRunWalkKidsFunRun,festival and community event organizers,Cape Coral,2644
Cape Coral,festival and community event organizers,3,,Cape Coral Art Festival,unknown,unknown,unknown,https://capecoralartfestival.com/,"Large juried outdoor arts festival; historical attendance cited as high as 140,000, with the 2026 edition (Jan 10-11) drawing over 87,000; up to 240 artist/crafter booths, $450 booth fee plus $35 application fee",Annual January festival (Cape Coral Art Festival & Market Place) plus a companion virtual festival; vendor applications close in early September with juror notifications in October. No dedicated kids' zone confirmed.,"Very large recurring community festival with an established, priced vendor pipeline, but it skews toward art browsing and shopping rather than confirmed kids' activation space. Worth asking whether they would add a family zone — the attendance justifies it.",https://capecoralartfestival.com/apply/,festival and community event organizers,Cape Coral,2657
Cape Coral,festival and community event organizers,3,,Cape Coral Bike Night,(239) 573-3123 (City of Cape Coral Special Events Division),specialevents@capecoral.gov,unknown,https://www.ccbikenight.com/,"Recurring motorcycle and community street event produced by the City Special Events Division; over a decade running, with a dedicated vendor-application site and designated vendor staging","Multiple dates per year with an active vendor program, but no dedicated kids' zone — the audience skews to an adult motorcycle and bar-district crowd.","Established recurring event with a working vendor pipeline and the same city contact as Red White & BOOM!, but no confirmed family programming. A general vendor-booth opportunity rather than a core fit.",https://www.ccbikenight.com/vendors,festival and community event organizers,Cape Coral,2683
Cape Coral,festival and community event organizers,3,,Cape Coral Farmers Market,(239) 549-6900 x101,cso@capecoralchamber.com,Claudia St. Onge (vendor inquiries),https://capecoralfarmersmarket.com/,Operated by the Chamber of Commerce of Cape Coral; runs multiple recurring market locations including a North Cape Farmers' Market; requires vendor liability insurance naming the Chamber as additional insured,Weekly recurring markets with a formal vendor application and published 2026 policies and procedures.,"Steady weekly family foot traffic with an accessible application process and a named coordinator. Smaller per-day scale than the flagship festivals, so treat it as a low-cost repeat activation rather than one big booking. Note the insurance requirement — have a COI ready.",https://capecoralfarmersmarket.com/contact/,festival and community event organizers,Cape Coral,2670
Cape Coral,festival and community event organizers,3,,German-American Social Club of Cape Coral (Cape Coral Oktoberfest),(239) 283-1400,info@gasc-capecoral.com,unknown,https://www.gasc-capecoral.com/,"Nonprofit social club with its own venue and grounds at 2101 SW Pine Island Rd, Cape Coral 33991; runs a multi-weekend Oktoberfest plus other club events year-round",Cape Coral Oktoberfest held over two fall weekends (Oct 17-19 and Oct 24-26 in the most recent cycle); ticketed with a full entertainment schedule. No kids' zone confirmed.,"A recurring multi-day festival on its own private grounds with a published email — the club owns the site, so no city permit conversation. Primarily an adult beer-garden event, so the ask would be a daytime family session rather than the main event.",https://www.gasc-capecoral.com/,festival and community event organizers,Cape Coral,2696
Cape Coral,festival and community event organizers,3,,"Walk, Wiggle, Wag & 5K Run (Cape Coral Animal Shelter)",unknown,unknown,unknown,https://www.letsdothis.com/us/e/walk-wiggle-wag-5k-run-for-the-cape-coral-animal-shelter-2027-200722,"Annual fundraiser benefiting the Cape Coral Animal Shelter; offers family packages (2 adults plus children 12 and under), indicating deliberate family ticketing","Recurring event (March 22, 2025 and March 21, 2026) combining a timed 5K at 8:00am with a 1-mile family fun walk at 9:30am; family package pricing points to organized family attendance, though no specific kids' zone was confirmed.","A recurring charity fun run with explicit family-package ticketing — plausible for a foam finish or family zone. Organizer contact details were not found, so route through the Cape Coral Animal Shelter directly.",https://www.letsdothis.com/us/e/walk-wiggle-wag-5k-run-for-the-cape-coral-animal-shelter-2027-200722,festival and community event organizers,Cape Coral,2709
Cape Coral,kids gyms and youth sports leagues,5,,Southern Starz Gymnastics (gym programs),(239) 574-0034,unknown,unknown,https://www.southernstarzgymnastics.org/,"""Cape Coral's largest gymnastic facility""; recreational ages 3-15 plus competitive team levels 2-10; 915 SE 14th Pl, Unit 15","Dedicated Summer Camp page, recurring ""Open Gym,"" ""Preschool Open Gym"" and ""Fun Fridays"" events on the local kids-events calendar, plus advertised birthday party packages.","The largest gym in the city with a steady cadence of open-gym nights, camps and birthday parties already on the calendar. Cross-listed with the camps record — one call covers both the camp and the party/open-gym business.",https://www.southernstarzgymnastics.org/,kids gyms and youth sports leagues,Cape Coral,2512
Cape Coral,kids gyms and youth sports leagues,4,,Cape Coral American Little League,"unknown (the 239-573-3128 number that surfaced is the general Cape Coral parks line, not league-specific)",unknown,unknown,https://capeamericanbaseball.com,"Ages 5-12, plays at Koza/Saladino Park — four lighted Little League fields with a concession stand","Confirmed opening-day celebration — the league's own video ""It's OPENING DAY at Cape Coral American Little League"" with ceremony footage.",Direct evidence of a season-kickoff event at a dedicated four-field complex with parking and open grass. Opening day is the pitch; end-of-season is the follow-up.,https://www.capecoral.gov/departments/parks_recreation/parks_facilities/koza_saladino_park.php,kids gyms and youth sports leagues,Cape Coral,2538
Cape Coral,kids gyms and youth sports leagues,4,,Cape Coral Junior Football Association (Cape Jr. Sharks) — Pop Warner football & cheer,unknown — use the website contact form (a volunteer officer's personal cell appears in search results and is deliberately omitted here),unknown,unknown (named volunteer officers found but withheld as personal contact details),https://www.capejr.com/,"50+ year-old nonprofit; football ages 5-14, cheer ages 5-18; practices and home games at 610 Del Prado Blvd behind Caloosa Middle School",Two Cape Coral cheer squads won a Pop Warner national title and travelled to the Pop Warner Globals competition in Atlantic City — evidence of a high-engagement program with season-culminating competitive events.,"Long-running, large Pop Warner program with national-caliber cheer squads, combined football and cheer rosters, and a season that ends in celebration. Strong end-of-season or homecoming-week target.",https://www.winknews.com/sports/two-cape-coral-cheer-teams-win-pop-warner-national-title/article_f1818f5f-dcdd-47ec-ae54-655c2dc1b19b.html,kids gyms and youth sports leagues,Cape Coral,2525
Cape Coral,kids gyms and youth sports leagues,4,,Royal Dynasty Athletics,(239) 549-0827,royaldynastycheer@yahoo.com,"Jason Metevia, Head Coach/Program Director",https://www.royaldynastyathletics.com/,Competitive all-star cheerleading program with team placements and evaluations at 244 Santa Barbara Blvd,Active tryout and evaluation cycle for the upcoming cheer season with a published team-placement process.,"A dedicated all-star cheer gym running a full seasonal cycle from tryouts through competition, with a named director and published business email. Good fit for a season-kickoff or parents'-night-out booking.",https://www.royaldynastyathletics.com/,kids gyms and youth sports leagues,Cape Coral,2551
Cape Coral,kids gyms and youth sports leagues,3,,Cape Coral Soccer Association (Cape Coral Cyclones),(239) 573-3128 (published in search results; not independently verified as league-specific versus the general parks line),unknown,unknown,https://capecoralsoccer.com/,"Recreational plus Select ""Cyclones"" program spanning ages 5-18, reported 25-41 select teams, playing at Pelican Soccer Complex and Trafalgar Fields",Recreational program runs spring and fall seasons with a published team calendar; no specific kickoff or end-of-season party page surfaced.,"Large multi-team club with year-round seasons and a big registration base across two field complexes — the audience is there. Event evidence is a season calendar rather than a named party, so the first call is discovery.",https://capecoralsoccer.com/,kids gyms and youth sports leagues,Cape Coral,2564
Cape Coral,kids gyms and youth sports leagues,3,,Swim Florida ~ Cape Coral (Cape Aquatics),(239) 574-7108,coached@swimcapecoral.com,"Ed Collins, Head Coach",https://www.swimcapecoral.com/,Competitive year-round club with athletes setting team records at championship meets,"Team competes at USA Swimming championship meets with record-setting performances referenced, showing an active competitive calendar, but no explicit party or camp event was confirmed.","Established competitive club with a named coach and published business email — an easy contact. An end-of-season celebration is the natural ask, though water-sport families may see foam as less novel.",https://www.swimcapecoral.com/,kids gyms and youth sports leagues,Cape Coral,2577
Cape Coral,kids gyms and youth sports leagues,3,,Tropical Twisters Gymnastics,"(239) 540-9800 (a second source listed 239-772-FLIP — conflicting, verify)",info@tropicaltwistersgymnastics.com,unknown,https://tropicaltwistersgymnastics.com,"Full-service gym at 307 SW 7th Pl offering recreational classes, competitive team and gym rental","Summer camp (""Fun, Flips & Friends""), holiday and school's-out camps, birthday parties and gym rentals.","Solid camp and party history, but a Yelp listing flags the location as CLOSED and possibly rebranded — verify the business is still operating under this name before outreach. Two conflicting phone numbers add to the uncertainty.",https://www.activityhero.com/biz/35008-tropical-twisters-gymnastics-cape-coral-fl,kids gyms and youth sports leagues,Cape Coral,2590
Cape Coral,kids gyms and youth sports leagues,2,,Cape Coral National Little League (CCNLL),(239) 574-3365,unknown,unknown,https://capenationalyouthbaseball.com/,"Two seasons per year (spring and fall), ages 4-12, multiple teams, own sponsors page, complex at 801 SE 27th St","Spring season January-May with an All-Star tournament track and fall season September-November; no specific opening-day, party or camp page surfaced.","Real, active multi-team league with its own ballpark and a sponsor program — the sponsor page is a possible angle. Capped at 2 because no actual event evidence was confirmed, unlike its sister league Cape Coral American.",https://capenationalyouthbaseball.com/,kids gyms and youth sports leagues,Cape Coral,2603
Cape Coral,municipal parks and recreation,5,,Cape Coral Special Events Division (Parks & Recreation),(239) 573-3123 (a parks listing also shows 239-573-3122 — verify),specialevents@capecoral.gov; seclerk@capecoral.gov (scheduling),"Special Events staff, 1015 Cultural Park Blvd, 2nd floor, City Hall",https://www.capecoral.gov/community/special_events/index.php,Dedicated city division whose sole function is planning citywide special events; administers the city's special event permit process,"""The Cape Coral Special Events Division plans and facilitates a variety of Citywide Special Events throughout the year,"" spanning sports, music, cuisine, motorcycle and cultural festivals and family-friendly entertainment. Direct producer of Red White & BOOM! and Cape Coral Bike Night.","The single best point of contact in Cape Coral. This office both runs the city's flagship events and permits everyone else's, so one relationship opens multiple recurring activations and surfaces every other permitted third-party festival in the city.",https://www.capecoral.gov/community/special_events/special_events_division_.php,municipal parks and recreation,Cape Coral,2024
Cape Coral,municipal parks and recreation,4,,Cape Coral Parks & Recreation — Park Shelter and Pavilion Reservations,(239) 573-3128,ccpks@capecoral.gov,unknown,https://www.capecoral.gov/departments/parks_recreation/park_services/park_shelter_reservations.php,"Multiple city parks with rentable shelters, pavilions and gazebos (Veterans Park pavilion seats ~40); fees $50-$100/day; some shelters have BBQ grills, fans and electricity","City program explicitly for reserving picnic shelters ""for family outings, special events, and gatherings.""","Not a B2B partner but a demand channel — these are cheap, outdoor, publicly bookable pavilions, exactly the setting foam needs. The play is marketing to the families and groups who reserve them, and knowing the fee structure lets you price a package against it.",https://www.capecoral.gov/departments/parks_recreation/park_services/park_shelter_reservations.php,municipal parks and recreation,Cape Coral,2089
Cape Coral,municipal parks and recreation,4,,Cape Coral Yacht Club Community Park,(239) 574-0806,ccpks@capecoral.gov,unknown,https://www.capecoral.gov/departments/parks_recreation/yacht_club_community_park.php,"Historic 1962 waterfront park at 5819 Driftwood Pkwy — public beach, marina/boat launch, fishing pier, tennis/racquetball, heated Junior Olympic pool plus kiddie pool, enclosed beach pavilion and a ballroom. Membership-based annual/semi-annual passes; not age-restricted.","Strongest family-event history in the city — annual Daddy-Daughter Dance (January), Kids Fishing Derby (September), family-friendly Concert in the Park series, monthly Sunset Celebration (first Wednesday, 40-50 vendors, live music, food trucks), swim lessons and birthday party packages. Beach pavilion explicitly used for ""picnics, BBQs, birthday parties and other casual events.""","Deep, specific, recurring family programming plus rentable outdoor pavilion space and water access. IMPORTANT CAVEAT: the facility sustained major Hurricane Ian damage and is undergoing a large reconstruction project — confirm current operating and booking status before investing outreach time.",https://www.capecoral.gov/departments/parks_recreation/yacht_club_community_park.php,municipal parks and recreation,Cape Coral,2050
Cape Coral,municipal parks and recreation,4,,Four Freedoms Park,(239) 574-0804,ccpks@capecoral.gov,unknown,https://www.capecoral.gov/departments/parks_recreation/recreation_facilities/four_freedoms_park/index.php,3.2-acre waterfront park overlooking Bimini Basin with playgrounds for all ages and picnic areas; runs children's programming from birth through age 17,"Site of the annual Cardboard Boat Regatta (April), summer family movie nights, and the Christmas Boat Parade; has a dedicated ""Four Freedoms Events"" city page. Also hosts the ""Camp Horizons"" day camp with water days.","Confirmed recurring family and kids events at a playground-centric waterfront park, and it doubles as a camp site — two ways in through the same city contact.",https://www.capecoral.gov/departments/parks_recreation/recreation_facilities/four_freedoms_park/featured_events.php,municipal parks and recreation,Cape Coral,2063
Cape Coral,municipal parks and recreation,4,,"William ""Bill"" Austen Youth Center",(239) 242-3968,ccpks@capecoral.gov,unknown,https://www.capecoral.gov/department/parks_and_recreationhome/wm_bill_austen_youth_center/index.php,"9,900 sq ft recreation center at 315 SW 2nd Avenue, adjacent to Eagle Skate Park; open Mon-Fri 6:30am-8:00pm","The city's own facility description names youth classes, after-school programs, ""special events,"" and day camps as core year-round programming.","A dedicated youth facility where the city itself lists special events and day camps as standing programming — a direct fit for Classic or Commercial, with a single named phone line.",https://www.capecoral.gov/department/parks_and_recreationhome/wm_bill_austen_youth_center/index.php,municipal parks and recreation,Cape Coral,2076
Cape Coral,municipal parks and recreation,3,,Eagle Skate Park,(239) 574-0490,ccpks@capecoral.gov,unknown,https://www.capecoral.gov/departments/parks_recreation/recreation_facilities/eagle_skate_park/index.php,"~27,000 sq ft skate facility at 315 SW 2nd Ave, one of the largest from Tampa to Miami; open daily with staffed hours","Offers featured events, after-school programs, lessons, contests, ""Skate Camps,"" Bike Days every Wednesday, plus birthday parties and facility rental.","Runs kids' camps and contests and already rents the facility for parties, so the buying motion exists. A concrete skate bowl is a poor foam surface, so any booking would need to run on the adjacent lot or grass.",https://www.capecoral.gov/departments/parks_recreation/recreation_facilities/eagle_skate_park/index.php,municipal parks and recreation,Cape Coral,2115
Cape Coral,municipal parks and recreation,3,,Lake Kennedy Center (Cape Coral Athletic Club),(239) 574-0575,ccpks@capecoral.gov,unknown,https://www.capecoral.gov/departments/parks_recreation/recreation_facilities/lake_kennedy_center/index.php,"City recreation center at Lake Kennedy Community Park, at the entrance to Sun Splash Waterpark; operating since 1990","Offers youth camps including a ""Lake Kennedy Dance Camp,"" themed bingo nights, day trips, fitness/dance classes, and a dedicated LKC Featured Events page.","Confirmed youth camp programming and a dedicated events page, but the center's core focus skews to 50+ adult programming, so the kids' audience is intermittent.",https://www.capecoral.gov/departments/parks_recreation/recreation_facilities/lake_kennedy_center/featured_events.php,municipal parks and recreation,Cape Coral,2128
Cape Coral,municipal parks and recreation,3,,Rotary Park Environmental Center,(239) 549-4606,ccpks@capecoral.gov,unknown,https://www.capecoral.gov/departments/parks_recreation/recreation_facilities/rotary_park_environmental_center/index.php,"City-run environmental park and nature center at 5505 Rose Garden Rd, with a Butterfly House and guided tour programming","Heavy documented annual slate — Burrowing Owl Festival, native/butterfly/edible plant sales, ""Just for Fun Dog Show,"" Doxie Dash, Polynesian Show, Fossil Show, Star Gazing party — plus a listed summer camp and a dedicated events page.","A genuinely busy festival calendar and a summer camp, but the environmental and wildlife focus (butterfly house, resident species) makes soap runoff a likely objection. Ask about that directly before pitching.",https://www.capecoral.gov/departments/parks_recreation/recreation_facilities/rotary_park_environmental_center/featured_events.php,municipal parks and recreation,Cape Coral,2102
Cape Coral,municipal parks and recreation,3,,Sun Splash Family Waterpark,(239) 574-0558,unknown,unknown,https://sunsplashwaterpark.com/,"City-owned 14-acre waterpark at 1105 Cape Coral Parkway East (also listed at 400 Santa Barbara Blvd), operated by Cape Coral Parks & Recreation since 1992; hosts groups from 30 to 3,000; seasonal March-September","Runs recurring branded special events — ""Aqua Theatre Nights"" dive-in movies, the annual Halloween ""Spooky Splash Bash,"" and a canned-food ""Cans Film Festival"" — plus birthday party packages with private cabanas, group/corporate bookings, and its own youth programs (swim lessons, junior lifeguard, ""Splashcateer"" job training for ages 10-15).","Genuinely split verdict. They run a real events calendar and sell party packages, so there is a partnership or cross-promotion path on their non-water event nights. But they are also a full-scale municipal water attraction — the closest thing to a direct substitute for foam in the city. Approach as an event partner for dry-side activations, not as a standard buyer.",https://sunsplashwaterpark.com/special-events/,municipal parks and recreation,Cape Coral,2037
Cape Coral,municipal parks and recreation,2,,City of Cape Coral Procurement Division,(239) 574-0831,eprocurement@capecoral.gov,unknown,https://www.capecoral.gov/departments/financial_services/procurement/index.php,Citywide procurement office serving all departments including Parks & Recreation,None — this office does not run events. It is the vendor-registration gateway for any paid city contract.,"Not a buyer, but the mechanism. The city requires vendor registration and E-Verify enrollment before contracting, so completing this unlocks every city record above. Do this once, before pitching Parks & Rec or Special Events.",https://www.capecoral.gov/departments/financial_services/procurement/vendor_registration_tyler.php,municipal parks and recreation,Cape Coral,2141
Cape Coral,party and event rental companies,5,,Taylor Rental & Creative Events — Cape Coral,(239) 574-4474,unknown,unknown,unknown (Cape Coral branch listed via the Chamber directory; parent site taylorrentalnaples.com appears to cover a different branch — do not assume it is the same storefront),"Cape Coral location at 946 NE Pine Island Rd; part of the multi-location Taylor Rental / Creative Events & Rentals franchise group (Fort Myers HQ at 12090 Metro Parkway, plus a Naples operation). Large-catalog, multi-branch operator — tents, tables, chairs, staging, general equipment.","NO FOAM OFFERING FOUND. Catalog reads as general equipment and party rental, not inflatables, water or foam entertainment.","Same parent group as the top-scoring Fort Myers partner prospect, with a physical Cape Coral branch. Big established rental pipeline, no foam product of their own, and they already staff the tents and tables at exactly the events that want add-on entertainment. Approach the Fort Myers HQ and the Cape branch as one conversation.",https://capecoralchamber.com/business-directory/rentals/creative-events-taylor-rental/,party and event rental companies,Cape Coral,2393
Cape Coral,party and event rental companies,4,,239 Party Rentals LLC,(239) 747-5277,unknown,unknown,http://www.239partyrentals.com/,"1111 SW 37th Ter, Cape Coral 33914; family-owned, open daily 8am-8pm; catalog covers bounce houses, water slides, tables and chairs",NO FOAM OFFERING FOUND in any listing. Long daily hours suggest steady booking volume for an inflatable-focused operator.,Cape Coral-based inflatable and table rental company with no foam product — a plausible referral source when their customers ask for foam and they have nothing to offer. Their water-slide customers are the same buyer as ours.,https://www.yelp.com/biz/239-party-rentals-cape-coral,party and event rental companies,Cape Coral,2406
Cape Coral,party and event rental companies,4,,A and D Party Rental,(239) 763-6016,unknown,unknown,https://adpartyrentalcapecoral.com/,"Cape Coral-based, family-owned, self-described ""premium party equipment"" specialist — tents, tables, chairs; reviews cite on-time setup and clean equipment","NO FOAM OR INFLATABLE OFFERING FOUND — catalog is tent, table and chair focused, which is the wedding and corporate segment that often wants entertainment they do not carry.","A tent-and-table specialist, not an inflatables company, so there is essentially zero channel conflict. They get asked for ""something for the kids"" at family reunions and graduations and currently have no answer.",https://adpartyrentalcapecoral.com/,party and event rental companies,Cape Coral,2419
Cape Coral,party and event rental companies,4,,AB Event Rentals,(941) 539-8070,unknown,unknown,https://www.abeventrentals.com/,"Serves Cape Coral and Fort Myers with a broad catalog — tents, tables, chairs, inflatables, water slides","RESOLVED IN ROUND 5, LEANING PARTNER — see the Fort Myers record for detail. A dedicated pass found no foam product page and no directory describing them as offering foam, contradicting the earlier category-listing sighting.","Upgraded from 3. Same company as the Fort Myers record (14680 S Tamiami Trail #5, Fort Myers), serving Cape Coral through a delivery-area page. Treat as ONE partner conversation covering Fort Myers, Cape Coral, Naples and Estero.",https://www.abeventrentals.com/water-slide-cape-coral-fl/,party and event rental companies,Cape Coral,2458
Cape Coral,party and event rental companies,3,,A Better Bounce House,(239) 245-2425,unknown,unknown,unknown (Yelp and Yahoo listings only),"Cape Coral 33990; long near-daily hours (Mon-Sat 8am-8:45pm, Sun 10am-7pm) consistent with a busy weekend party schedule",NO FOAM OFFERING FOUND in available listings. No booking-volume metric beyond the operating-hours signal.,"Extended hours point to a busy local inflatable business with no foam product — a plausible referral source, but confirm scale directly since no independent website was found.",https://www.yelp.com/biz/a-better-bounce-house-cape-coral,party and event rental companies,Cape Coral,2445
Cape Coral,party and event rental companies,3,,Bounce House Delivery,(239) 443-9401,unknown,unknown,unknown (Yelp listing only),"Cape Coral 33904; catalog includes bounce houses, water slides, chairs, tables, tents; extended weekend hours (Sat 11am-11pm)",NO FOAM OFFERING FOUND in the listing. Limited web presence beyond Yelp is a caveat on scale.,"Local inflatable and tent outfit with no foam product and a decent booking-hours signal, but a thin web footprint. Confirm size by phone before prioritizing.",https://www.yelp.com/biz/bounce-house-delivery-cape-coral,party and event rental companies,Cape Coral,2432
Cape Coral,party and event rental companies,2,,Day and Night Bounce House Rentals of Cape Coral FL LLC,(239) 209-2109,unknown,unknown,https://www.bouncehouserentalsincapecoral.com/,"2454 NW 22nd Ter, Cape Coral 33993. A BBB profile flags the business as possibly out of business or inactive — treat activity signals as unverified.","No foam offering found, but operating status is uncertain, so booking-volume evidence cannot be trusted without a live call.","Would otherwise fit the busy-inflatable-company-with-no-foam profile, but closure signals mean verify by phone before any outreach.",https://www.bbb.org/us/fl/cape-coral/profile/bounce-house/day-and-night-bounce-house-rentals-cape-coral-llc-0653-90274299,party and event rental companies,Cape Coral,2471
Cape Coral,party and event rental companies,2,likely competitor,The Bounce House People,unknown,unknown,unknown,https://thebouncehouseppl.com/,"Self-described as serving all of Southwest Florida including Cape Coral, family-owned; headquarters address not confirmed","LIKELY COMPETITOR. Their own Cape Coral service-area page explicitly lists ""foam fun"" alongside bounce houses and slides, indicating they already offer foam. Not confirmed with a dedicated foam product page.","Marketing copy indicates foam is already in their lineup, making them a likely competitor rather than a partner. Verify before any outreach, but do not treat as a warm partner lead.",https://thebouncehouseppl.com/bounce-house-rentals-in-cape-coral-fl/,party and event rental companies,Cape Coral (serves all of SWFL; home base unconfirmed),2484
Cape Coral,party and event rental companies,1,competitor,"SWFL Amusements, LLC",(239) 212-0011,reservations@swflamusements.com,unknown,https://www.swflamusements.com/,"1718 NW 14th Ter, Cape Coral 33993; describes itself as ""Cape Coral & Lee County's premiere source"" for inflatable games, with 18 games in catalog and staffed setup/teardown","CONFIRMED COMPETITOR — they sell a ""Foam Machine Rental"" package at $199 for 4 hours, delivery, setup and teardown included, on their own site.","Owns and actively sells foam in this exact market at the lowest price point found anywhere in Lee County — $199 for 4 hours versus our $649 for 2 hours. Competitor, not a partner, and the most aggressive pricing pressure identified so far.",https://www.swflamusements.com/foam_machine.php,party and event rental companies,Cape Coral,2497
Cape Coral,preschools and daycare centers,4,,All Superstars Preschool (Midtown & Downtown Cape Coral),Downtown (239) 540-7847; Midtown (239) 574-3515,unknown,unknown,https://www.allsuperstarspreschool.com/,"Three-location operator — Downtown Cape Coral at 1718 SE 47th St, Midtown at 1412 SE 16th Pl, plus a North Fort Myers site. Summer Camp specifically for elementary-age kids.","Facility ""includes water play areas for those hot summer months"" and ""summer camp is held in the outdoor environment for activities such as swimming and outdoor trips"" — direct evidence of outdoor water-based programming.","Multi-site operator with water-play infrastructure and outdoor summer camp already built into the program. Foam is an upgrade to something they already do, and two Cape locations plus a third in North Fort Myers means repeat bookings.",https://www.allsuperstarspreschool.com/,preschools and daycare centers,Cape Coral,1680
Cape Coral,preschools and daycare centers,4,,Alphabet Zoo II Child Care,(239) 542-3938,alphabetzoo2@yahoo.com,unknown,https://www.alphabetzoochildcare.com/,"810 Lafayette St; free preschool plus after-school care and tutoring up to age 12; maintains a dedicated ""Upcoming Events"" page on its own site","""Summer Camp for Elementary ages with weekly themes and full time Summer Camp including 3 meals,"" plus a standalone Upcoming Events webpage — direct evidence of a structured, themed-week calendar.",Weekly-themed summer camp plus an actively maintained events page is exactly the themed-week signal to pitch into. Published email makes outreach easy. Single-site scale is the limiting factor — pitch Classic or Deluxe.,https://www.alphabetzoochildcare.com/child-care-upcoming-events,preschools and daycare centers,Cape Coral,1693
Cape Coral,preschools and daycare centers,4,,Pine Island Academy,(239) 458-2974,unknown,unknown,https://www.pineislandacademy.com/,"1031 NE Pine Island Rd #8; infant through pre-K day care plus a dedicated summer program; provides free breakfast, lunch and snacks","Describes ""a fun comprehensive summer program with exciting fieldtrips to places such as skating, waterparks, bowling and more"" — specific, named paid outing types showing an active activities budget.","Explicitly funds waterpark and skating outings, indicating both budget and appetite for a novel activity booking delivered on-site at lower cost than a field trip.",https://www.pineislandacademy.com/,preschools and daycare centers,Cape Coral,1706
Cape Coral,preschools and daycare centers,3,,Brighton Academy (Cape Coral),(239) 542-6444,unknown,unknown,https://mybrightonacademy.com/cape-coral/,3300 Santa Barbara Blvd; serves ages 6 weeks through 5th grade; part of a multi-state Brighton Academy chain with dedicated summer camp and private school divisions,"Summer camp activities range ""from STEM adventures to creative arts, outdoor play, and team challenges,"" plus dedicated seasonal camps such as a winter camp with ""holiday-themed activities"" — structured, themed break-camp programming.","Corporate-backed center with school-age camp through 5th grade and named themed activity blocks, but no direct evidence of outdoor water-based events specifically.",https://mybrightonacademy.com/summer-camp-cape-coral-fl/,preschools and daycare centers,Cape Coral,1732
Cape Coral,preschools and daycare centers,3,,Kid's World Preschool,North Cape Coral (239) 573-7233; Skyline Blvd (239) 599-9010,unknown,unknown,https://kidsworldpreschool.com/,"Two Cape Coral locations (1126 NE 16th Terrace; 1942 Skyline Blvd), nationally accredited, infant through school-age ""Kids Club"" with winter/spring/summer camps for kids up to age 9-11","The ""Kids Club"" program provides ""fun-filled programs during holidays and other school closures"" and ""all activities and field trips are included in tuition fees"" for Winter Break, Spring Break and Summer Break — a recurring, pre-funded activity budget.","Two-site accredited operator with a formalized break-camp program and an included-activities budget line, which is a clean funding path. No water-day or party specifics confirmed, so verify on the call.",https://kidsworldpreschool.com/programs/school-age/,preschools and daycare centers,Cape Coral,1719
Cape Coral,preschools and daycare centers,2,,All Aboard Preschool,(239) 574-5220,unknown,unknown,http://allaboardpreschoolcape.com/,"1918 SE Santa Barbara Pl; ages 4 weeks to 12 years with Preschool, VPK, After School, and Holiday/Summer Camps","Holiday and Summer Camps confirmed for school-age kids, but no description of themed weeks, water days or family events was found.","Age range up to 12 with dedicated camp programming is a reasonable prospect, but lacks confirmed specific event evidence.",http://allaboardpreschoolcape.com/programs.html,preschools and daycare centers,Cape Coral,1758
Cape Coral,preschools and daycare centers,2,,Open Doors Preschool of Cape Coral,Location 1 (239) 303-1944 (1918 SE Santa Barbara Pl); Location 2 (239) 362-3766 (1903 Santa Barbara Blvd),unknown,unknown,https://opendoorspreschool.com/open-doors-preschool-cape-coral-fl/,"Two Cape Coral locations under a regional multi-site brand also operating in Fort Myers, Lehigh Acres and Estero; summer camp serves children up to age 11","Summer camp includes ""outdoor play, arts and crafts, music, and more"" for children up to age 11, but no themed-week, water-day or family-night specifics were found.","Multi-site scale and school-age camp capacity make them worth a call, but published event evidence is generic rather than specific.",https://opendoorspreschool.com/open-doors-preschool-cape-coral-fl/,preschools and daycare centers,Cape Coral,1745
Cape Coral,preschools and daycare centers,1,,Cape Christian Preschool,(239) 772-5781,unknown,unknown,https://www.capechristianpreschool.com/,"2110 Chiquita Blvd S; ages 18 months to 5 years (VPK included); offers ""Summer Fun Enrollment"" for year-round care","Only a ""Summer Fun Enrollment"" option for families wanting year-round summer care — no themed weeks, water days or specific events found.","Narrow age range with no elementary/school-age camp, and only generic summer-care evidence. Lowest priority in this category. Note the affiliated Cape Christian Fellowship church has a splash pad and a K-5 ""Cape Kids"" ministry — the church, not the preschool, is the better door.",https://www.capechristianpreschool.com/contact-us.html,preschools and daycare centers,Cape Coral,1771
Cape Coral,schools and PTOs,5,,Oasis Elementary North PTO,unknown,oasisnorthpto@gmail.com,"Oasis Elementary North PTO, Inc.",https://www.oasisnorthpto.com/,"Public charter elementary, K-5, at 2817 SW 3rd Ln, Cape Coral 33991; part of the Cape Coral Charter School Authority","PTO states it ""organizes events that bring the school community together"" including a fall festival and family fun nights; runs its own website, active Facebook page, PTO calendar and a sponsorship program.","An independently incorporated PTO with its own website, published email and a live sponsorship program is the easiest school sale there is — they already solicit vendors and control their own budget. Charter authority means no district procurement.",https://www.oasisnorthpto.com/,schools and PTOs,Cape Coral,1931
Cape Coral,schools and PTOs,5,,St. Andrew Catholic School,unknown,unknown,St. Andrew Catholic School office,https://www.standrewcs.org/,"Private Catholic school affiliated with St. Andrew Catholic Church, Cape Coral","The Saint Andrew Festival, running since 1992, is described as ""the largest four-day event in Cape Coral,"" featuring a full carnival midway, rides, games, food and live entertainment as the school's major fundraiser. The school also runs an annual Gala.","A 30-plus-year, four-day carnival with a midway is the single largest school-affiliated event in the city — they contract rides and attractions annually, so foam is a familiar purchase. The separate Gala is a second budget line.",https://www.standrewcs.org/sacs-gala,schools and PTOs,Cape Coral,1918
Cape Coral,schools and PTOs,3,,Gulf Elementary School PTO,(239) 549-2726,unknown,Gulf Elementary PTO (via school office),https://gfe.leeschools.net/our_families/p_t_a__p_t_o,"Lee County public elementary at 3400 SW 17th Place, Cape Coral 33914","PTO maintains an active Facebook page and has ""a presence at school events"" with cafeteria tables and raffle prizes for interested families; no single named festival or fun run confirmed.","Confirmed active PTO with school-event presence and fundraising activity. Lee County district school, so vendor approval is slower than at a charter.",https://gfe.leeschools.net/our_families/p_t_a__p_t_o,schools and PTOs,Cape Coral,1970
Cape Coral,schools and PTOs,3,,Oasis Elementary South,unknown,unknown,Oasis Elementary South PTO (school office),https://oasiselementaryschool.net/,"Public charter elementary, Cape Coral Charter School Authority, 3415 Oasis Blvd, Cape Coral 33914","School Info page notes families get involved through ""the PTO and School Advisory Committee,"" and the Charter School Authority events page lists activities across the Oasis campuses; no single named event confirmed.","Confirmed active PTO structure and a district-wide charter events calendar, and the sister campus (Oasis North) has a proven festival — a warm referral path. No specific event name verified here yet.",https://oasiselementaryschool.net/school-info,schools and PTOs,Cape Coral,1944
Cape Coral,schools and PTOs,3,,Oasis Middle School,(239) 424-6100,unknown,Oasis Middle School front office,https://oasismiddleschool.net/,"Public charter middle school, Cape Coral Charter School Authority, 3519 Oasis Blvd, Cape Coral 33914","Confirmed events include an 8th Grade End-of-Year Dance; the school appears on the Charter School Authority events calendar, and the charter network held a 20th-anniversary ""Platinum Nights"" gala fundraiser in February 2026.","Verified end-of-year dance and an active events calendar, but middle-school programming skews toward dances and galas rather than the outdoor family formats foam suits best.",https://www.capecharterschools.org/events,schools and PTOs,Cape Coral,1957
Cape Coral,schools and PTOs,2,,Cape Elementary School,(239) 542-3551,unknown,Cape Elementary School office,https://cap.leeschools.net/,"Lee County public elementary at 4519 Vincennes Blvd., Cape Coral 33904; the first school built on the Cape","School site includes a PTA/PTO section, but no specific named event was confirmed.","Established school with a PTA/PTO presence, but no concrete event evidence found.",https://cap.leeschools.net/,schools and PTOs,Cape Coral,1996
Cape Coral,schools and PTOs,2,,Trafalgar Elementary School,(239) 283-3043,unknown,Trafalgar Elementary School office,https://tfe.leeschools.net/,"Lee County public elementary at 1850 SW 20th Ave., Cape Coral 33991","School website lists a PTA/PTO section; no specific festival, fun run or family night could be confirmed.","Verified school with an active PTA/PTO structure, but no concrete event evidence found — cold-call territory.",https://tfe.leeschools.net/,schools and PTOs,Cape Coral,1983
Cape Coral,schools and PTOs,1,,Diplomat Elementary School,unknown,unknown,Diplomat Elementary School office,https://dpl.leeschools.net/,Lee County public elementary (Pre-K through 5) in Cape Coral,"None found. The school's own event listings returned ""no events found"" at time of research.","Confirmed operating school, but zero evidence of festivals, fun runs or family nights. Lowest priority in this category.",https://dpl.leeschools.net/,schools and PTOs,Cape Coral,2009
Cape Coral,summer and day camps,5,,City of Cape Coral Parks & Recreation Department,(239) 573-3128,ccpks@capecoral.gov,"Parks & Recreation, 1015 Cultural Park Blvd., Cape Coral",https://www.capecoral.gov/departments/parks_recreation/index.php (registration at CapeParks.com),"Department operates 39+ locations covering 1,595 acres — waterfront parks, playgrounds, athletic complexes, community centers, a youth center/skate park, boat ramps and a golf course. Runs multiple simultaneous camp sites citywide (Four Freedoms Park, Lake Kennedy Center, Art Center, Eco-Adventure). Citywide camp registration opened April 6 for 2026 and ""fills quickly.""","Four Freedoms Park ""Camp Horizons"" includes ""themed arts and crafts, music, games, indoor/outdoor recreational activities, and water days""; younger-camper theme weeks include ""Commotion in the Ocean,"" ""Beachy Days,"" and ""Camping Adventures."" Publishes a seasonal Parks & Recreation Activity Guide and runs a dedicated Special Events Division.","Central municipal buyer for all recreation programming citywide, with explicit recurring water days and themed weeks across age groups — the strongest recurring Commercial and Camps prospect in Cape Coral. Paid vendors route through city procurement (see the procurement record below).",https://www.capecoral.gov/news_detail_T4_R628.php,summer and day camps,Cape Coral,1574
Cape Coral,summer and day camps,5,,Southern Starz Gymnastics,(239) 574-0034,unknown,unknown,http://www.southernstarzgymnastics.org/,"915 SE 14th Pl, Unit 15, Cape Coral; described as ""Cape Coral's largest gymnastic facility""; camp serves ages 5-14","Camp runs ""gymnastic rotations followed by daily fun activities, and for adventure campers they offer rock climbing, rope courses, field day games, trampoline, and open gym"" — ""field day games"" named directly as a recurring camp activity. Also runs Open Gym, Preschool Open Gym and ""Fun Fridays,"" plus birthday party packages.","Names field day games as standing programming, runs a weekly Fun Friday slot a foam party could headline, and already sells parties — three separate ways in. Largest gym in the city.",https://www.southernstarzgymnastics.org/,summer and day camps,Cape Coral,1626
Cape Coral,summer and day camps,4,,Boys & Girls Clubs of Lee County — Cape Coral site (Challenger Middle School),(239) 334-1886,unknown,unknown,https://bgclee.org/,"Cape Coral camp at Challenger Middle School, 624 Trafalgar Pkwy, Cape Coral 33991; ages 6-18, 1:15 staff ratio, 7:30am-6pm","Program includes ""karate classes, music classes, sports training and field trips"" as part of a Summer Enrichment Program; the Club expanded summer camp options in Lee County with the Cape Coral site added in 2022.","Large multi-week enrollment with an existing field-trip and enrichment budget line, and a parent organization already covered in the Fort Myers list — one relationship can serve both cities.",https://www.capecoralbreeze.com/news/community-news/2022/06/02/cape-coral-new-location-for-boys-girls-club-summer-camp/,summer and day camps,Cape Coral,1600
Cape Coral,summer and day camps,4,,Cape Coral Police Athletic League (PAL),(239) 574-3223 (Cape Coral Police Department main line),Cpalmer@capecoral.gov,"Officer Coby Palmer, PAL contact",https://ccpdpal.com/,"Operated out of Cape Coral Police Department at 1100 Cultural Park Blvd; ages 7-10, $125/week with breakfast, lunch and field trips included","Camp includes ""indoor and outdoor recreation, arts & crafts, guest speakers & field trips (including SunSplash, movies and the Pine Island pool)"" — they already pay to bus campers to a waterpark for water-based fun.","Already budgets for paid water-based field trips, so an on-site foam party is a cheaper substitute with no bus. A police-run program also carries credibility that helps with referrals to other city programs.",https://www.fox4now.com/news/local-news/police-athletic-league-hosts-summer-camp-in-cape-coral,summer and day camps,Cape Coral,1587
Cape Coral,summer and day camps,4,,Full STEAM Ahead — Cape Coral,(239) 689-3602,unknown,unknown,https://fullsteamaheadfl.com/summer-camps-cape-coral,"Inside the Activities Building at Living Faith Church, 939 SW 7th Ct, Cape Coral 33991; one of six Full STEAM Ahead locations across SWFL/Tampa for Summer 2026; full-day 9am-4pm plus extended care","Multiple named weekly themed camps confirmed — ""Taste of STEAM,"" ""To Infinity and Beyond"" (space), ""Environmental Engineers,"" ""Under the Sea,"" and ""Games"" — a real rotating themed-week calendar.","Confirmed weekly theme rotation including an ""Under the Sea"" week makes a water/foam tie-in an easy sell, and a six-location brand suggests budget for enrichment extras.",https://fullsteamaheadfl.com/summer-camps-cape-coral,summer and day camps,Cape Coral,1639
Cape Coral,summer and day camps,4,,Grace Community School (Skyline campus),(239) 458-1644,"info@gracecommunityschools.com (general company inbox, not campus-specific)",unknown,https://www.gracecommunityschools.com/locations/skyline-cape-coral,"2932 Skyline Blvd, Cape Coral 33914, open 6:30am-6:00pm year-round; summer camp ages 1-11. Multi-site SWFL operator with campuses in Cape Coral, Fort Myers, Bonita Springs/Estero, Lehigh Acres and Naples.","Summer camp ""is designed to keep kids entertained and engaged all summer long, with different weekly themes, special events, and dress-up days,"" plus karate, music and dance lessons.","Published weekly themes and ""special events"" language plus school-age campers up to 11. Same operator as the Fort Myers Medical Lane campus — a single corporate relationship could place foam at seven-plus campuses. (A second research pass found only generic camp language and scored this a 2; the themed-events evidence above is better sourced and carries.)",https://pages.gracecommunityschools.com/daycare-and-child-care-at-grace-community-school-16/,summer and day camps,Cape Coral,1613
Cape Coral,summer and day camps,3,,Cape Coral Art Center (Creativity Camp),(239) 573-3128 (Parks & Recreation main line),artcenter@capecoral.gov,unknown,https://www.capecoral.gov/departments/parks_recreation/recreation_facilities/cape_coral_art_center/index.php,City-run arts facility at 4533 Coronado Pkwy operating a weekly camp for ages 7-13 since 1977,"""Creativity Camp invites children ages 7 to 13... Each week features a unique theme,"" ending with ""a special gallery event, sharing their accomplishments with friends and family"" — a recurring weekly themed showcase.","Structured weekly themed camp with an end-of-week celebration is a plausible finale slot, though activities are indoor and art-focused rather than water-friendly. Same decision-maker as the city Parks & Rec record — consolidate outreach.",https://fun4fortmyerskids.com/Camps/Art-Camps/Cape-Coral-Art-Center-Creativity-Camp/View-details,summer and day camps,Cape Coral,1652
Cape Coral,summer and day camps,2,,YMCA of Southwest Florida — Cape Coral Branch,(239) 540-9760,unknown,unknown,https://www.ymcaswfl.org/summer-camp,"Branch at 4118 Coronado Pkwy, Cape Coral 33904; part of a multi-branch regional Y system","Weak. The Y's own site states camps let kids ""explore places, activities and ideas outside their normal lives,"" but no Cape Coral-specific themed week, water day, or field day was found — only general regional camp brochures.","Branch confirmed physically in Cape Coral and the brand runs camps regionally, but no branch-specific event evidence surfaced. Needs a discovery call before treating as a warm lead.",https://www.ymcaswfl.org/summer-camp,summer and day camps,Cape Coral,1665
Naples,apartment and condo communities with event staff,5,,Esplanade at Hacienda Lakes,(239) 249-5844,unknown,HOA management office; full-time on-site Lifestyle Director role confirmed,https://websites.kw-ic.com/ehl/,"Taylor Morrison master-planned community. CONFIRMED NOT age-restricted — explicitly marketed as all-ages. 6,500 sq ft clubhouse with playground.","Dedicated full-time on-site Lifestyle Director publishing a monthly calendar including poolside barbecues, holiday parties, fitness classes and clubs.","A named full-time Lifestyle Director role, confirmed all-ages, a playground, and an events calendar already weighted toward poolside gatherings. Ask for the Lifestyle Director by title.",https://websites.kw-ic.com/ehl/Esplanade/About-Us,apartment and condo communities with event staff,Naples,3593
Naples,apartment and condo communities with event staff,5,,Naples Reserve,(239) 231-4188 (HOA office); gatehouse (239) 732-7548,naplesreserveadmin@kwpmc.com,HOA managed by KW Property Management & Consulting,https://naplesreservehoa.com/,"Large master-planned gated community, 11 waterfront neighborhoods around a 125-acre lake. CONFIRMED NOT age-restricted — marketed as all-ages with playgrounds, dog parks and kids' camps.","On-site activity director; the Island Club hosts lagoon-style pool parties, poolside dining, outdoor movie nights, seasonal kids' camps and community social events.","All-ages family community that already runs pool parties AND seasonal kids' camps, with an activity director and a published management email. The Island Club lawn and pool deck are the venue.",https://naplesreservehoa.com/,apartment and condo communities with event staff,Naples,3580
Naples,apartment and condo communities with event staff,4,,Riverstone (North Naples),(239) 331-7573 (Advanced Property Management),TheClub@Riverstone.com,Lifestyle Director / Assistant Lifestyle Director,https://www.riverstoneatnaples.com/,"GL Homes master-planned gated community; no age restriction found — described as an all-ages ""vibrant social"" community. Same builder as Marina Bay in Fort Myers, which also scored 5.","Full-time on-site Lifestyle Director running a Farmers Market, music and entertainment nights, trivia night and other resident programming.","Named lifestyle-director role with a direct events email address — the cleanest contact path in this category. GL Homes communities consistently staff lifestyle directors, which is a pattern worth exploiting across cities.",https://www.riverstoneatnaples.com/,apartment and condo communities with event staff,Naples,3606
Naples,apartment and condo communities with event staff,3,,Lely Resort,unknown (Players Club: 239-774-6354),unknown,"unknown (activities director role confirmed, name unknown)",unknown (amenity club: playersclubandspa.com — see country clubs record),Very large master-planned community with 40+ neighborhoods. CONFIRMED NOT age-restricted despite frequent listing on 55+/retirement sites.,"Full-time activities director organizing game nights, trivia, themed parties, fashion shows and movie nights across social clubs.","Confirmed all-ages and a real activities-director role, but programming skews adult and no direct HOA contact was verified. THE BETTER DOOR IS THE PLAYERS CLUB & SPA (country clubs, fit 4) — it has a named Director of Membership, a kids' splash feature and a published phone.",https://www.neighborhoods.com/lely-resort-naples-fl,apartment and condo communities with event staff,Naples,3658
Naples,apartment and condo communities with event staff,3,,SkySail,(239) 778-9757; toll-free (877) 798-1258,unknown,Neal Communities amenity/community office,https://nealcommunities.com/communities/skysail/,"Newer 246-acre Neal Communities master-planned community. CONFIRMED all-ages despite some third-party retirement-site listings calling it ""active adult.""","Lake house and community center built for ""neighborhood events and gatherings""; amenity programming implied but no named lifestyle-director role or published calendar found.","All-ages status confirmed and event space exists, but evidence of an actual recurring program is weaker than the top entries. A newer community still building its social calendar can be more receptive — worth a verification call.",https://nealcommunities.com/communities/skysail/,apartment and condo communities with event staff,Naples,3632
Naples,apartment and condo communities with event staff,3,,Talis Park,(239) 449-5900,unknown,The Vyne House concierge/lifestyle team,https://talispark.com/,"Luxury golf master-planned community; not age-restricted, but skews affluent and adult-oriented with golf and country-club programming","Year-round events calendar at The Vyne House — weekly happy hour, pasta buffet nights, wine tastings, concerts and seasonal themed parties, supported by concierge-style lifestyle staff.","Real, frequent event programming and a lifestyle team, but nothing points to family or kids programming. This is a ""grandkids visiting"" or private-booking pitch, not a default kids' event.",https://theresopteam.com/blog/inside-talis-park-golf-dining-and-social-life-in-naples,apartment and condo communities with event staff,Naples,3645
Naples,apartment and condo communities with event staff,3,,Winding Cypress,unknown,unknown,"Winding Cypress Homeowners Association, Inc.",https://windingcypress.org/,DiVosta/Pulte master-planned gated community. CONFIRMED NO age restriction despite frequent third-party listing as 55+ — genuinely open to all ages.,"On-site activities director referenced with ""a full range of planned activities and events""; specifics of a published calendar not confirmed.","All-ages status confirmed against a common misclassification, and an activities-director role exists — but no concrete pool-party-level event evidence and no published contact. Call the HOA office to firm up.",https://windingcypress.org/,apartment and condo communities with event staff,Naples,3619
Naples,apartment and condo communities with event staff,2,,Isles of Collier Preserve,(239) 732-0842,icp@fsresidential.com,"Lifestyle team, managed by FirstService Residential",https://www.islesofcollierpreserve.org/,"Minto master-planned community. AGE RESTRICTION DISPUTED — 55places and Seniorly list it as 55+, other sources say all ages. Treat as uncertain until confirmed with the POA.","Full-time activities director; the POA runs holiday celebrations, community parties, weekly farmers' markets and social/fitness clubs.","Genuinely strong events infrastructure and a direct lifestyle-team email, but the conflicting age-restriction signal makes it a poor bet for a kids' event until resolved. One question on the call settles it — if it is all-ages, this jumps to a 4.",https://www.islesofcollierpreserve.org/activities,apartment and condo communities with event staff,Naples,3671
Naples,birthday party venues,5,,Good Mood Ranch,unknown,karenmarcotec@yahoo.com,unknown (owner-operated),https://www.goodmoodranchnaples.com/,Small family-owned working farm and petting zoo with train rides and a playground; admission ~$18/child,Confirmed birthday-party hosting — reviews describe owner-run parties with animal interaction.,"Open-air farm grounds are an ideal structural fit, they already sell birthday parties, and an owner-operated business can say yes to an add-on partnership in one conversation. Same profile as the top Fort Myers and Cape Coral venue finds (M&M Farms, Saddlewood Horse Club) — farms are consistently the best venue category.",https://www.goodmoodranchnaples.com/,birthday party venues,Naples,3699
Naples,birthday party venues,5,,Naples Zoo at Caribbean Gardens,(239) 262-5409,unknown,unknown,https://www.napleszoo.org/,43-acre accredited zoo and botanical gardens,"Publishes a formal events and rentals program (""Wild Weddings and Events"") and rents grounds for everything from intimate dinners to large festival-style events.","43 acres of outdoor grounds already hosting large private events, with a formal rentals program and a marketing team used to working with outside vendors. Strong upsell partner or referral source. Confirm animal-area setbacks and soap runoff early.",https://www.napleszoo.org/,birthday party venues,Naples,3686
Naples,birthday party venues,4,,Corkscrew Swamp Sanctuary (Audubon),(239) 348-9151,unknown,unknown,https://www.audubon.org/corkscrew/visit/weddings-and-private-events-corkscrew-swamp-sanctuary,Large nature sanctuary with boardwalk and multiple rentable sites,"Offers themed birthday-party programs plus private-event rentals priced $450-$2,500 for up to six hours across several site options.","Published birthday programs AND priced private rentals, with outdoor sites that suit foam structurally. The conservation mission makes soap the obvious objection — lead with biodegradable, hypoallergenic solution and containment.",https://www.audubon.org/corkscrew/visit/weddings-and-private-events-corkscrew-swamp-sanctuary,birthday party venues,Naples,3712
Naples,birthday party venues,2,,InPlay! Family Fun,unknown,unknown,unknown,https://www.inplayfamilyfun.com/,Indoor playground at 4035 Santa Barbara Blvd with a three-level play structure and café,"Published birthday pricing — $150/hr with a 2-hour minimum, up to 12 kids, with itemized add-ons for cake, pizza and favors.","Clear priced packages, but entirely indoor with no outdoor or water-hookup space noted. Their $150/hr for 12 kids is useful local price context for what Naples families pay.",https://www.inplayfamilyfun.com/pricingandpasses.html,birthday party venues,Naples,3738
Naples,birthday party venues,2,,Revs Institute,(239) 687-7387,unknown,unknown,https://museum.revsinstitute.org/visit/tours-events/,Automotive museum and research center with 100+ vehicles,"Confirmed private and corporate event rental program (evenings and weekdays after 5pm, catering and alcohol permitted); no birthday-specific packaging found.","Indoor museum gallery geared to corporate functions, with no outdoor grounds and no kids' birthday evidence. Listed to close the loop — not a realistic prospect.",https://museum.revsinstitute.org/visit/tours-events/,birthday party venues,Naples,3751
Naples,birthday party venues,2,,Whiz Kids Play Zone,(239) 263-7017,whizkidsnaples@gmail.com,unknown,https://www.whizkidsnaples.com/birthday-parties,Indoor children's activity and play center at 1050 Pine Ridge Rd,"Dedicated birthday-party page, with the site noting updated packages and pricing ""coming soon.""","Confirmed party program and a published email, but a purely indoor venue with no evident outdoor space — weak structural fit. Value is as a referral partner for families who want an outdoor or at-home option.",https://www.whizkidsnaples.com/birthday-parties,birthday party venues,Naples,3725
Naples,breweries and food truck parks that host family events,5,,Ankrolab Brewing Company,(239) 330-7899,info@ankrolab.com,unknown,https://www.ankrolab.com/,"Craft brewery and beer garden with ample indoor and outdoor seating at 3555 Bayshore Drive, Naples","Published events page; hosts themed festivals (Woodstock-style events, dog costume contests), donut-and-beer pairing nights, seasonal festivities, plus recurring trivia and live music; daily rotating food trucks on site.","Best brewery fit in Naples — dog-friendly outdoor beer garden, lawn games, daily food trucks, and a dedicated public events calendar with recurring themed events. Published business email, which is rare in this category.",https://www.ankrolab.com/events/,breweries and food truck parks that host family events,Naples,4166
Naples,breweries and food truck parks that host family events,4,,Bone Hook Brewing Company,unknown,unknown,unknown,https://bonehookbrewing.com/,"One of the larger brewpubs in Southwest Florida, producing 20+ beers, with a spacious layout and waterfront/patio seating",Weekly trivia night (Wednesdays 7-9pm) and regular live music; explicitly kid-friendly and dog-friendly outdoor patio with water bowls and a pup menu.,"An explicitly kid-friendly outdoor patio plus a recurring weekly events cadence and strong outdoor space. No published contact details found, so start with a walk-in or social message.",https://bonehookbrewing.com/,breweries and food truck parks that host family events,Naples,4192
Naples,breweries and food truck parks that host family events,4,,Celebration Park Naples,(239) 316-7253,unknown,unknown,https://celebrationparknaples.com/,"Waterfront open-air venue at 2880 Becca Ave, Naples 34112, hosting roughly eight food trucks plus a full bar; open Wed-Sat","Dedicated ""Upcoming Events"" and ""Happenings/Live Music"" pages; recurring themed nights, nightly live music and sunset sets, and an explicit offer of ""semi-private and private events year-round.""","Large outdoor waterfront space with an active calendar and — most usefully — an explicit private-event booking offer, which is the direct path to a booking. Family-friendliness is implied by the open-air format but not stated; confirm on the call.",https://celebrationparknaples.com/upcoming-events/,breweries and food truck parks that host family events,Naples,4179
Naples,breweries and food truck parks that host family events,3,,Riptide Brewing Company,(239) 228-6533,info@Riptidebrewingcompany.com,unknown,https://www.riptidebrewingcompany.com/,"Previously at 987 3rd Avenue North, Naples 34102, with a beer garden, food trucks and games","Historically strong — Tuesday trivia with rotating food trucks, Wednesday Irish music, Thursday open mic, Friday/Saturday live music, pinball tournaments and fundraisers.","UPDATED IN ROUND 4 — they EXPANDED, they did not necessarily leave. Riptide opened a second taproom in Bonita Springs at 28120 Hunters Ridge Blvd (the former Momentum Brewhouse site), and a later pass indicates they RETAIN this original Naples location. Earlier evidence suggesting the Naples site had closed is now in doubt. Verify the Naples location by phone; the Bonita Springs taproom is recorded separately and scores 5.",https://craftapped.com/riptide-brewing-company-bonita-springs/,breweries and food truck parks that host family events,"Naples — STATUS UNCERTAIN, LIKELY RELOCATED",4205
Naples,breweries and food truck parks that host family events,1,,Naples Beach Brewery,(239) 304-8795 (from a now-closed listing),unknown,unknown,unknown,"Formerly Naples' first craft brewery, tasting room at 4120 Enterprise Ave Suite 116, Naples 34104, with 24 house beers and daily food vendors",None — business is closed.,CONFIRMED CLOSED as of a July 2026 listing update. Recorded so it is not re-researched. Do not contact.,https://www.yelp.com/biz/naples-beach-brewery-naples-3,breweries and food truck parks that host family events,Naples,4218
Naples,church youth programs,5,,First Naples Church (First Baptist Church of Naples),(239) 597-6057,info@firstnaples.org,"unknown (staff roster lists a Middle School Pastor, Student Pastor and High School Director; names not confirmed)",https://www.firstnaples.org,"Large SBC congregation with a dedicated Student Center, separate Middle School and High School ministry tracks, multiple weekly gathering times, and an active missions program","VBS 2026 ""Thrill Zone"" for ages 4 through 5th grade, $25/child, with registration reaching capacity and a waitlist; weekly Sunday Connect Groups and Wednesday 6:30pm Student Ministries.","A VBS that sells out to a waitlist is proof of turnout and willingness to pay. Dedicated student facility, large budget, published office email. Pitch the VBS finale or a back-to-school event.",https://www.firstnaples.org/vbs,church youth programs,Naples,3041
Naples,church youth programs,5,,Moorings Church (Moorings Presbyterian),(239) 261-1487,unknown (affiliated preschool: preschool@mooringschurch.org),unknown,https://mooringschurch.org,"Full Middle School and High School Fellowship programs with dedicated Youth Center space, weekly Sunday-evening meetings including dinner, plus mission trips and retreats. Also operates a small ages-3-6 preschool camp at 791 Harbour Dr.","""MPC Kidz VBS 2026 – The Deep,"" June 15-19, 8:30am-12:30pm, with Bible stories, games, snacks and themed activities.","Dated, themed VBS plus a weekly youth program that includes dinner — both signal real budget and turnout. ""The Deep"" is a water theme a foam party sells into directly.",https://mooringschurch.org/children-youth/,church youth programs,Naples,3054
Naples,church youth programs,5,,North Naples Church,(239) 593-7600,unknown,unknown (staff page lists an Associate Pastor of Youth Ministry; name not confirmed),https://www.nnchurch.org,"Large congregation with a dedicated Children's Ministry and Youth Programs, a 2026 ""Serve Your World Camp"" and a Preschool VBS","Trunk or Treat held the last weekend of October each year, described by the church itself as its ""largest community outreach of the year""; weekly Sunday 9:30-10:30am Middle/High School youth program.","When a church calls an event its biggest outreach of the year, that is where the budget and the attendance are. A dated annual occasion with a known slot.",https://www.nnchurch.org/youth,church youth programs,Naples,3067
Naples,church youth programs,4,,Covenant Church of Naples,(239) 597-3464,unknown,"Brian Campbell, Student Discipleship Director (title confirmed; email not independently verified)",https://covenantnaples.com,"PCA congregation with a multi-role student ministry staff — Family Ministries Director, Student Discipleship Director, Coordinators and an Assistant — plus a dedicated ""CS Building"" for youth programming","Vacation Bible School ""SonWest Roundup,"" June 15-19, 8:45am-12pm, ages 3 through 5th grade; weekly Wednesday youth group 6:15-7:45pm and Sunday school for grades 6-12.",A four-person student ministry staff is unusual and signals real budget. Confirmed dated VBS and a named director to ask for.,https://covenantnaples.com/students,church youth programs,Naples,3093
Naples,church youth programs,4,,Destiny Church Naples,(239) 592-7729,info@destinynaples.com,unknown,https://www.destinynaples.org,"Nondenominational church with a distinct ""DC Youth"" middle/high school brand and an on-campus early-learning center","Published ""Trunk or Treat"" event page and a ""YEX"" Youth Summer Camp, both on the church's own site; DC Youth meets weekly Wednesdays 7pm.","Two independently published on-site event pages show an active recurring calendar, and the attached early-learning center is a second audience under one roof.",https://www.destinynaples.org/events-1/trunk-or-treat,church youth programs,Naples,3119
Naples,church youth programs,4,,New Hope Ministries (New Hope Naples),(239) 348-0122,jbarrett@newhopenaples.com,J. Barrett (church staff contact; role not specified in source),https://www.newhopenaples.com,"Owns a 44,000 sq ft event center on 20 acres of festival lawn and sports field, plus a weekly youth group and ""B12 Kids Ministry"" (preschool through 5th grade)","Published ""Fall Fest"" event page on the church's own site (2026 date not confirmed).","BEST PHYSICAL VENUE IN THE CATEGORY. They own 20 acres of festival lawn and a 44,000 sq ft event center, so there is no third-party site approval, no space constraint, and no water-access problem — and they already run a named annual Fall Fest. Published staff email.",https://www.newhopenaples.com/events/fall-fest-3/,church youth programs,Naples,3080
Naples,church youth programs,4,,St. John the Evangelist Catholic Church,(239) 566-8740,vbs@sjecc.com,unknown,https://sjecc.org,Large Catholic parish with a standing Faith Formation department and a dedicated Youth Ministry program,"""Rainforest Falls"" VBS held June 8-12, 9am-12pm, with a published registration email for families outside Faith Formation.",Confirmed dated VBS with an organized registration process and — rare in this category — a dedicated VBS email address that reaches the person actually running the event.,https://vbspro.events/p/00d727,church youth programs,Naples,3106
Naples,church youth programs,4,,Vanderbilt Presbyterian Church,(239) 597-5410,info@vpcnaples.org,unknown,https://www.vpcnaples.org,"Established 1979 congregation with an endowment fund specifically supporting a ""growing children's and youth ministry,"" plus dedicated volunteer teams","Annual Vacation Bible School, 9am-12pm for a week each summer (""Rainforest Falls,"" registered through the VBS Pro platform); also sends youth to Cedarkirk summer camp.",An endowment earmarked for youth ministry is an unusually explicit budget signal. Recurring platform-registered VBS and a published office email.,https://www.vpcnaples.org/,church youth programs,Naples,3132
Naples,church youth programs,3,,Summit Church — Naples Campus,(239) 947-7070,unknown,"Blaize Smith, Family Ministries Pastor (Naples Campus)",https://www.summitlife.com/naples,"One of three SWFL campuses of a multi-campus church, with named ministry leadership for Summit Kids (infant-5th grade) and Summit Students (6th-12th grade)","Weekly Wednesday 6:30pm Summit Students gathering. A churchwide ""Back to School Bash"" with free backpacks and activities is documented for the Summit network, but a Naples-campus-specific date was NOT confirmed.","Named campus pastor and a staffed kids/students ministry, and the Fort Myers Summit campus is already on this list scoring 5 — a multi-campus conversation. Held at 3 because the event evidence is network-wide rather than confirmed for Naples.",https://www.summitlife.com/naples,church youth programs,Naples,3145
Naples,country clubs,5,,Fiddler's Creek,(239) 732-9300 (Membership 239-732-3081; Activities Office 239-732-3000),Info@FiddlersCreek.com,Membership Office / Activities Office,https://www.fiddlerscreek.com/,"~4,000-acre master-planned community with a 54,000 sq ft Club & Spa shared by all owners, multi-pool lagoon-style aquatics complex, spa, tennis and pickleball. Not age-restricted.","Club materials specifically describe ""children's activities,"" ""family and kids' events,"" poolside parties, a tot lot, designated shallow kids' play areas and ""kid-friendly pool events,"" alongside a ""never-ending schedule of events.""","Explicit, recurring kids programming plus dedicated shallow kids' pool zones and a dedicated Activities Office phone line. Also the largest residential community in this category — cross-listed as an HOA prospect, but the club is the buyer.",https://www.fiddlerscreek.com/club-life/,country clubs,Naples,3430
Naples,country clubs,5,,Vineyards Country Club,(239) 353-6101 (Racquet Center/Activities: 239-353-1105),jiravani@vineyardscountryclubnaples.com,"Jennifer Iravani, Membership",https://vineyardscountryclubnaples.com,"Private club delivering 800+ member experiences and events annually; full golf, tennis, dining and racquet center campus","A dedicated ""Kid Friendly Events"" blog post lists an annual Easter Egg Hunt with face painting, crafts and the Easter Bunny; poolside ""BUBBLE BASH"" pool parties for kids; poolside family movie nights; and a juniors pickleball camp.","THE SINGLE BEST CLUB PROSPECT FOUND ANYWHERE SO FAR. They already run a poolside ""bubble bash"" for kids — a foam party is that event, done properly, with equipment they do not own. 800+ events a year, a published membership email and a named contact. Lead with the bubble bash.",https://vineyardscountryclubnaples.com/blog/kid-friendly-events-at-vineyards-country-club/,country clubs,Naples,3417
Naples,country clubs,4,,Grey Oaks Country Club,(239) 262-5550,info@greyoakscc.com,Membership Office,https://www.greyoakscc.com/,"Large luxury private club with golf, tennis and a resort-style pool; reported 1,000+ activities annually for members and families","Reported to host ""family fun days,"" junior golf and tennis clinics, and youth programming alongside a resort-style pool with cabanas used by families.","1,000+ annual activities and named family fun days with a published general email. Less itemized than Vineyards, so confirm the specific family calendar on the call.",https://www.greyoakscc.com/,country clubs,Naples,3456
Naples,country clubs,4,,Quail Creek Country Club,(239) 597-2831 (Director of Membership: 239-254-7418),unknown,"Emme Warburton, Director of Membership; Chris Evans, Managing Director",https://www.quailcreekcc.com,"Established private golf, tennis and social club at 13300 Valewood Dr, Naples 34119","Publishes a dedicated ""Family & Kids Activities"" web page describing junior golf and tennis instruction and holiday parties ""welcoming children and grandchildren.""",A club that builds a standalone Family & Kids page is telling you where its members' priorities are. Two named contacts including a Director of Membership. The grandchildren angle matters in Naples — that is the seasonal spike.,https://www.quailcreekcc.com/amenities/family-kids-activities,country clubs,Naples,3443
Naples,country clubs,4,,Quail West Golf & Country Club,(239) 593-4162,unknown,"Tony D'Errico, General Manager; Ryan Sanders, Director of Golf. NOTE: the Director of Membership & Lifestyles role is reported open or in transition.",https://quailwest.com,"70,000 sq ft ""Grand Club House"" with an indoor Junior Olympic-size lagoon pool; large luxury golf community","Offers junior golf and tennis programs, kids' swim/golf/tennis lessons, sports and fitness camps, and ""festive holiday parties"" for kids.","Named kids' camps and holiday parties with a very large facility. Caveat: the lifestyle/membership role that would own this decision is reportedly vacant, so the pitch may need to go to the GM directly or wait for the hire.",https://clubandresortbusiness.com/club-fitness-2022/quail-west-golf-country-club/,country clubs,Naples,3469
Naples,country clubs,4,,The Players Club & Spa at Lely Resort,(239) 774-6354,unknown,"Erica Figueroa, Director of Membership",https://playersclubandspa.com,"Large resort-style amenity club serving Lely Resort homeowners; two resort pools plus a dedicated kids' tot lot with beach sand and a ""coconut"" splash feature",Purpose-built family pool with a kiddie splash feature and tot lot; members may register up to four children as guests; full calendar of member and family events including a movie theater and ice cream parlor.,A dedicated kids' splash feature and a guest policy explicitly counting children signal a genuine family membership. Named Director of Membership. This is the amenity club for Lely Resort — see the separate HOA record below.,https://lelyresortguides.com/amenities,country clubs,Naples,3482
Naples,country clubs,3,,Naples Bath & Tennis Club,(239) 537-1919,unknown,Clubhouse / Pro Shop office,https://tapnaples.com (Sanchez Tennis Academy on site),"33,000 sq ft community clubhouse, 37 Har-Tru tennis courts, heated pool and fitness center at 4995 Airport Pulling Rd N",The on-site Sanchez Tennis Academy runs kids' and teens' classes plus summer and holiday tennis camps; the clubhouse hosts holiday parties and themed dinners.,"The tennis academy brings recurring groups of kids on site, which is the real opening — a camp day rather than a member event. More a residential tennis-community clubhouse than a classic country club.",https://www.globaltennisnetwork.com/tennis-courts/courts/tennis-court-page/court/25079-naples-bath-and-tennis-club,country clubs,Naples,3521
Naples,country clubs,3,,Pelican Marsh Golf Club,(239) 597-3000 (an alternate listing shows 239-597-0016),unknown (contact form at pelicanmarshgc.com/lifestyle/contact-us),General Club Office,https://www.pelicanmarshgc.com,"Private 18-hole club with tennis, pickleball, bocce and a fitness center","Advertises a ""full calendar of social, golf and dining activities"" and carries a ""Good for kids"" attribute on Yelp, but no specific named kids' or family event was found.",Family-adjacent signals exist but no concrete recurring kids' event was confirmed. Worth a qualifying call before investing — the difference between this and Vineyards is published evidence.,https://www.pelicanmarshgc.com/lifestyle/social-activities,country clubs,Naples,3495
Naples,country clubs,3,,The Club at Olde Cypress,(239) 260-1604,unknown,General Club Office,https://www.oldecypress.com/,"Private club at 7165 Treeline Dr, Naples, with pool, four Har-Tru tennis courts, two pickleball courts and a fitness center","Describes its social calendar as ""packed with family-friendly fun all year round"" — holiday events, themed dinners, fashion shows, concerts — but no kids-specific event was named.","Self-described family-friendly with an active calendar, but lacks the confirmed dedicated kids' programming that Vineyards, Fiddler's Creek and Quail Creek publish.",https://www.oldecypress.com/,country clubs,Naples,3508
Naples,country clubs,2,,Hamilton Harbor Yacht Club,(239) 775-0506,unknown,General Club Office,https://www.hamiltonharboryachtclub.com/,"Waterfront yacht club and marina at 7065 Hamilton Ave, Naples, with 35 wet slips and a fuel dock","Markets a ""family-friendly atmosphere"" with eco tours, kayaking and social events including fishing tournaments and yachting rendezvous, but no dedicated kids' event, pool or splash amenity was found.","Boating and adult-social focus with only generic family language, and no pool infrastructure for foam. Weak fit.",https://www.hamiltonharboryachtclub.com/,country clubs,Naples,3547
Naples,country clubs,2,,Naples Sailing & Yacht Club,(239) 774-0424,Info@thensyc.com,General Club Office,https://www.thensyc.com/,"Established 1964 waterfront club at 896 River Point Dr, Naples, with an active social calendar and ""clubs within the club""","Serves ""boating and non-boating members of the family"" with luncheons, galas and holiday celebrations, but no specific children's programming, pool or family-day event was found.","Generic family language only, with no confirmed kids' event and no pool or splash amenity. Published email makes it a cheap call, but do not prioritize.",https://www.thensyc.com/,country clubs,Naples,3534
Naples,country clubs,2,,"Tiburón Golf Club (at The Ritz-Carlton Naples, Tiburón)",(239) 254-3340,unknown,General Club/Resort Office,https://www.tiburonnaples.com,"Ritz-Carlton-affiliated 36-hole private/resort club hosting the Chubb Classic, Grant Thornton Invitational and CME Group Tour Championship","A ""kids golf free"" policy and a junior golf academy exist, and the affiliated resort has a family water feature (The Reservoir) with slides — but that is RESORT programming, not member-family club events. The club's own calendar is dominated by pro tournaments and adult golf.","Recorded specifically as a caution. The famous name and the resort water park make this look like a strong prospect; the family amenities belong to the hotel, not the club, and the club's member calendar has no kids' events. Do not lead with this one.",https://www.tiburonnaples.com/golf/tour-events,country clubs,Naples,3560
Naples,festival and community event organizers,5,,Naples Pride,unknown,unknown,unknown,https://www.naplespride.org/,Nonprofit operating the Naples Pride Center; flagship festival in its 8th annual edition drawing thousands,"Annual ""Naples PrideFest,"" a family-friendly fundraiser at Cambier Park in April, 11am-4pm, with a named ""Kidz Zone"" featuring a bounce house, face painting and games, plus an existing vendor and exhibitor program. $10 general admission, kids under 12 free.","A confirmed Kidz Zone that ALREADY BOOKS A BOUNCE HOUSE at a recurring nonprofit fundraiser with a vendor program — same budget line, same decision-maker, April timing. Direct match.",https://www.naplespride.org/event-details/7th-annual-naples-pridefest,festival and community event organizers,Naples,4073
Naples,festival and community event organizers,5,,Stone Crab Festival (Tin City / City of Naples),(239) 595-3962,unknown,unknown,https://www.naplesgov.com/parksrec/page/stone-crab-festival,15th annual edition; three-day outdoor waterfront festival at Tin City with 20+ restaurant and food vendors,"Live music, food trucks, and a dedicated ""Freedom Waters Foundation Kids Corner"" with kids activities, an ice cream eating contest and raffle prizes — explicit kids zone confirmed.","A recurring multi-day waterfront festival with a NAMED kids zone and a public contact line tied to kids-corner and vendor inquiries. The kids zone already exists; foam is an upgrade to it, not a new idea.",https://www.naplesgov.com/parksrec/page/stone-crab-festival,festival and community event organizers,Naples,4060
Naples,festival and community event organizers,4,,Fifth Avenue South Business Improvement District,unknown,unknown,unknown,https://www.fifthavenuesouth.com/,Business Improvement District formed 2010 covering 5th Ave South from 9th St to 3rd St in downtown Naples; publishes its own events calendar,"Monthly ""Evening on Fifth"" (second Thursday); annual ""5th Avenue South Halloween Spooktacular"" at Cambier Park with games, candy and costume contests for families; annual Christmas tree lighting with a temporary ice rink and living nativity.","An organized district with a dedicated events budget running explicitly family-oriented street events, including one at Cambier Park. A temporary ice rink proves they will fund a substantial physical attraction.",https://www.fifthavenuesouth.com/events-calendar/category/entertainment/,festival and community event organizers,Naples,4086
Naples,festival and community event organizers,3,,"Collier Fair & Exposition, Inc. (Collier County Fair)",unknown,unknown,unknown,https://collierfair.com/,"Annual county fair at the Collier Fairgrounds, scheduled March 19-29, 2026; approximately 30 major rides plus kiddie rides","Multi-week fair with livestock shows, a dedicated ""Kiddy Craze"" discounted kids-ride day, and family entertainment.","Big confirmed family attendance with a named kids' day, but a fair midway already runs its own contracted carnival — foam would compete with their existing attraction contract rather than filling a gap. Same structural caveat as the Lee County Fair.",https://collierfair.com/,festival and community event organizers,Naples,4099
Naples,festival and community event organizers,3,,Florida Stone Crabbers Association (Everglades Seafood Festival),unknown,unknown,unknown,https://evergladesseafoodfestival.org/,"56th annual festival, Feb 13-15, 2026, at Everglades City Hall; estimated 50,000-70,000 attendees over three days","Seafood and artisan vendor booths, carnival rides, and community nonprofit booths; run by a 501(c)(3) benefiting local children and community causes.","Very high attendance and an established outside-vendor program, and it is within Collier County. Scored 3 for geography — a 35-40 mile haul from Naples means travel time and cost that a single booking may not cover.",https://evergladesseafoodfestival.org/,festival and community event organizers,"Everglades City (Collier County — ~35-40 miles from Naples, in service area)",4112
Naples,festival and community event organizers,2,,Greater Naples Chamber of Commerce,(239) 262-6376,unknown,unknown,https://www.napleschamber.org/,"Located at 2150 Goodlette-Frank Rd N, Naples 34102; maintains a staff directory and represents the greater Naples business community","Runs a ""Signature Events"" program, recurring Business After 5 networking events and ribbon cuttings, an annual Youth Business Fair for K-12 entrepreneurs, and a ""Jingle & Mingle"" holiday party. No public kids-zone family festival.",Active chamber but its events are B2B networking and holiday functions rather than public family festivals. The Youth Business Fair is the one kid-facing item worth asking about. Value is indirect — a referral hub to member businesses and HOAs.,https://www.napleschamber.org/events/signature-events/,festival and community event organizers,Naples,4125
Naples,festival and community event organizers,2,,Naples Art Institute (Naples New Year's Art Fair),unknown,unknown,unknown,https://www.naplesart.org/new-years-art-fair,Fair features ~250 professional artists from 30+ states; ranked #8 among Top Ten Fine Art Shows in the US,"Two-day juried fine-art fair in Cambier Park and 5th Ave South, plus the related Naples National Art Fair and Downtown Art Fair. No kids zone found; audience skews adult art buyers.",Large and prestigious but no family programming — the ArtFest Fort Myers equivalent has a Publix Art Yard kids zone and this does not. Ask whether they would add one; the attendance would justify it.,https://www.naplesart.org/new-years-art-fair,festival and community event organizers,Naples,4138
Naples,festival and community event organizers,2,,Naples Children & Education Foundation (Naples Winter Wine Festival),(239) 514-2239,unknown,unknown,https://www.napleswinefestival.com/,"Headquartered at 2590 Goodlette-Frank Rd N, Naples 34103; one of the largest charity wine auctions in the US",Annual ticketed donor auction and gala weekend in late January. No public kids zone or open family-day component — attendance is invited donors.,"Enormous nonprofit budget but the format is a private gala, not an open family festival. Recorded because the name suggests opportunity and the reality does not — the foundation funds children's causes but does not run children's events.",https://www.napleswinefestival.com/about-us/,festival and community event organizers,Naples,4151
Naples,kids gyms and youth sports leagues,5,,North Naples Little League,unknown,unknown,unknown,https://www.northnapleslittleleague.com/,"Competitive Little League baseball for ages 4-12 with multiple divisions (AA, AAA, Majors) and formal tryouts","2026 OPENING DAY CONFIRMED FOR FEBRUARY 6, 2026, with tryouts January 5-7 and practices from mid-January.",A dated Opening Day on the calendar is the most actionable event signal in this category — you know exactly when to call and exactly what you are selling into. Large registered player base across three divisions.,https://www.northnapleslittleleague.com/Default.aspx?tabid=1285563,kids gyms and youth sports leagues,Naples,3928
Naples,kids gyms and youth sports leagues,4,,Greater Naples Little League,unknown,unknown,unknown,https://www.greaternapleslittleleague.com/,"Described as Collier County's first and oldest Little League, implying a long-established and large registration base","2026 Opening Day confirmed for FEBRUARY 21, 2026; the site maintains a dedicated ""Save the Date"" page.","A second dated Opening Day two weeks after North Naples — two leagues, two bookable dates, same month, same pitch. The oldest league in the county carries the biggest roster.",https://www.greaternapleslittleleague.com/Default.aspx?tabid=1562868,kids gyms and youth sports leagues,Naples,3941
Naples,kids gyms and youth sports leagues,4,,Gymnastic World Naples,unknown,unknown,unknown,https://www.gwnaples.com/,Full gymnastics gym with recreational and competitive team programs,Runs dedicated summer and holiday camps and weekend birthday parties with full facility rental in two-hour Saturday and Sunday slots.,"Camps plus a standing weekend party business — two ways in. Their two-hour party format matches the Deluxe package almost exactly. Note the same brand name appears in Fort Myers (Gymnastics World, fit 4), so there may be a relationship.",https://www.gwnaples.com/services/events/birthday-parties/,kids gyms and youth sports leagues,Naples,3954
Naples,kids gyms and youth sports leagues,4,,Naples NFL Flag Football (NFFL),unknown,naplesflagfootball@gmail.com (also naplesnflinfo@yahoo.com),unknown (a named individual's personal number appeared in results and is deliberately omitted),https://naplesnflflag.com/,"Premier youth flag football program for boys and girls ages 4-15 in Collier County, playing at North Collier Regional Park","Published fall season game schedule (September-November) and a dedicated ""Tournaments"" page indicating recurring tournament activity.","Active multi-week season plus tournament days at a large regional park, with a published league email. Tournament day and season close are the two natural bookings. Plays at the same park as Sun-N-Fun and C'mon.",https://naplesnflflag.com/tournaments/,kids gyms and youth sports leagues,Naples,3967
Naples,kids gyms and youth sports leagues,4,,Naples Performing Arts Center (NPAC),unknown,unknown,unknown,https://naplesperformingartscenter.com/,"Youth dance, music and theater programming with a recurring ""JuniorStage"" show series","Published summer camp season running June-August for ages 4+, with weekly themed camps, plus a dedicated Summer Camps category and JuniorStage performance events.","Multiple weekly camp cohorts across a full summer, each with a natural end-of-week celebration slot. Performing-arts camps run indoors, so the sale is an outdoor cool-down day.",https://naplesperformingartscenter.com/category/summer-camps/,kids gyms and youth sports leagues,Naples,3980
Naples,kids gyms and youth sports leagues,3,,Naples Element All-Stars,(239) 919-6320,Info@napleselementallstars.com,unknown,https://napleselementallstars.com/,"Elite and prep all-star cheer program with tumbling classes, private lessons and exhibition teams","Competitive all-star cheer team structure implies a competition season with kickoffs and banquets, but no specific party or camp page was confirmed.","Published business phone AND email make this a cheap call, and all-star cheer programs reliably run season kickoffs and end-of-season banquets. Scored conservatively because no event page was confirmed.",https://napleselementallstars.com/cheer-gym-naples-fl/,kids gyms and youth sports leagues,Naples,3993
Naples,kids gyms and youth sports leagues,3,,Naples Family Martial Arts,unknown,unknown,unknown,https://naplesfamilymartialarts.com/,Kids martial arts program with an active RSVP-based birthday party booking system,"Dedicated birthday party page with an RSVP system, describing a class demo plus board-breaking as part of the party.",An actively promoted kids' birthday service is a direct event signal and a natural referral partner — they sell parties indoors and could refer the outdoor version. Gym size unknown.,https://naplesfamilymartialarts.com/birthday-parties-naples/,kids gyms and youth sports leagues,Naples,4019
Naples,kids gyms and youth sports leagues,3,,Naples United FC,unknown,unknown,unknown,https://www.naplesunited.com/,"Competitive club soccer for players 5+, FYSA-affiliated, training at Paradise Coast Sports Complex","Published Academy Tryouts page and a distinct ""Girls 2015 Invite"" registration event, indicating organized recurring club events, but no season-kickoff or end-of-season party evidence.","Tryout and registration events are confirmed and the club trains at a major complex, but no celebration-format event was found. Discovery call.",https://www.naplesunited.com/academy-tryouts,kids gyms and youth sports leagues,Naples,4032
Naples,kids gyms and youth sports leagues,3,,T2 Aquatics (Naples Swim School),(239) 591-0204,unknown,unknown,https://www.t2aquatics.com/,"Swim school with group lessons for ages 3+ at 13275 Livingston Rd, Naples 34109","Runs a ""Tiger Shark Swim Camp"" for ages 6-12 in June and July.","A named summer camp is concrete evidence of organized kid programming. Swim families may find foam less novel than other audiences, but a camp finale still works.",https://www.t2aquatics.com/page/naples-swim-school,kids gyms and youth sports leagues,Naples,4006
Naples,kids gyms and youth sports leagues,2,,City of Naples Youth Flag Football (Parks & Recreation),(239) 213-3020,unknown,City of Naples Parks & Recreation,https://www.naplesgov.com/parksrec,"City-run flag football for grades 1-8, boys and girls, at Fleischmann Park during spring season","No specific event evidence (opening day, party, camp) was found beyond the existence of a spring season.","Likely a decent-size municipal program, but no confirmed event evidence. Reaches the same CITY contact as Fleischmann Park — fold into that conversation rather than calling separately.",https://www.naplesgov.com/parksrec,kids gyms and youth sports leagues,Naples,4045
Naples,municipal parks and recreation,5,,City of Naples Community Services / Parks & Recreation (CITY),(239) 213-7120,events@naplesgov.com; registration@naplesgov.com,Chad Merritt (staff directory entry; role not confirmed),https://www.naplesgov.com/parksrec,"City department overseeing Fleischmann Park, Cambier Park, River Park Community Center and other facilities; administration at 280 Riverside Circle, Naples 34102","Publishes a 2026 Summer Camp Guide, runs the Naples Concert Band and Naples Big Band free concert series at the Cambier Park Bandshell (Nov-April), and holiday break camps.","The CITY-side counterpart to Collier County — a completely separate budget, calendar and approval path. A dedicated events@ email address is the single best entry point for city venues (Fleischmann, River Park, Cambier).",https://www.naplesgov.com/parksrec,municipal parks and recreation,Naples,3292
Naples,municipal parks and recreation,5,,Collier County Parks & Recreation (COUNTY),(239) 252-4000,parksandrecreation@collier.gov,unknown (department line),https://www.collierparks.com/,"Countywide department with dozens of facilities — North Collier Regional Park, Sun-N-Fun Lagoon, Golden Gate Community Center, Eagle Lakes, East Naples Community Park, Immokalee Sports Complex — running registration through ActiveNet","Publishes a public Events calendar including the Neapolitan Family Back to School Expo and ""Christmas Around The World"" at Immokalee Sports Complex; operates Camp Collier summer camps at multiple sites.","The COUNTY-side department-level buyer, controlling multiple aquatic facilities and camps across Collier. One relationship reaches many sites. Uses a formal e-procurement vendor portal (procurement.opengov.com/portal/collier-county-fl) — register before pitching.",https://www.collierparks.com/events/,municipal parks and recreation,Naples,3279
Naples,municipal parks and recreation,5,,Vineyards Community Park (COUNTY),(239) 252-4105 (main Collier Parks line 239-252-4000),unknown,unknown,https://www.collierparks.com/collier_park/vineyards-community-park/,"County community park with a fenced splash pad, playground, and three rentable pavilions","Shaded pavilions confirmed rentable for birthday parties, directly adjacent to the splash pad play area.","BEST STRUCTURAL FIND IN NAPLES. Rentable outdoor pavilions sitting next to a fenced splash pad means water access is already on site and families are already booking the space for parties. This is a demand channel, not just a venue — market to the families renting these pavilions. Check for the same pattern in every remaining city.",https://www.collierparks.com/collier_park/vineyards-community-park/,municipal parks and recreation,Naples,3318
Naples,municipal parks and recreation,4,,Cambier Park (CITY),"(239) 213-3058 (Norris Center staff, for hosting inquiries)",unknown,unknown,https://www.naplesgov.com/parksrec/park/cambier-park,"755 8th Ave S, Naples 34102; bandshell venue used by the Naples Concert Band and Naples Big Band","Confirmed recurring public concert series Nov-April, and the park hosts third-party events including the 5th Avenue South Halloween Spooktacular and Naples PrideFest.",The city's downtown event park — it is where other organizers stage their family events. Value is less as a direct buyer than as the venue you will keep returning to; the Norris Center number is the hosting-inquiry line.,https://www.naplesgov.com/parksrec/park/cambier-park,municipal parks and recreation,Naples,3370
Naples,municipal parks and recreation,4,,Fleischmann Park Community Center (CITY),(239) 213-3020,fleischmannpark@naplesgov.com,unknown,https://www.naplesgov.com/parksrec/park/fleischmann-park,"City community center offering gymnastics, martial arts, creative arts, dance and after-school club programming; also hosts City of Naples youth flag football for grades 1-8 in spring","Runs numerous ""summer and holiday camp programs"" per its official City of Naples page.",CITY facility with confirmed named camp programs and its own published site email — a site-level contact who can request an activity day without going through the county. Youth flag football adds a second audience.,https://www.naplesgov.com/parksrec/park/fleischmann-park,municipal parks and recreation,Naples,3331
Naples,municipal parks and recreation,4,,Immokalee Sports Complex (COUNTY),(239) 252-8811,unknown,unknown,https://www.collierparks.com/collier_park/immokalee-sports-complex/,"Three lighted multipurpose fields, indoor gymnasium, fitness center, a 6-lane competition pool plus a separate activity pool with zero-depth entry and a waterslide","Hosts the Camp Collier summer camp program and community events including a holiday parade and ""Christmas Around The World.""","Runs both a kids' day camp and community events at the same site, with zero-depth pool infrastructure. Note the drive — it is Collier County but roughly 40 minutes inland from Naples, so price travel accordingly.",https://www.collierparks.com/collier_park/immokalee-sports-complex/,municipal parks and recreation,"Immokalee (Collier County — ~40 min from Naples, in service area)",3344
Naples,municipal parks and recreation,4,,Sun-N-Fun Lagoon (COUNTY — North Collier Regional Park),(239) 252-4021 (groups and rentals: 239-252-4073),Diana.Ciardi@colliercountyfl.gov,"Diana Ciardi, groups and rentals contact",https://www.napleswaterpark.com/,"County-operated waterpark at 15000 Livingston Rd with 4 pools, 5 waterslides, a lazy river and a splash playground; seasonal operation","Published private facility rental rates — $1,500/hr with a 2-hour minimum, plus partial-facility per-pool rates and group ticket rates for 20+. Tied to summer opening events and sits inside a park that hosts the Neapolitan Family Back to School Expo.","A named human contact with a direct government email is rare and valuable. Their $1,500/hr private rental rate is also useful pricing context — it tells you what Naples families already pay for an exclusive water event. Caveat: as a full waterpark they are the nearest substitute for foam, so pitch dry-side activations at their events rather than competing head-on.",https://www.napleswaterpark.com/groups-rentals.php,municipal parks and recreation,Naples,3305
Naples,municipal parks and recreation,3,,East Naples Community Park (COUNTY),(239) 252-4414,unknown,unknown,https://www.collierparks.com/collier_park/east-naples-community-park/,"3500 Thomasson Dr, Naples 34112; community center, basketball/racquetball/softball/soccer courts and 59 pickleball courts","Hosts the US Open Pickleball Championships, a large annual tournament with spectators. Not kids or camp oriented.","Proven to host major large-attendance events, so the site and staff can handle vendors. The fit is a family-day or tournament-adjacent booking rather than a kids' camp.",https://www.collierparks.com/collier_park/east-naples-community-park/,municipal parks and recreation,Naples,3383
Naples,municipal parks and recreation,3,,Golden Gate Community Center & Aquatic Facility (COUNTY),(239) 252-6128 (aquatic); (239) 252-4180 (community center),unknown,unknown,https://www.collierparks.com/collier_park/golden-gate-aquatic-facility/,"3300 Santa Barbara Blvd (aquatic) and 4701 Golden Gate Pkwy (community center); heated 25-yard pool, children's activity pool, wading pool, diving boards and slides; community center has a 150-seat auditorium, gym, nine meeting rooms, skate park and BMX track","Year-round swim lessons and classes plus a large multi-use community center hosting recreation programs, but no specific special-events calendar was confirmed.","Strong physical infrastructure — pool, wading pool, large event-capable center — but evidence is ongoing classes rather than one-off events. Note this is the same Golden Gate area as the top-scoring Grace Community School campus.",https://www.collierparks.com/collier_park/golden-gate-aquatic-facility/,municipal parks and recreation,Naples,3357
Naples,municipal parks and recreation,2,,Donna Fiala Eagle Lakes Community Park (COUNTY),(239) 252-3527,unknown,unknown,https://www.collierparks.com/collier_park/donna-fiala-eagle-lakes-community-park/,"11565 Tamiami Trail E, Naples 34113; aquatic complex with lap pool, wading pool, splash pad, community center, fitness center and multiple sports fields",No specific special-events listing found — one source explicitly noted no events currently listed. Splash pad and pool infrastructure suggest camp programming likely runs through it.,"Excellent aquatic infrastructure including a splash pad, but no confirmed event or camp signal in this pass. Worth a call to verify whether Camp Collier runs here before investing time.",https://www.collierparks.com/collier_park/donna-fiala-eagle-lakes-community-park/,municipal parks and recreation,Naples,3396
Naples,party and event rental companies,5,,Taylor Rental — Party Plus (Naples),unknown,unknown,unknown,https://www.taylorrentalnaples.com/,"Described as the largest full-service rental company in Southwest Florida, operating since 1983 at 4472 Corporate Sq, Naples 34104; runs a dual party-rental and contractor/construction-equipment business","NO FOAM OFFERING FOUND. Catalog spans tents, stages and dance floors, inflatable bounce houses and games, dunk tanks, china and silver, linens, candelabras, arches, catering equipment and AV.","THIRD CITY, SAME PARENT GROUP. Taylor Rental / Creative Events scores 5 in Fort Myers, Cape Coral and Naples — the largest rental operator in the region with branches in all three markets and no foam in any catalog. This is the single highest-value partner relationship available; approach it as one regional conversation, not three local ones.",https://www.taylorrentalnaples.com/,party and event rental companies,Naples,3770
Naples,party and event rental companies,4,,AB Event Rentals — STATUS STILL UNRESOLVED,(941) 539-8070,unknown,unknown,https://www.abeventrentals.com/,"Locally-owned full-service event rental company handling setup, with an ""expansive collection of water slides along with party rentals and bounce houses,"" serving Naples, Cape Coral and Fort Myers","RESOLVED IN ROUND 5, LEANING PARTNER — see the Fort Myers record. Targeted searching found no foam product page; the company is Fort Myers-based and serves Naples by delivery.",Upgraded from 2 after five rounds. Same company as the Fort Myers record — one conversation covers four cities.,https://www.abeventrentals.com/water-slide-naples-fl/,party and event rental companies,Naples,3887
Naples,party and event rental companies,4,,All Event Party Rental (Naples Party Rental),(239) 315-2693 / 888-892-7368 (found Round 4),info@naplespartyrental.com (found Round 4),unknown,https://naplespartyrental.com/,"Small family-owned business serving Naples, Marco Island and Bonita Springs","NO FOAM OR INFLATABLE OFFERING FOUND. Specializes in tables, chairs, linens and tents, with prices starting at $295.","A pure tent, table and linen operation with no inflatables means zero channel conflict, and their Marco Island coverage is useful ahead of that round. Their $295 entry price tells you their customer is comfortable at our Classic tier.",https://naplespartyrental.com/services/,party and event rental companies,Naples,3809
Naples,party and event rental companies,4,,Party Time Rentals and Special Events,(239) 263-5471 (found Round 4),unknown,unknown,https://www.partytimerentalsandspecialevents.com/,"Full-service event rental serving Naples, Fort Myers, Estero, Bonita Springs, Marco Island, Cape Coral and Sanibel — effectively the whole service area","NO FOAM OFFERING FOUND. Catalog is tents, tables, chairs, lighting, staging and dance floors. A wedding review describes tent-size planning, lighting and dance-floor recommendations, indicating regular multi-vendor event work.",Covers all eight target cities with visible wedding and corporate volume and zero entertainment inventory. Every family reunion and graduation they tent is a foam referral they cannot currently fill.,https://www.partytimerentalsandspecialevents.com/,party and event rental companies,Naples,3796
Naples,party and event rental companies,4,,Royal Party Rentals,(239) 687-3777,unknown,unknown,https://www.royalpartyonline.com/,"Naples company established 2019; open seven days a week (Mon-Fri 8am-6pm, Sat-Sun 7am-9pm), with a Yelp presence citing 5-star reviews","NO FOAM OFFERING FOUND. Catalog includes tents, tables, chairs, standard and combo bounce houses with basketball/obstacle/climb/slide add-ons, wet and dry water slides, popcorn and cotton candy machines, and photo booths.","Active broad-catalog Naples inflatable company with no foam, and weekend hours running to 9pm indicate real booking volume. Their wet-slide customers are our exact buyer.",https://www.royalpartyonline.com/,party and event rental companies,Naples,3783
Naples,party and event rental companies,4,,The Party Girl Co.,unknown,unknown,unknown,https://www.thepartygirlco.com/,"Naples-based event company ""serving the south of Florida,"" with distinct celebrations and weddings service lines",NO EQUIPMENT OWNED. Focus is event and wedding planning plus balloon decor; as a planner they select and book vendors for clients rather than owning gear.,A pure planner with no inventory is the cleanest subcontract relationship available — nothing to protect and every reason to mark up a vendor. Same profile as My Party Guru in Fort Myers.,https://www.thepartygirlco.com/celebrations,party and event rental companies,Naples,3822
Naples,party and event rental companies,4,,With Love From Naples Party Rentals,unknown,unknown,unknown,https://withlovefromnaplespartyrentals.com/,"Family-owned local business delivering across Naples, Bonita Springs and Fort Myers — CONFIRMED in Round 4","NO FOAM OFFERING FOUND — confirmed in Round 4. Site lists bounce houses, water slides, combo units, tents, tables and chairs, with no mention of foam parties or foam machines anywhere.","UPGRADED FROM 2 IN ROUND 4 once the catalog was actually confirmed. A multi-city inflatable operator with no foam line, covering Naples, Bonita Springs and Fort Myers — three of our eight target cities. No phone found yet.",https://withlovefromnaplespartyrentals.com/about-wlfn-party-rentals-naples-fl-family-owned-local/,party and event rental companies,Naples,3874
Naples,party and event rental companies,3,,Chipmunk Bounce Houses,786-660-3345 (per a directory listing; unverified),unknown,unknown,https://www.chipmunkbouncehouses.com/,"10+ years serving Naples and Ave Maria; address 8274 Key Royal Cir, Naples. CAUTION: Yelp lists this business as CLOSED (updated Feb 2026) while the company's own website appears active and its social pages are live — operating status is ambiguous.","NO FOAM OFFERING FOUND. Catalog is bounce houses, water slides, obstacle courses, tents, tables and concession machines; rentals start at $160 for bounce houses and $250 for water slides.","Would be a 4-5 on catalog and tenure, but the conflicting closure signal caps it. Verify by phone before prioritizing. Their $160-$250 price points are useful market context.",https://www.chipmunkbouncehouses.com/,party and event rental companies,Naples,3835
Naples,party and event rental companies,2,,Resilient Rentals,unknown,unknown,unknown,https://resilient-rentals.com/,unknown — no independent evidence of scale,"Markets itself as a Naples water-slide rental source, stating each rental is ""cleaned and sanitized after every rental."" No foam offering found.","A water-slide specialist with no foam is the right shape for a partner, but there is no evidence of scale. Low-cost call, low expectation.",https://resilient-rentals.com/water-slide-rentals-in-naples-fl/,party and event rental companies,Naples,3861
Naples,party and event rental companies,2,,SW Florida Event Rentals,unknown,unknown,unknown,https://www.swfleventrentals.com/,unknown — no independent evidence of scale beyond the company's own self-description,"Markets itself as a Naples source for ""tents, chairs, tables and more""; no foam offering found, but no booking-volume evidence or catalog depth either.","Confirmed Naples tent and table company with no foam, but nothing independent confirms it is a business of any size. Worth a look, not yet a proven partner.",https://www.swfleventrentals.com/,party and event rental companies,Naples,3848
Naples,party and event rental companies,1,competitor,Celebration Events and Rentals — COMPETITOR (newly identified),unknown,unknown,unknown,https://www.celebrationeventsandrentals.com/,"Self-described as ""Lee & Collier County's best choice for inflatable attractions,"" serving Naples, Fort Myers, Lehigh Acres, Bonita Springs and Cape Coral, with a broad catalog including bounce houses, water slides, mechanical bulls and tents","CONFIRMED COMPETITOR. Their homepage explicitly lists ""foam parties"" alongside inflatables and mechanical bulls as a core offering.",Competitor covering BOTH counties — the widest-reaching foam competitor identified so far. Newly found in this round.,https://www.celebrationeventsandrentals.com/,party and event rental companies,Naples,3913
Naples,party and event rental companies,1,competitor,M & K Inflatables — COMPETITOR (newly identified),unknown,unknown,unknown,https://mandkinflatables.com/,"Naples-based inflatable rental company with a large catalog — bounce houses, waterslides, combos, obstacle courses, dunk tanks and inflatable games","CONFIRMED COMPETITOR, AND MORE COMMITTED THAN FIRST RECORDED. Beyond the ""Foam Parties"" page on their main site, Round 5 found they operate a FOAM-SPECIFIC DBA, ""Beyond Foam Parties,"" delivering foam machines to Estero and surrounding areas.","Competitor, not a partner — and a dedicated foam brand rather than a line item on an inflatables site, which signals real commitment to the category. The most focused foam competitor identified so far.",https://mandkinflatables.com/bounce-house-and-waterslide-rentals-in-naples-2/foam-parties/,party and event rental companies,Naples,3900
Naples,preschools and daycare centers,4,,Creative World School at Naples,(239) 323-7276,unknown,unknown,https://creativeworldschool.com/schools/naples-fl-daycare-preschool-childcare/,"Licensed for up to 202 children — one of the largest single-site capacities found in any city so far. Part of the multi-site Creative World group (also Estero, Gateway, North Naples), owned by Amy and Chris O'Malley.","Runs the corporate ""CampTastic"" school-age summer, spring and winter break camp featuring themed weeks including an ""Island adventure"" week with water games and splash zones.",202-child licensed capacity plus an established school-age camp brand built around themed weeks that already include water games. Same operator as the Fort Myers Gateway campus already on this list — a multi-site conversation.,https://creativeworldschool.com/schools/naples-fl-daycare-preschool-childcare/,preschools and daycare centers,Naples,2961
Naples,preschools and daycare centers,4,,Creative World School at North Naples,(239) 445-3628,unknown,unknown,https://creativeworldschool.com/schools/northnaples/,"Sister campus to Creative World Naples under the same multi-site ownership; newer, larger-format facility",Same corporate CampTastic school-age camp program (ages up to 12) with themed weeks including water games and splash zones.,"A second bookable Creative World site in the same city with confirmed water-themed camp weeks. Pitch both Naples campuses together, and tie to the Gateway campus in Fort Myers.",https://creativeworldschool.com/schools/northnaples/,preschools and daycare centers,Naples,2974
Naples,preschools and daycare centers,4,,Montessori Academy of Naples,(239) 597-2255,info@naplesmontessori.org,unknown,https://naplesmontessori.org,"2655 Northbrooke Dr; programs from 18 months through age 12, running its own dedicated summer program open to non-students as well as current families","Hosts a public family event called ""Sunset Social,"" plus a dynamic theme-based summer program running June-July.",Confirmed public family-event programming plus an open-enrollment themed summer camp — concrete evidence they organize and pay for family gatherings. Published business email.,https://www.naplesmontessori.org/event-details-registration/sunset-social-3,preschools and daycare centers,Naples,2987
Naples,preschools and daycare centers,3,,Naples Preschool of the Arts,(239) 263-2620,unknown,unknown,https://www.naplespreschoolofthearts.com,"Single-site arts-focused preschool at 1789 Mandarin Rd with a ""Summer of the Arts"" camp for ages 4-8; smaller than the multi-site operators above","Confirmed public ""Grand Thanksgiving Performance"" family event at Cambier Park, plus an annual Summer of the Arts camp.","Small, but the arts-showcase culture shows willingness to host and publicize family gatherings, and they already stage events off-site at a city park. Pitch Classic rather than Commercial.",https://www.naplesgov.com/parksrec/page/naples-preschool-artschabad-naples-grand-thanksgiving-performance-cambier-park,preschools and daycare centers,Naples,3013
Naples,preschools and daycare centers,3,,Primrose School of North Naples,(239) 774-6767,unknown,unknown,https://www.primroseschools.com/schools/north-naples,"National accredited franchise; full age range infant through Pre-K plus a dedicated school-age ""Summer Adventure Club"" (K-5th grade)",Runs Summer Adventure Club with rotating weekly themes for school-age kids. The national program page confirms theme-based weeks; this campus's specific theme list was not independently confirmed.,"National brand with real school-age summer programming and premium-paying parents, but the themed-week content for this campus could not be verified, and franchises sometimes need corporate vendor sign-off.",https://www.primroseschools.com/schools/north-naples/classrooms/summer-adventure-club,preschools and daycare centers,Naples,3000
Naples,preschools and daycare centers,2,,The Palm Preschool,(239) 963-9948,info@palmpreschool.com,unknown,https://www.palmpreschool.com/,"Two-location operator — Naples at 13020 Livingston Rd Suite 15, plus a sister Ave Maria campus; full-day daycare with underwater-themed classrooms","No specific evidence of parties, water days, family nights or themed camp weeks was found — only general daycare program descriptions.","Real multi-site operator with a published email and plausible budget, but no verifiable event programming. The underwater classroom theme is a conversational hook, not evidence.",https://www.palmpreschool.com/,preschools and daycare centers,Naples,3026
Naples,schools and PTOs,5,,Community School of Naples (CSN),(239) 597-7575 (Summer Programs ext. 264),unknown,"Dr. Amy Moviel, Director of Summer Programs",https://www.communityschoolnaples.org/support-csn/events/fall-festival,"Independent college-prep day school, EL-12, 1,075+ students on a 77-acre campus — one of the largest and best-funded schools in the region","Dedicated annual ""Fall Festival"" with its own page in the school's Support/Events section. Separately runs summer programs open to non-CSN students, described as ""an enriching day camp that excites their curious minds through themed weeks of play, creativity, physical activities, and academics.""","1,075 students, 77 acres, a named annual festival AND a themed-week summer camp with a named director. Independent school means no district procurement — the school decides. Two separate booking occasions.",https://www.communityschoolnaples.org/support-csn/events/fall-festival,schools and PTOs,Naples,3160
Naples,schools and PTOs,5,,Sea Gate Elementary PTO,(239) 377-8300,seagatepto@gmail.com,unknown,https://www.seagatepto.com/,"Collier County public elementary, 668 students K-5, National Blue Ribbon School","PTO calendar lists Fall Family Fun Night (Nov 1, 5-7pm at school), Spring Family Fun Night, a Walkathon, and Family Movie Night.","An independently run PTO with its own website, its own email and FOUR named recurring family events including two Family Fun Nights. They control their own budget and already program exactly the format foam fits.",https://www.seagatepto.com/fallfamilyfunnight,schools and PTOs,Naples,3186
Naples,schools and PTOs,5,,Seacrest Country Day School,unknown,summer@seacrest.org,unknown,https://www.seacrest.org/,"Private Pre-K-12 independent school at 7100 Davis Blvd, Naples; camp program spans rising grades K-6","Annual ""Stingray Shuffle"" 5K family run/walk (next slated Oct 10, 2026) and an S.P.A. ""Back-to-School Bash"" family event with bounce house, games and food.","The Back-to-School Bash already books a bounce house — same budget line, same decision, and August in Naples makes the foam pitch obvious. The Stingray Shuffle is a second dated occasion. Published summer email.",https://www.seacrest.org/stingrayshuffle,schools and PTOs,Naples,3173
Naples,schools and PTOs,4,,Lake Park Elementary PTO,(239) 377-7200,unknown,unknown,https://lakeparkpto.com/,"Collier County public elementary (""Panthers"")",Annual Walk-A-Thon running since 1985 — the PTO's biggest fundraiser — plus Holiday House and Thanksgiving Feast events on the PTO calendar.,A fundraiser with a 40-year history means an organized PTO with reliable turnout and money. A foam station at the Walk-A-Thon finish is an easy sell.,https://lakeparkpto.com/walk-a-thon/,schools and PTOs,Naples,3225
Naples,schools and PTOs,4,,North Naples Middle School PTO,(239) 377-4600,nnmspto@yahoo.com,unknown,https://nnms.squarespace.com/fall,"Collier County public middle school, 16165 Learning Lane, Naples 34110","Confirmed ""Annual Fall Festival & Haunted House"" run by the PTO, with a dedicated event page.","A PTO-run annual carnival with its own event page and a published PTO email. Middle-school audience skews slightly older than ideal, but a haunted-house-scale event has the budget and attendance.",https://nnms.squarespace.com/fall,schools and PTOs,Naples,3212
Naples,schools and PTOs,4,,The Village School of Naples,(239) 593-7686 (Development Office),unknown,unknown,https://www.villageschoolnaples.org/support/special-events,Private independent school running nine special events annually per its own materials,"Confirmed recurring events including ""Trunk or Treat"" and, explicitly, ""Field Day"" — among nine annual special events.","A named Field Day is the single most direct foam occasion there is, and nine annual events means a real events budget and a Development Office that runs them. Published development phone.",https://www.villageschoolnaples.org/support/special-events,schools and PTOs,Naples,3199
Naples,schools and PTOs,3,,Naples Park Elementary School PTO,unknown,unknown,unknown,https://npe.collierschools.com/meet-the-npe-sharks/parent-teacher-organization-pto,"Collier County public elementary (""Sharks"")","PTO runs recurring family events — Math & Muffins, Parents & Pastries, Literacy/STEAM/Health & Wellness Nights — and the school hosts a district-wide ""CCPS Takeover with FC Naples"" event Oct 3, 2026.","Active PTO with regular family-night programming, but the events found are indoor, breakfast-and-literacy format rather than an outdoor carnival or field day. No direct contact found.",https://npe.collierschools.com/meet-the-npe-sharks/parent-teacher-organization-pto,schools and PTOs,Naples,3238
Naples,schools and PTOs,2,,First Baptist Academy,(239) 597-2233,unknown,"Matthew Sibert, Summer Camp Director",https://fbalions.org/,"Private Christian school, Preschool K3-12, 3000 Orange Blossom Dr, Naples 34109; summer camp 9am-3pm weekdays for ages 5-12, $140/week with a $35 daily option","Camp description: ""Children engage in daily devotions, crafts, sports, and even go off campus for a number of different activities."" No specific school festival, fun day or family night confirmed. NOTE: a ""Naples Baptist Church"" family night surfaced in search but belongs to a separate organization — do not attribute it here.","Verified camp with a named director and clear pricing, but no event evidence for the academy itself. The named camp director is the fastest route to finding out whether theme days exist.",https://www.myfbalions.com/summer-camp,schools and PTOs,Naples,3251
Naples,schools and PTOs,2,,St. Ann Catholic School,(239) 262-4110,unknown,unknown,https://www.stann.net/events,"PK-8 Catholic school operating since 1956 at 542 Eighth Ave, Naples 34102","Maintains a dedicated Events page; no specific carnival, field day or festival was named in available sources.",Long-established downtown parish school likely to run seasonal events — the Cape Coral equivalent (St. Andrew) turned out to run the city's largest four-day festival — but nothing specific was verified here. Worth checking the events page directly.,https://www.stann.net/events,schools and PTOs,Naples,3264
Naples,summer and day camps,5,,Grace Community School — Golden Gate (Naples),(239) 455-4520,unknown,unknown,https://www.gracecommunityschools.com/locations/golden-gate-naples,"5524 19th Ct SW, Naples 34116; licensed child care operating since 1986, ages 1-11, open Mon-Fri 6:30am-6pm year-round. Multi-site SWFL operator with 7+ locations across Lee and Collier.","""The camps are packed with theme weeks, parties, dress-up days, bounce houses, Water Wednesdays, karate, dance, art, and more!"" Weekly themes include Pirate Week, Hawaii Week, Carnival Week and Super Hero Week.","THE STRONGEST MULTI-CITY ACCOUNT ON THIS LIST. Grace scores 4-5 in all three cities researched so far — Fort Myers, Cape Coral and now Naples. They already run Water Wednesdays and rent bounce houses, so foam is a substitution, not a new idea. One corporate conversation could place foam at seven-plus campuses across both counties. Also serves as this city's preschool/daycare record.",https://pages.gracecommunityschools.com/summer-camp/,summer and day camps,Naples,2839
Naples,summer and day camps,4,,Golisano Children's Museum of Naples (C'mon),(239) 514-0084 (birthday parties: 239-260-1704),unknown,unknown,https://www.cmon.org/,"30,000-38,000 sq ft museum inside North Collier Regional Park; week-long camps for ages 5-11, 8:30am-5pm Mon-Fri all summer","""Week-long camps provide a concentrated dose of play-based learning... your child can learn to juggle, explore fossils, marvel at undersea creatures, go behind the scenes of a theatre, participate in sports and learn to mix color at the easel"" — explicit rotating weekly themes. Also runs a dedicated Birthday Parties program with private party rooms and weekend slots.","A new theme every week for a full summer at a major Naples institution, plus a published birthday-party business — two revenue paths. Caveat: predominantly indoor exhibit space; ask about an outdoor courtyard or the surrounding regional park before pitching.",https://www.cmon.org/birthday-parties/,summer and day camps,Naples,2865
Naples,summer and day camps,4,,Greater Naples YMCA (YMCA of Collier County — North Campus),(239) 394-9622,unknown,unknown,https://ymcacollier.org/camp.html,"Full-service campus at 5450 YMCA Rd combining an Early Learning Center with a major school-age Summer Day Camp; day camp, sports camps (ages 7-17) and theater camp (ages 4-12) running continuously since 1967","Summer Day Camp includes weekly pool/swim days plus field trips to Sun-N-Fun, Naples Zoo and the Botanical Garden — an active, outdoor-event-oriented program.","Large nonprofit with real budget and an existing weekly pool-day culture for school-age campers. They already pay for Sun-N-Fun trips, so an on-site foam day is a cheaper substitute with no bus. Also serves as this city's early-learning record.",https://ymcacollier.org/camp.html,summer and day camps,Naples,2917
Naples,summer and day camps,4,,Naples Botanical Garden,(239) 325-1356,unknown,unknown,https://www.naplesgarden.org/children-families/children-families/,"170-acre botanical garden with multiple indoor and outdoor rental spaces; camp for grades 1-6 with named tracks such as ""Wild Florida Wanderers""; also runs a weekly W.O.N.D.E.R. family program Fri-Mon","Distinct themed camp tracks plus a recurring weekly family nature program, and a dedicated Private Events page listing rentable garden venues for celebrations.","170 acres of outdoor space is an excellent physical fit, they run both camps and private event rentals, and the family program gives a recurring audience. Ask early about soap runoff near plant collections — that is the likely objection.",https://www.naplesgarden.org/private-events/,summer and day camps,Naples,2891
Naples,summer and day camps,4,,Royal Palm Academy — Summer Camp,(239) 594-9888,unknown,"Mrs. Jen Clarke, Director of Student Experience",https://www.royalpalmacademy.org/student-life/summer-camp,"16100 Livingston Rd, Naples 34110; private Catholic school Pre-K3 through Grade 8; camp runs seven full weeks each summer, limited to enrolled RPA students","""Seven weeks, with each week featuring a unique theme such as LEGO Camp, Ice Cream Social, RPA Olympics Camp... special guests including representatives from the Collier County Fire Department and animals from Hubbard Farm,"" plus an RPA Olympics with team games and a medal ceremony.","They already build event-style days into camp and already bring in outside guests and attractions — the buying behaviour is proven. RPA Olympics is the obvious slot. Named director. Enrolled-students-only means the sale is to the school, not to parents.",https://www.royalpalmacademy.org/student-life/summer-camp,summer and day camps,Naples,2852
Naples,summer and day camps,3,,City of Naples Parks & Recreation — River Park Community Center Camp,(239) 213-3037 (summer camp line 239-213-3020),riverpark@naplesgov.com; registration@naplesgov.com,unknown,https://www.naplesgov.com/parksrec/park/river-park-community-center,"301 11th Street North, Naples 34102; day camp runs June 1 – July 31, 7:30am-5:30pm, plus documented holiday break camps including a Christmas Camp","Camp description mentions ""a variety of exciting activities, including outdoor games, arts and crafts, and hands-on learning activities,"" and the city separately documents holiday break camps. No specific party or water-day evidence found.","Confirmed full-summer municipal camp with a published site email — an easy contact and a CITY-side budget (distinct from Collier County). No theme-week evidence yet, so the first call is discovery.",https://www.naplesgov.com/parksrec/page/2026-summer-camp,summer and day camps,Naples,2943
Naples,summer and day camps,3,,Collier County Parks & Recreation — Summer Camp (Camp Collier),(239) 252-4000,parksandrecreation@collier.gov,unknown,https://www.collierparks.com/camps/,County-wide program with locations across Collier County; full 9-week summer program at $600 for the full summer,"""Offers a variety of weekly themes... campers will take nature walks, play games, make arts and crafts, participate in different sports, host guests from the community, as well as take weekly swim and field trips."" Weekly swim days, themed weeks, and community guest visits.","Rotating weekly themes plus weekly swim days across multiple county sites is a real recurring cadence, and ""guests from the community"" means they already bring outside providers in. Scored 3 rather than higher because it is a county vendor process rather than a single decision-maker — see the procurement note in the parks section.",https://www.collierparks.com/camps/,summer and day camps,Naples,2878
Naples,summer and day camps,3,,Conservancy of Southwest Florida,unknown,unknown,unknown,https://conservancy.org,"Nature Center at 1495 Smith Preserve Way, Naples; a recent summer welcomed ""124 first through sixth-grade campers"" across ""eight different camp groups... over 20 days"" in four week-long sessions","""Through immersive hands-on activities, guided explorations, interactive learning sessions, and exciting off-site field trips, campers embark on a journey to discover the remarkable ecosystems of Southwest Florida,"" with named field-trip days (Naples Zoo, Rookery Bay, Tigertail Beach).",Verified multi-week camp with a real headcount and a rotating slate of special outing days — an on-site cool-down day is a plausible substitute for a paid excursion. Conservation-education focus makes soap a likely objection; lead with biodegradable solution.,https://conservancy.org/conservancys-summer-camp-encourages-young-nature-explorers/,summer and day camps,Naples,2904
Naples,summer and day camps,2,,Boys & Girls Club of Collier County (Nichols Campus),(239) 325-1700,unknown,unknown,https://bgccc.com/club/nichols-campus/,"Summer Camp June 9 – Aug 1, Mon-Fri 7:30am-6pm, ages 5-18 at the Naples (Nichols) campus; membership free, funded by scholarships and sliding-scale support, implying high enrollment volume","Weak. Only ""full-day, high-quality programming that keeps youth engaged, safe, and learning"" — no specific event, party or theme evidence found.","Real, large-scale Naples camp with long hours serving many kids, and the Lee County sister organization is already on this list — but no verified event signal. A call would likely surface themed days not published online.",https://bgccc.com/club/nichols-campus/,summer and day camps,Naples,2930
Bonita Springs,apartment and condo communities with event staff,5,,VillageWalk of Bonita Springs,(239) 319-0779 or (239) 498-7000,dgibson@kwpmc.com,"Dawn Gibson, Activities Director",https://websites.kw-ic.com/villagewalk,"Large gated HOA community with resort and lap pools; HOA office at 15291 Latitude Drive, Suite 100. CORRECTED AGE STATUS — 55places lists it as 55+, but the community's own materials and resident sources confirm it is NOT age-restricted: a mix of families and retirees, all ages welcome.","Named, full-time Activities Director running an active social calendar — aqua aerobics, bingo, holiday celebrations, bowling and hobby groups.",THE RESCUED PROSPECT OF THIS ROUND. A named Activities Director with a DIRECT EMAIL at a large all-ages community that a retirement directory had wrongly filed as 55+. Without the age-verification step this would have been discarded. Best residential contact in the city.,https://www.hoabulletinboard.com/hoa/vwbsfl/about_hoa/,apartment and condo communities with event staff,Bonita Springs,4841
Bonita Springs,apartment and condo communities with event staff,4,,Bonita National Golf & Country Club,(239) 692-8832,unknown,"Nancy Dagher, Membership & Lifestyle Director",https://www.bonitanationalgolfcc.com/,"1,459 HOMES. ALL-AGES CONFIRMED — all residents are social members of the club; 55places mislabels it as 55+, but Troon and community sources describe it as all ages.","A named full-time Membership & Lifestyle Director organizing clubs and activities across Aerobics, Community Events, Golf, Swimming and Tennis. (A separate pass reviewing this as a golf club found its published calendar adult-skewing — crafts, seminars, themed celebrations, travel.)","1,459 homes with a named Lifestyle Director whose remit explicitly includes Community Events and Swimming. Recorded here rather than under country clubs because the residential/lifestyle angle is where the evidence is strongest. Second community in this city rescued from a bad 55+ label.",https://www.troon.com/press-releases/bonita-national-golf-country-club-lifestyle-director-receives-professional-scholarships/,apartment and condo communities with event staff,Bonita Springs,4854
Bonita Springs,apartment and condo communities with event staff,4,,Pelican Landing Community Association,(239) 947-5977,unknown,Community Association office (a lifestyle director role exists per community materials; individual not verified),https://pelicanlanding.com,"Large master-planned community with a 14,900 sq ft community center; a mix of retirees, professionals and FAMILIES WITH SCHOOL-AGE CHILDREN — confirmed all-ages","Lifestyle director role; year-round activity calendar (trivia night, pasta night, concerts, clubs); private island beach club and a CHILDREN'S PARK and butterfly garden on site.","An explicit children's park plus confirmed school-age families and a 14,900 sq ft community center. This is also the residential community surrounding Pelican's Nest Golf Club (fit 2) — the association, not the golf club, is the buyer.",https://pelicanlanding.com/community-center,apartment and condo communities with event staff,Bonita Springs,4867
Bonita Springs,apartment and condo communities with event staff,3,,Hawthorne Community Association,(239) 249-7000,unknown,"Heather Keel, CAM — Community Association Manager (Cambridge Management of SWFL)",https://hawthornehoa.communitysite.com,"307 single-family homes plus 156 coach homes and condos; confirmed all-ages, a mix of families and retirees. IMPORTANT: the separate nearby sub-community ""Hawthorne Emory Oaks"" IS 55+ — do not confuse the two.","Two community rooms and two pools; ""countless social events and activities"" mentioned generically, but no named lifestyle or activities director confirmed.","All-ages, sizable, two pools and two community rooms, with a NAMED MANAGER as a contact. Weaker than the top two because the events role is a general community manager rather than a dedicated activities director.",https://hawthornehoa.communitysite.com/,apartment and condo communities with event staff,Bonita Springs,4893
Bonita Springs,apartment and condo communities with event staff,3,,The Brooks (Copperleaf / Lighthouse Bay / Pebble Pointe / Shadow Wood / Spring Run),(239) 949-3800,unknown,unknown (Commons Club membership office),https://www.thecommonsclub.com,"2,492-acre master-planned community across five gated neighborhoods; confirmed all-ages — ""a mix of families and retirees,"" with a tot lot playground","Active social calendar through the Commons Club (live entertainment, holiday parties, wine tastings, Super Bowl party); beach club and enrichment center. No single named lifestyle director for the whole master community.","Genuinely all-ages with a playground and real events infrastructure, but staffing is diffuse across the Commons Club and five sub-HOAs, which weakens actionability. Cross-referenced with the Commons Club country-club record — same organization, two angles.",https://www.lifeinbonitasprings.com/blog/the-brooks-bonita-springs-florida/,apartment and condo communities with event staff,Bonita Springs,4880
Bonita Springs,apartment and condo communities with event staff,2,,Monterra at Bonita Springs,(833) 661-6009,unknown,Leasing office,https://www.monterraatbonitasprings.com/,"Large gated apartment community with 1/2/3-bedroom units; all-ages rental community, not age-restricted","Clubhouse, pool and PLAYGROUND on site, but no confirmed events program or lifestyle staff.","The right physical amenities and an all-ages family renter base, but no verified events staff or programming. A playground in an apartment community is a genuine signal of family residents — worth a leasing-office call.",https://www.monterraatbonitasprings.com/amenities,apartment and condo communities with event staff,Bonita Springs,4906
Bonita Springs,apartment and condo communities with event staff,2,,Versol Living,(239) 999-8404 / (855) 915-2875,unknown,Leasing office,https://www.versolliving.com/,"Modern luxury apartment community, studio-3BR; all-ages rental, not age-restricted","Clubhouse ""sponsors regular events for residents"" per site copy, but no named staff or specific programming confirmed.","Generic marketing copy rather than verified programming, and a studio-heavy luxury mix suggests fewer children. Low priority.",https://www.versolliving.com/,apartment and condo communities with event staff,Bonita Springs,4919
Bonita Springs,apartment and condo communities with event staff,1,,Valencia Bonita,unknown,unknown,unknown (a full-time activities director role exists; individual not verified),unknown (GL Homes community),"997 single-family homes on 347 acres. AGE RESTRICTION: 55+ CONFIRMED (GL Homes Active Adult community) — genuinely restricted, not mislabeled.","Full-time activities director, 45,000 sq ft clubhouse, champagne Sunday brunch, Halloween Dog Costume Contest and similar.","Excellent events infrastructure aimed at the wrong audience. Recorded to close the loop — GL Homes communities elsewhere (Marina Bay in Fort Myers, Riverstone in Naples) scored 5 as all-ages, so the builder is not the signal; the age restriction is.",https://www.55places.com/florida/communities/valencia-bonita,apartment and condo communities with event staff,Bonita Springs,4932
Bonita Springs,birthday party venues,4,,Providence Equestrian Center,(941) 677-8606 (call or text),unknown,unknown,http://www.providenceequestriancenter.com/,"Full-service equestrian facility in a preserve area near I-75 exit 116; lessons, boarding, leasing, training, showing, summer camp and special events",Hosts organized children's birthday parties with pony rides and horse-related games; no published price sheet found.,"FARM AND RANCH PATTERN HOLDS FOR A FOURTH CITY. Outdoor arenas and paddocks, an established kids'-party track record, and the water access typical of an equestrian facility. They also run a summer camp — two occasions. Matches M&M Farms (Fort Myers), Saddlewood (Cape Coral) and Good Mood Ranch (Naples).",https://madbarn.com/directory/providence-equestrian-center/,birthday party venues,Bonita Springs,4960
Bonita Springs,birthday party venues,4,,The Wonder Gardens (Everglades Wonder Gardens),(239) 992-2591,unknown,unknown,https://wondergardens.org,Nonprofit zoo and botanical garden on the Imperial River; lawns plus a Victorian-themed Tea Room accommodating up to 200 guests; open daily 9am-4pm; celebrated its 90th anniversary in January 2026,The venue is available for private celebrations including birthdays and weddings; no published price tiers found — contact for package details.,"Large outdoor lawn plus a private event room and an animal/nature draw, already positioned for private birthday bookings, at a 90-year-old institution with genuine local standing. Confirm water hookup and any animal-proximity restrictions, as with Naples Zoo and Corkscrew.",https://wondergardens.org/venue/everglades-wonder-gardens/,birthday party venues,Bonita Springs,4947
Bonita Springs,birthday party venues,2,,Big City Kids,(239) 788-5519,unknown,unknown,https://www.bigcitykidsfl.com/,"Indoor family fun and play center at 12601 Trade Way Dr, Units 1 & 2, Bonita Springs 34135","Published tiered party packages — Weekday Party, Friday Night Party, Weekend Morning Party — each 2-hour blocks for up to 12 kids with a dedicated staff coordinator and place settings; $150 non-refundable deposit to book.","Genuinely well-structured party packages, and their 2-hour/12-kid format plus $150 deposit is useful local price context. But it is purely indoor with no outdoor space or water hookup — value is as a referral partner for families wanting the outdoor version.",https://www.bigcitykidsfl.com/pricing-packages,birthday party venues,Bonita Springs,4973
Bonita Springs,birthday party venues,1,,Cutie Patooties Play Cafe,unknown,unknown,unknown,https://www.cutiepatootiesplaycafe.com/,"Indoor pediatric-PT-informed play cafe at 24860 South Tamiami Trail Suite 1, geared to ages 6 months to 5 years","Hosts birthday parties via a Book Online page, but no package pricing surfaced.",Purely indoor and aimed at under-5s — both the space and the age range are wrong for foam. Recorded to close the loop.,https://www.cutiepatootiesplaycafe.com/book-online,birthday party venues,Bonita Springs,4986
Bonita Springs,breweries and food truck parks that host family events,5,,Riptide Brewing Company — Bonita Springs,(239) 949-9945,unknown,unknown,https://www.riptidebrewingcompany.com/visit-us-bonita-springs,"Second Riptide taproom (the original is in Naples), at 28120 Hunters Ridge Blvd, Unit 1-2, Bonita Springs 34135 — the former Momentum Brewhouse space. Full taproom with pinball and arcade games, beer garden and food truck partners.","Hosts food truck nights, pinball tournaments, fundraising events and live music; family- and dog-friendly per family-blog coverage. Eventbrite lists ongoing Riptide events under Bonita Springs.","RESOLVES A QUESTION CARRIED SINCE ROUND 3. Riptide did not disappear from Naples — it took over Momentum's Bonita Springs site as a second location. Confirmed operating, family- and dog-friendly, with a beer garden and an established event pattern. The Naples location needs a separate verification call.",https://craftapped.com/riptide-brewing-company-bonita-springs/,breweries and food truck parks that host family events,Bonita Springs,5276
Bonita Springs,breweries and food truck parks that host family events,5,,Rooftop at Riverside,(239) 268-0080,unknown,Chris Magnus (referenced as event and programming lead),https://www.eatdrinkparadise.com/,"BONITA SPRINGS' FIRST DEDICATED FOOD TRUCK PARK, on the Imperial River downtown. 11,000+ sq ft open courtyard, a 4,100 sq ft covered structure with deck and patio, an 800 sq ft fireside patio, a 600 SQ FT PLAYGROUND, and a cooling mist wall.","Published recurring calendar — Wooftop Wednesdays (dog-friendly happy hour), Twisted Bingo on Wednesdays, live Motown on Thursdays, and rotating food trucks. Explicitly family-friendly with the on-site playground.","BEST VENUE FIT IN THE CITY. Purpose-built outdoor food truck park with an actual playground on site, 11,000 sq ft of open courtyard, a published events calendar and a named programming contact. The mist wall shows they already think about cooling guests down in Florida heat — that is the pitch.",https://www.eatdrinkparadise.com/calendar,breweries and food truck parks that host family events,Bonita Springs,5263
Bonita Springs,breweries and food truck parks that host family events,4,,Hopsized Brewing Co.,(239) 317-2287,unknown,unknown,https://www.hopsizedbrewing.com/,"Taproom and brewpub at 9201 Cockleshell Court, Unit 13, Bonita Springs 34135; open daily afternoons into evening","Strong published recurring calendar — a monthly ""Night Market at The Springs"" on third Fridays with local craft makers and small businesses, plus Latin Night, yoga, a run club and trivia nights. Also books private events including BIRTHDAY PARTIES, rehearsal dinners, weddings and work functions.","Explicitly family-friendly with a genuinely active calendar, and they already sell private birthday bookings — the clearest commercial path in this category. Held at 4 because no dedicated outdoor lawn or beer garden was confirmed; verify the layout.",https://www.hopsizedbrewing.com/visit/,breweries and food truck parks that host family events,Bonita Springs,5289
Bonita Springs,breweries and food truck parks that host family events,1,,Momentum Brewhouse,(239) 949-9945 (now answers for Riptide at the same address),unknown,"Brian Hahn (founder, per historical listings)",unknown (no longer live),"Formerly a 5-bbl craft brewery at 28120 Hunters Ridge Blvd, Unit 1-2, Bonita Springs 34135, with a tasting room and games but no kitchen",None — business is closed.,"PERMANENTLY CLOSED, resolving a lead carried since Round 3. Its exact address is now Riptide Brewing's Bonita Springs taproom. Recorded so it is not re-researched; use the Riptide record instead.",https://www.yelp.com/biz/momentum-brewhouse-bonita-springs,breweries and food truck parks that host family events,Bonita Springs,5302
Bonita Springs,church youth programs,5,,New Life Church of Bonita Springs,(239) 992-2952,unknown,unknown,https://www.nlcbonita.com/,"Multiple staffed ministries — Kidz Life children's ministry (Pre-K-5th grade with its own Kidz Church service) and Student Life youth ministry (junior high and high school). ALSO OPERATES Bonita Springs Academy, a full preschool/childcare ministry with two outdoor playgrounds and a gymnasium.","Own event page for a ""Fall Festival,"" plus a ""Youth Lock In"" for grades 6-12.","The largest, most program-rich church footprint in the city, with a published Fall Festival and a Youth Lock In — two distinct event formats. The attached academy gives a second audience and its own outdoor space. One relationship, multiple bookings.",https://www.nlcbonita.com/event-details/fall-festival,church youth programs,Bonita Springs,4443
Bonita Springs,church youth programs,4,,First Presbyterian Church of Bonita Springs,(239) 992-3233,communications@fpcbonita.org,unknown,https://fpcbonita.org,Congregation established 1972 (PCA); runs its own Wonder Years Preschool with a dedicated VBS calendar page and a family ministries section,"Vacation Bible School confirmed on the church's own site — Alaskan-adventure theme, hands-on science experiments, games and songs, for ages 4 through current 5th graders.","A dated VBS with a theme and a clear age range, plus a published staff email — one of the few direct email contacts in this category. The attached preschool closes for summer, so VBS is the summer audience.",https://fpcbonita.org/ministries/family/vbs/,church youth programs,Bonita Springs,4456
Bonita Springs,church youth programs,3,,First United Methodist Church of Bonita Springs,(239) 992-1312,unknown,unknown,https://fumcbonita.org/,Established First UMC congregation with a listed children's and youth ministry,"No dated VBS, Trunk-or-Treat or festival page located; only a general youth group mention.","Confirmed, address-verified church with a youth ministry and a published phone. Note that Methodist congregations elsewhere in this research (Cypress Lake UMC, Cape Coral First UMC, Grace Church) all run VBS or fall festivals — likely here too, just not published where search could reach it.",https://fumcbonita.org/,church youth programs,Bonita Springs,4495
Bonita Springs,church youth programs,3,,Gospel Baptist Church (and Christian School),(239) 947-1285,Gospel@mygbcs.com,"Thomas Swett, Youth Pastor",https://mygbcs.com/,"Church operates its own K3-12 Christian school with sports programs (flag football, basketball, volleyball) at 24861 Old 41 Rd — a combined church-plus-school footprint","Published school calendar lists AWANA, a Veterans Day program and a Christmas program; no dated VBS or community festival confirmed.",A NAMED YOUTH PASTOR with a published business email is the most direct contact in this category. Church plus school plus sports means multiple occasions even though none is confirmed yet.,https://www.gospelbaptistchristianschool.com/assets/pdf/School_Calendar_25-26.pdf,church youth programs,Bonita Springs,4482
Bonita Springs,church youth programs,3,,Hope Lutheran Church,(239) 992-6952,info@hopebonita.org (surfaced once; NOT independently verified — confirm before using),unknown,https://hlcbonita.org/,LCMS congregation with an active calendar-of-events page and social presence,"Maintains a ""Calendar of Events"" page. A Trunk-or-Treat appeared in search summaries, BUT the underlying source pointed to a DIFFERENT Hope Lutheran church outside Bonita Springs — this event could NOT be confirmed for this congregation. Treat as unverified.","Real church with an active events calendar, but the one strong event signal turned out to belong to a same-named church elsewhere. Check their actual calendar page before pitching — the honest position is that we do not yet know what they run.",https://hlcbonita.org/calendar-of-events/,church youth programs,Bonita Springs,4508
Bonita Springs,church youth programs,3,,St. Leo the Great Parish (Catholic),(239) 992-0901,unknown,unknown,https://www.stleocatholicchurch.org/,Large parish now ALSO ABSORBING parishioners from the closing Church of the Ascension in Bonita Springs — effectively two congregations' worth of families under one roof,"The Diocese of Venice confirms an active parish with youth ministry programming, but no specific dated VBS or festival page surfaced.",The consolidation is the story — a parish taking on another congregation's families has both scale and a reason to run welcome events. Worth a call specifically about combined-parish family programming.,https://dioceseofvenice.org/find-a-parish/st-leo-the-great-parish-bonita-springs/,church youth programs,Bonita Springs,4469
Bonita Springs,church youth programs,2,,First Baptist Church of Bonita Springs,(239) 992-2952,unknown,unknown,unknown,Southern Baptist congregation with a general youth group listing,"No dated VBS, Fall Festival or Trunk-or-Treat located in this pass.","Address and phone verified via directory listings only, with no event evidence and no confirmed website. Note the phone matches New Life Church's listed main line — verify which organization answers before treating these as separate prospects.",https://www.faithstreet.com/church/first-baptist-church-of-bonita-springs-bonita-springs-fl,church youth programs,Bonita Springs,4521
Bonita Springs,church youth programs,2,,The Springs of Bonita Church,(239) 293-3310,unknown,unknown,https://www.thespringsofbonita.church/,"Small congregation that MEETS OUTDOORS at Riverside Park (Old US 41, downtown Bonita Springs) on Sunday mornings; has tot, kids and teen (""Student Ministries"") programs","Student Ministries performed at a Christmas Eve Candlelight service; no VBS, Fall Festival or Trunk-or-Treat confirmed.","A church with no building has no venue and limited budget — but it already gathers at Riverside Park, the city's main event venue, which is an unusual and interesting angle if they ever run a family day there.",https://www.thespringsofbonita.church/,church youth programs,Bonita Springs,4534
Bonita Springs,country clubs,4,,Bonita Bay Club,(239) 495-0200; membership office (239) 949-5061,"unknown (an aggregator-sourced address surfaced but its domain did not match the club's own site, so it was discarded rather than recorded)",unknown — verify the Membership Director name on bonitabayclub.net/contact-us before outreach,https://www.bonitabayclub.net,"Large private club community across 2,400 acres with multiple villages; decades established","Community events explicitly include an ANNUAL CHILDREN'S EASTER EGG HUNT, plus a Christmas Tree Lighting and a Bay Breeze Concert Series described as open to all residents and guests. Club dining and pool are flagged as kid-friendly (kids' menu, multi-use family pool).","A named, recurring children's event plus kid-friendly dining and pool — a real family draw rather than adult golf with family language bolted on. 2,400 acres means scale.",https://www.bonitabayclub.net/events-reservation,country clubs,Bonita Springs,4731
Bonita Springs,country clubs,4,,Shadow Wood Country Club,(239) 992-6000,dosborn@shadowwoodcc.com,"Danita Osborn, Director of Membership",https://www.shadowwoodcc.com,"Large club with three championship golf courses, currently mid-way through a $22.5M clubhouse and pool renovation","Explicit ZERO-DEPTH-ENTRY KIDS' POOLS built for families, opening as part of the 2026 renovation, and member commentary that ""children and grandchildren love to visit the club."" New resort-style pool complex targets multi-generational use.","Hits the grandkids angle exactly, with a purpose-built kids' pool and a NAMED DIRECTOR OF MEMBERSHIP WITH A DIRECT EMAIL — the cleanest club contact in this city. The renovation is the hook: a new family pool complex needs programming to fill it.",https://www.shadowwoodcc.com/lifestyle,country clubs,"Bonita Springs (mailing address 22801 Oakwilde Blvd, Estero FL 34135 — marketed as Bonita Springs; Estero round should skip)",4744
Bonita Springs,country clubs,3,,Palmira Golf Club / Palmira Golf & Country Club,(239) 949-4466; membership/marketing (239) 444-3734,unknown,"Ron M. Parris, PGA — General Manager; MJ Chappy, Director of Membership & Marketing",https://golfclubatpalmira.org (master HOA: mypalmira.org),"Private member-owned 27-hole community of 13 neighborhoods, with a separate Renaissance Center Club offering pool, spa and fitness. No age restriction found.","A poolside ""TIKE BAR"" and a heated lagoon-style family pool are explicitly called out, plus a Renaissance Center for community gatherings. The events calendar otherwise skews adult — golf tournaments, men's and ladies' days, couples events. No named kids' event.","A poolside ""tike bar"" is an unusually direct signal that children are expected at the pool. Two named contacts. Held at 3 pending a confirmed family event — one qualifying call should settle it.",https://golfclubatpalmira.clubhouseonline-e3.com/Amenities.aspx,country clubs,Bonita Springs,4770
Bonita Springs,country clubs,3,,The Commons Club at The Brooks,(239) 949-3800; membership direct (239) 949-3816,unknown,"Kat Allen, Membership Director; Joseph Archazki, General Manager (239-949-3804)",https://www.thecommonsclub.com,"Member-owned club with ~2,300 MEMBER FAMILIES across a 2,492-acre master-planned community of five gated neighborhoods (Copperleaf, Lighthouse Bay, Pebble Pointe, Shadow Wood, Spring Run). Confirmed all-ages — ""a mix of families and retirees,"" with a tot lot playground","Park-like campus with a playground and interactive fountain, an Enrichment Center, a beach club, and an active social calendar (live entertainment, holiday parties, wine tastings, Super Bowl party). No single named kids' event found.","2,300 member families and a playground with an interactive fountain is real family infrastructure, and two named contacts including a Membership Director. Held at 3 because no named recurring kids' event was confirmed — the fountain and tot lot suggest one exists.",https://www.thecommonsclub.com/contact-directions/contact-info,country clubs,Bonita Springs (address 9930 Coconut Rd is technically Estero FL 34135 — marketed as The Brooks/Bonita Springs; Estero round should skip),4757
Bonita Springs,country clubs,3,,Worthington Country Club,(239) 495-2278,unknown,unknown,https://www.worthingtoncc.net/,"Member-owned bundled-golf community at 13500 Worthington Way. AGE STATUS DISPUTED — one research pass recorded it as confirmed 55+ citing Seniorly; a second pass found no age restriction. Seniorly was independently shown in this same round to MISLABEL communities (it lists the all-ages VillageWalk as 55+), so the 55+ claim rests on a source of demonstrated unreliability. TREAT AS UNRESOLVED and ask directly.","Family-friendly pool swimming, kids practicing at the golf range and kid-friendly dining options are mentioned, but the bulk of programming (Mahjongg, Bridge, Bingo, model yachting, dinner dances) reads adult/senior. No named family event.","Recorded at 3 rather than 1 precisely because the 55+ claim is unreliable. If it is all-ages, the kid-facing amenities (pool, junior range access, kids' menu) make it a genuine prospect; if it is 55+, drop it. One question resolves a two-point swing.",https://www.worthingtoncc.net/,country clubs,Bonita Springs,4783
Bonita Springs,country clubs,2,,Pelican's Nest Golf Club,(239) 992-7782,sales@pelicansnest.org,unknown,https://pelicansnest.org,"36-hole Tom Fazio-designed private club within Pelican Landing, with a 45,000 sq ft clubhouse","Offers ""Family Memberships,"" but programming described is tournaments, clinics and social golf events with no confirmed kids' club, family pool event or grandchildren programming.","Golf-only positioning fails the family qualifier despite a family membership tier. NOTE: the surrounding Pelican Landing Community Association scores 4 as a residential prospect with a children's park — the community, not the golf club, is the door.",https://www.bonitaesteromagazine.com/businesses/fl-bonita-springs-pelicans-nest-golf-club-at-pelican-landing,country clubs,Bonita Springs,4822
Bonita Springs,country clubs,2,,Spanish Wells Golf & Country Club,(239) 992-5100,unknown,unknown,https://www.spanishwellscountryclub.com/,"27-hole club with tennis, pickleball, bocce, fitness and a heated pool","Offers a ""Junior Executive Membership"" and a ""Family Membership"" tier plus a heated tropical pool, but no confirmed kids' club, family event or grandchildren programming. Mostly adult social, golf and wedding hosting.","Membership tiers imply families are present, but implication is not evidence. Do not prioritize without a verifying call.",https://www.spanishwellscountryclub.com/,country clubs,Bonita Springs,4796
Bonita Springs,country clubs,2,,Vasari Country Club,unknown,unknown,unknown,https://www.vasaricountryclub.com,"Gated golf community with a lagoon-style resort pool, tennis and bocce","Resort pool and general ""family and friends"" amenity language, but named events are holiday parties, themed nights and wine dinners — all adult-oriented. No kids' club or family event found.","Amenities could support family visits but there is no concrete evidence of family or kids programming, and no published contact details at all.",https://www.vasaricountryclub.com/lifestyle,country clubs,Bonita Springs,4809
Bonita Springs,festival and community event organizers,4,,City of Bonita Springs — Special Events Office,(239) 949-6262,unknown,"Communications Department, City of Bonita Springs",https://www.cityofbonitasprings.org/services___departments/communications_department/special_events,"The municipal special-events function that produces and permits Celebrate Bonita, Star Spangled Bonita, Taste of Bonita, Movies in the Park and other recurring festivals at Riverside Park (10450 Reynolds St). Special event permit applications take ~45 days.",Umbrella organizer for multiple recurring citywide festivals with food and vendor components; family-friendly programming is standard across its events.,"THE SINGLE ENTRY POINT for this city's festival slate — they both run their own events and permit everyone else's, so one relationship opens several activations and surfaces every third-party event in town. Same pattern as Cape Coral's Special Events Division. Note the 45-day permit lead time.",https://www.cityofbonitasprings.org/services___departments/communications_department/special_events,festival and community event organizers,Bonita Springs,5144
Bonita Springs,festival and community event organizers,4,,Star Spangled Bonita (City of Bonita Springs),(239) 949-6262,unknown,City of Bonita Springs Communications Department,https://www.cityofbonitasprings.org/services___departments/communications_department/4th_of_july,"Free city-produced annual event at Riverside Park with a live band, food trucks and a 50-minute drone, fireworks and laser show. 2026 DATE SET: Saturday, July 4, 2026.","Explicitly includes ""kid's activities"" alongside live music and food trucks; beverage sales benefit the Bonita Springs Rotary Club, indicating an existing sponsor and vendor structure.","A confirmed kids' activities component, a dated 2026 slot, free admission driving large turnout, and an existing vendor structure. July 4 in Florida is peak foam weather. Book through the Special Events Office above.",https://www.cityofbonitasprings.org/services___departments/communications_department/4th_of_july,festival and community event organizers,Bonita Springs,5157
Bonita Springs,festival and community event organizers,3,,Bonita Blues Festival,unknown,unknown,unknown,https://www.mustdo.com/events/bonita-blues-festival-2/,"Recurring two-day music festival, 10+ years running, at Riverside Park with local, regional and international blues acts and multiple vendors","Two-day festival, rain or shine, with vendor booths; CHILDREN 12 AND UNDER ADMITTED FREE — but no named kids' zone or kids-specific activities.","Free child admission is a deliberate choice that tells you families attend, and a two-day vendor ecosystem already exists. No kids programming yet, which is the opening — propose the kids' zone they do not have.",https://www.lifeinbonitasprings.com/blog/bonita-blues-festival-riverside-park-bonita-springs-florida/,festival and community event organizers,Bonita Springs,5196
Bonita Springs,festival and community event organizers,3,,Bonita Springs Area Chamber of Commerce (SWFL Inc.),(239) 992-2943,unknown,unknown,https://www.swflinc.com/bonita-springs,"Community Business Expo drew 1,500+ attendees and 80+ exhibitors at The Promenade; also runs Business After Hours mixers. Offices at 25071 Chamber of Commerce Dr, Bonita Springs 34135.","Annual Community Business Expo in a vendor-exhibitor format with real attendance figures, but no confirmed kids' zone.","A vendor-friendly expo with 1,500+ attendees and an established exhibitor process, though the audience is B2B rather than family. Real value is as a referral hub into member businesses, HOAs and the other organizations on this list.",https://swfloridabusinesstoday.com/1500-attended-bonita-springs-chamber-community-business-expo/,festival and community event organizers,Bonita Springs,5170
Bonita Springs,festival and community event organizers,3,,Bonita Springs Independence Day Parade (Firefighters Local 3444 Benevolent Fund),(239) 301-8402,unknown,Tyler Bess,https://bonitaspringsparade.com/,"Annual July 4th parade on Old 41, organized since 1958 by the Bonita Springs Firefighters union, drawing thousands of spectators","Formal sponsorship tiers that INCLUDE A VENDOR BOOTH, unlimited parade entries, and banner and map placement.",A NAMED CONTACT WITH A DIRECT PHONE and a published sponsorship structure that already includes vendor booths — unusually easy to buy into. Held at 3 because a street-route parade offers limited space for a stationary foam setup; ask whether a companion festival footprint exists.,https://bonitaspringsparade.com/sponsorship/,festival and community event organizers,Bonita Springs,5183
Bonita Springs,festival and community event organizers,2,,Bonita Springs Farmers Market,unknown,unknown,unknown,https://www.buylocallee.com/markets/bonita-springs-farmers-market/,"Seasonal weekly market, first Saturday in October through May, 8am-Noon, at The Promenade at Bonita Bay, 26795 S Bay Dr; produce, baked goods and an expanding artists and crafters section","A recurring weekly draw, but no kids programming, attendance figures, or confirmed vendor-application process for outside activation vendors.","Weekly family foot traffic through the season, but thin verifiable detail and no contact route found. Note the season runs October-May — the opposite of peak foam months.",https://www.buylocallee.com/markets/bonita-springs-farmers-market/,festival and community event organizers,Bonita Springs,5248
Bonita Springs,festival and community event organizers,2,,Bonita Springs Lions Club,unknown,office@bonitalions.org,unknown,https://www.bonitalions.org/,"Long-running civic nonprofit whose thrift store generates $250,000+/year distributed as grants to local schools, scholarships and disability sports programs; also runs a Wednesday community market","Regular fundraisers — a pancake breakfast running since 1972, bingo, comedy and brunch events, and a dog-walk fundraiser at Lovers Key State Park. No kids' zone or festival-scale attendance figures.","Events skew adult, but the $250k/year in grants TO LOCAL SCHOOLS is the real story — they fund the schools on this list. A sponsorship conversation rather than a booking.",https://www.bonitalions.org/,festival and community event organizers,Bonita Springs,5235
Bonita Springs,festival and community event organizers,2,,Bonita Springs National Art Festival (Arts Bonita),(239) 495-8989,artfest@artsbonita.org,unknown,https://artsbonita.org/artfest-application-info/,"Multi-show recurring national juried art festival, listed on ZAPPlication with shows running into 2027; $40 vendor application fee, up to four applications per show","A recurring national art festival series with multiple shows per year, but no evidence of a kids' zone or kids programming in vendor materials.","Active, well-run vendor application infrastructure and a published email, but this is a juried fine-art vendor festival, not a family event — the same pattern as the Naples New Year's Art Fair. Note Arts Bonita also runs the youth summer camp recorded above; the camp is the better door.",https://artsbonita.org/artfest-application-info/,festival and community event organizers,Bonita Springs,5209
Bonita Springs,festival and community event organizers,2,,Taste of Bonita (Bonita Springs Historical Society),(619) 267-5141,unknown,Wendy Wilson-Gibson,https://bonitahistoricalsociety.org/tasteofbonita/,"Community fundraiser that returned in 2025 after a 13-year hiatus; proceeds support free educational programs reaching 5,000+ schoolchildren and community members annually","A food-tasting fundraiser with restaurant participation, $50 adult / $25 child suggested donation. No kids' zone.","A named contact with a direct phone, and the child pricing tier shows families are expected — but the format is an adult tasting event. The organization's schools programming (5,000+ children) is the more interesting angle than the festival.",https://bonitahistoricalsociety.org/tasteofbonita/,festival and community event organizers,Bonita Springs,5222
Bonita Springs,kids gyms and youth sports leagues,5,,Bonita Springs Little League,(239) 498-6438,unknown (a search snippet showed an address but it was garbled and unverifiable — omitted rather than guessed),league board via website,https://www.bonitaspringslittleleague.com/,"T-ball, baseball and softball divisions for ages 4-16, with multiple teams and fields on Pine Avenue","PUBLISHED 2026 SPRING SEASON DATES — Feb 7, 2026 through May 23, 2026, with registration closing Dec 10, 2025. Dedicated Calendar of Events page.","Both ends of the season are dated on the league's own site, so you know exactly when to call and what to sell — Opening Day around Feb 7, or an end-of-season celebration in late May. Fields on Pine Avenue put it beside the Community Park complex.",https://www.bonitaspringslittleleague.com/,kids gyms and youth sports leagues,Bonita Springs,5047
Bonita Springs,kids gyms and youth sports leagues,4,,Bonita Gymnastics Academy,(239) 880-3547 (also listed as 239-887-1910 in one source — verify),BonitaGymnasticsAcademy@gmail.com,front desk (published business email),https://www.bonitagymnasticsacademy.com/,"Toddler and preschool gymnastics, tumbling, recreational and pre-team classes; single location at 12622 Trade Way Dr, Unit 6","Dedicated ""Parties and Rentals"" page plus Spring Break Camp and summer camp pages on their own site.","Already runs both birthday parties and school-break camps, with a published email — they sell parties, so the concept needs no explaining. A natural referral partner for customers wanting an outdoor option.",https://www.bonitagymnasticsacademy.com/parties-and-rentals,kids gyms and youth sports leagues,Bonita Springs,5060
Bonita Springs,kids gyms and youth sports leagues,3,,Azzurri Storm,(239) 289-0564,unknown,club office via website,https://azzurristorm.com/,"Described as ""the most established club in the greater Naples and Bonita Springs area,"" year-round for ages 3-18, based at Bonita Springs Soccer Field",Published tryouts page with a stated recurring window of mid-April to early May.,"A recurring dated tryout season and a published phone, operating out of a Bonita Springs field. Covers both Bonita Springs and Naples families — a two-city club.",https://azzurristorm.com/tryouts/,kids gyms and youth sports leagues,Bonita Springs,5099
Bonita Springs,kids gyms and youth sports leagues,3,,Bonita Bull Sharks Youth Football and Cheer,unknown,unknown,"organization — in-person registration at Bonita Springs High School, Tue/Thu 6-7pm and Sat 11:30am-1pm",https://bullsharkfootball.wixsite.com/bonitabullsharks,"Fields football plus multiple cheer squads (Juniors, JV, Varsity, competitive); affiliated with SWFYFL","Practices begin in April, in-season 2-3 evenings per week; the season structure implies an end-of-season or trophy event, but no dated event page was found.","Covers both football and cheer, doubling the roster and the family base, and the published in-person registration times tell you exactly where and when to find the board. No dated event yet.",https://bullsharkfootball.wixsite.com/bonitabullsharks,kids gyms and youth sports leagues,Bonita Springs,5073
Bonita Springs,kids gyms and youth sports leagues,3,,Goldfish Swim School — Bonita Springs,unknown,unknown,front desk via website contact form,https://goldfishswimschool.com/bonita-springs,"National franchise swim school with a dedicated Bonita Springs location; ages 4 months to 12 years, 4:1 class ratio, indoor heated pool","No specific dated event surfaced for this location; the franchise model typically runs ongoing sessions and birthday parties, but that was not confirmed here.","Fills the swim-school segment that earlier rounds kept missing, and a franchise with a 4:1 ratio implies real enrollment volume. Note an earlier round found Goldfish's ""Fort Myers"" pages were service-area pages for a Bonita Springs facility — this is that facility.",https://goldfishswimschool.com/bonita-springs,kids gyms and youth sports leagues,Bonita Springs,5086
Bonita Springs,kids gyms and youth sports leagues,2,,Bonita Buccaneers Youth Football & Cheer,unknown,unknown,league office via registration portal,https://www.sportsengine.com/org/bonita-buccaneers-youth-football,"Registered nonprofit (""Bonita Youth Football & Cheer"" per IRS filings); fields youth football and cheer squads",No specific dated season-kickoff or event page found; presence on the USA Football League Finder confirms active status.,"Confirmed active and nonprofit-registered, but no dated event and no contact details — and it competes for the same players as the Bull Sharks. Pursue the Bull Sharks first.",https://leaguefinder.usafootball.com/leagues/bonita-buccaneers-youth-football-cheer,kids gyms and youth sports leagues,Bonita Springs,5125
Bonita Springs,kids gyms and youth sports leagues,2,,Bonita Springs Wildcats,unknown,unknown,club office via website,https://www.bonitaspringswildcats.org/,"Recreational soccer for ages 6-15 plus a competitive program, playing out of the Bonita Springs Soccer Complex",No specific dated tryout or season-kickoff page surfaced; the club emphasizes affordability and community access.,"Confirmed operating club with its own field complex, but no dated event and no published contact details. The affordability positioning also suggests a tighter budget than the competitive clubs.",https://www.bonitaspringswildcats.org/,kids gyms and youth sports leagues,Bonita Springs,5112
Bonita Springs,municipal parks and recreation,5,,City of Bonita Springs Parks & Recreation Department (CITY),(239) 992-2556,unknown,unknown,https://www.bonitaspringsparks.org/,"Full municipal department operating Community Park (26740 Pine Ave), Community Pool, Riverside Park, Depot Park, the Dog Park and other city parks and trails","Hosts and produces Celebrate Bonita, Star Spangled Bonita, Taste of Bonita and Movies in the Park; publishes a Recreation Center calendar; promotes YMCA Summer Camp 2026 on its own site.","The umbrella department that owns every city park and produces the city's festival slate. One relationship reaches the camps, the pool, the pavilions and the festivals. Vendor route runs through city procurement (cityofbonitasprings.procureware.com) — register first.",https://www.bonitaspringsparks.org/,municipal parks and recreation,Bonita Springs,4634
Bonita Springs,municipal parks and recreation,5,,Riverside Park (CITY),"(239) 992-2556 (special events permits: City Communications Dept, 239-949-6262)",unknown,unknown,https://www.bonitaspringsparks.org/riverside_park,"Downtown Bonita Springs off Old 41; includes the Historic Liles Hotel, Artist Cottages, Butterfly Garden, a Bandshell, covered shelters and a pavilion with restrooms","The primary venue for nearly every major city event — Celebrate Bonita, Star Spangled Bonita, Taste of Bonita, Movies in the Park, the Bonita Blues Festival, charity runs and concerts. The city publishes a Special Events Packet for organizers, and has a dedicated Rentals page.","The city's flagship event park with both a rentals page and a formal permitting process — two routes in. Nearly every festival prospect in this city happens here, so learning this venue's rules once serves many bookings. Permit applications take ~45 days, so plan ahead.",https://www.bonitaspringsparks.org/riverside_park,municipal parks and recreation,Bonita Springs,4647
Bonita Springs,municipal parks and recreation,4,,Bonita Springs Community Park & Recreation Center (CITY),(239) 992-2556,unknown,unknown,https://www.bonitaspringsparks.org/community_park/rentals,"26740 Pine Avenue; Recreation Center, 9-hole disc golf, two tennis courts, baseball/softball complex, skate park, playground and an outdoor pavilion. The Community Pool sits at 26890 Pine Ave in the same complex.",Published Rentals page for the Community Park Pavilion; Recreation Center calendar page; hosts the YMCA summer camp on site. Exact fee schedule was not retrievable — confirm by phone.,"STRUCTURAL FIND, THIRD CITY RUNNING. The rentable pavilion sits roughly 150 feet from the Community Pool — water hookup and an aquatic draw already on site. This is both a venue and a demand channel: market to families who book this pavilion. Same pattern as Vineyards Community Park in Naples.",https://www.bonitaspringsparks.org/community_park,municipal parks and recreation,Bonita Springs,4660
Bonita Springs,municipal parks and recreation,4,,Bonita Springs Community Pool (CITY),(239) 947-1948,unknown,unknown,https://www.bonitaspringsparks.org/community_pool,"26890 Pine Avenue at W. Terry St; 8 lap lanes, 3'9""-6' depth, heated 82-86°F; admission reportedly ~$5 adult / $3 child under 12 (secondary source, unverified)",Public aquatic facility adjacent to the Community Park pavilion. A kids' splash/play area is referenced in secondary sources but NOT confirmed as a splash pad on the official city page — treat as unverified.,"Directly next to the rentable pavilion, completing the pavilion-plus-water pattern. Municipal pools elsewhere in this research (Fort Myers Aquatic Center, Sun-N-Fun) already sell pool parties, so ask whether this one books private groups.",https://www.bonitaspringsparks.org/community_pool,municipal parks and recreation,Bonita Springs,4673
Bonita Springs,municipal parks and recreation,3,,Bonita Beach Park (LEE COUNTY),unknown (Lee County Parks & Rec: 239-533-7275),leeparks@leegov.com,unknown,https://www.leegov.com/parks/beaches/bonitabeach,"County-operated beach park on Little Hickory Island; swimming, sheltered picnic areas, sand volleyball, restrooms and showers, picnic shelters, paddlecraft launch, food concession; $2/hr metered parking","Lee County runs a countywide shelter, building, ballfield and gym rental system with fees due in full at booking; no beach-specific festival or camp calendar surfaced for this location.","This is LEE COUNTY, not the city — a different budget and procurement path (leegov.ionwave.net), and the same county department already recorded under Fort Myers. Rentable shelters and a beach draw, but sand and salt water complicate foam setup.",https://www.leegov.com/parks/beaches/bonitabeach,municipal parks and recreation,Bonita Springs,4686
Bonita Springs,municipal parks and recreation,2,,Depot Park (CITY),unknown (route through 239-992-2556),unknown,unknown,https://www.bonitaspringsparks.org/parks___trails/depot_park,"10375 Pennsylvania Ave, across the railroad tracks from Riverside Park; natural playground, restrooms, floating dock on the Imperial River, covered pavilion","The pavilion hosts occasional art shows and community gatherings, but no dedicated rentals page or fee schedule surfaced, and there is no pool or splash pad on site.",Has a pavilion and a playground but no adjacent water feature and no confirmed rental infrastructure — fails the pattern that makes Community Park interesting. Its value is proximity to Riverside Park for overflow.,https://www.bonitaspringsparks.org/parks___trails/depot_park,municipal parks and recreation,Bonita Springs,4699
Bonita Springs,municipal parks and recreation,1,,Bonita Springs Dog Park (Bark-N-Play Park) (CITY),unknown (route through 239-992-2556),unknown,unknown,https://www.bonitaspringsparks.org/parks___trails/other_parks,"E. Terry St at Matheson Ave; 6-acre off-leash park with fenced dog areas, covered pavilion, dog-wash station, picnic tables and an asphalt path","No evidence of ticketed events, camps or rentable pavilion for private parties; appears to be free, unstaffed park use.",No booking or rental infrastructure and no event programming — not a realistic channel. Recorded so it is not re-researched.,https://www.bonitaspringsparks.org/parks___trails/other_parks,municipal parks and recreation,Bonita Springs,4712
Bonita Springs,party and event rental companies,5,,Taylor Rental / Creative Events & Rentals — Bonita Springs line,(239) 992-1210 (DEDICATED BONITA SPRINGS LINE); toll-free 1-800-421-2393,unknown,unknown,https://www.taylorrentalnaples.com/ ; https://creativeevents1.com/,"Founded 1973; Southwest Florida's largest event planning, production and rental business, with a full-line inventory (tents, tables, chairs, china, glassware, linens, inflatables)",NO FOAM OFFERING FOUND in any search or on-site service listing across four cities of research. Product line is general event rentals.,"FOURTH CONSECUTIVE CITY AT 5, and they maintain a DEDICATED BONITA SPRINGS PHONE NUMBER. Alongside Grace Community School, this is one of the two highest-value relationships on the entire list. Approach once, regionally, covering Fort Myers, Cape Coral, Naples and Bonita Springs together.",https://www.taylorrentalnaples.com/party-rentals.asp,party and event rental companies,Bonita Springs,5006
Bonita Springs,party and event rental companies,4,,Garcia's Party Rentals,(239) 202-6004,unknown,Jose Garcia (owner),https://garciaspartyrentalsbros.com/,"Small, locally owned family business at 11670 Chapman Ave, Bonita Springs 34135; teen-entrepreneur-led startup with a growing inventory — water slides, mechanical bulls, bounce houses, tables, chairs, tents","NO FOAM listed anywhere in their own site inventory (Rentals, All-Items and FAQ pages all checked). HOWEVER they appear on a third-party directory, foampartyamerica.com, which shows no actual foam equipment or service description on their own site — likely an unclaimed directory entry rather than confirmed ownership.","The only genuinely Bonita Springs-based inflatable company found, with no foam on their own site. A young growing operation is more likely to welcome a subcontract than a established one. Discounted from 5 only by the unresolved directory listing — ask directly on the first call.",https://garciaspartyrentalsbros.com/rentals/,party and event rental companies,Bonita Springs,5019
Bonita Springs,party and event rental companies,4,,"TLC Marketing & Creative Services, Inc.",(239) 405-8115,unknown,unknown,https://tlcmarketing-events.com/,"Bonita Springs-headquartered at 9240 Bonita Beach Rd, Ste 3317; 17+ years in business, woman-owned, Florida-certified; full-service boutique marketing, PR and event planning firm serving Bonita Springs, Estero, Naples and Fort Myers","NO foam, bounce houses or inflatables anywhere on their site — they plan and produce events and would source entertainment vendors rather than own equipment.","A planner with no inventory is the cleanest subcontract relationship available — nothing to protect and every reason to mark up a vendor. Same profile as My Party Guru (Fort Myers) and The Party Girl Co. (Naples). Corporate and community events are their lane, which suits the Commercial tier.",https://tlcmarketing-events.com/event-planning/,party and event rental companies,Bonita Springs,5032
Bonita Springs,preschools and daycare centers,5,,Growing Room Child Development Center (Bonita Springs),"(239) 495-0045 (a directory also lists 239-466-6646, which is the Fort Myers line — verify)",unknown,unknown,https://growingroomchilddevelopment.com/locations/bonita-springs-florida/,"25151 Bernwood Drive, Bonita Springs 34135, opened May 2013; MAX LICENSED CAPACITY 232 CHILDREN — one of the largest single-site capacities found anywhere in this research. Infant through preschool plus ""Camp Adventurer"" K-5 school-age program.","Summer camp theme ""Adventures in the Animal Kingdom"" with TWO SWIM/WATER DAYS PER WEEK built into the program, plus weekly field trips to Naples Zoo, Sky Zone, Lakes Park and the movies.","232-child capacity and twice-weekly water days already funded. Same operator as the Fort Myers Gladiolus campus, which also scored 5 — a two-site conversation. Foam replaces a swim day at lower cost with no transport.",https://growingroomchilddevelopment.com/programs/summer-camp/,preschools and daycare centers,Bonita Springs,4337
Bonita Springs,preschools and daycare centers,3,,Bonita Springs Academy (ministry of New Life Church),(239) 949-1845 (New Life Church main line: 239-992-2952),unknown,"Christine Gory, Preschool Director",https://www.bonitaspringsacademy.com/,"3971 Via Del Rey, Bonita Springs 34134; full campus with TWO OUTDOOR PLAYGROUNDS and a gymnasium; infant (6 weeks) through VPK, before/after care, plus a seasonal summer camp","Site mentions a seasonal summer camp but no specific water day, family night or themed week was found.","Named director and two outdoor playgrounds give real physical capacity, and critically this is a ministry of New Life Church — the top-scoring church in this city, which runs a Fall Festival. Pitch the church and the academy together; the same leadership sits behind both.",https://www.bonitaspringsacademy.com/about,preschools and daycare centers,Bonita Springs,4350
Bonita Springs,preschools and daycare centers,2,,Bonita Springs YMCA — Suwyn Early Learning Academy,(239) 333-0479,unknown,unknown,https://www.ymcaswfl.org/facility/bonita-springs-ymca-suwyn-early-learning-academy,"Licensed for up to 181 children, ages 6 weeks through VPK; part of the YMCA of SWFL network","No site-specific water day, family night or theme week evidence found, though the parent organization runs camps and a ""Parties at the Y"" program.","Large licensed capacity and a parent org with aquatics and party infrastructure, but nothing confirmed for this specific site. Fold into the main YMCA Bonita Springs conversation rather than calling separately.",https://www.ymcaswfl.org/facility/bonita-springs-ymca-suwyn-early-learning-academy,preschools and daycare centers,Bonita Springs,4376
Bonita Springs,preschools and daycare centers,2,,Discovery Day Academy,(239) 498-5826,info@discoverydayacademy.com (surfaced in search; not verified on the official contact page),unknown,https://discoverydayacademy.com/,"25355 S Tamiami Trail, Bonita Springs 34135; private school, toddlers through 8th grade (one source says Pre-K through grade 6), 167 students, 5:1 ratio, founded 2006, project-based learning, ~$14,000 tuition; open Mon-Fri 7:00am-5:30pm","Actively accepting 2026 summer camp applications, but no themed-week, water-day or party evidence was found.","High-tuition boutique school with parents who expect enrichment, and a summer camp — but no confirmed event programming. The tuition level suggests budget is not the obstacle; evidence is.",https://discoverydayacademy.com/,preschools and daycare centers,Bonita Springs,4363
Bonita Springs,preschools and daycare centers,1,,Educare Academy (Educare Bonita),(239) 992-3424,unknown,unknown,https://educarebonita.com/,"Licensed center, full-day 6:30am-6:00pm, on-site commercial kitchen; fall enrollment reported as filling up","No event, water day or family night evidence found.","Operating and apparently healthy, but nothing to anchor a pitch to. Low priority.",https://educarebonita.com/,preschools and daycare centers,Bonita Springs,4389
Bonita Springs,preschools and daycare centers,1,,Noah's Ark Academy,unknown,unknown,unknown,https://www.noahsarkbonita.com/,"Established 2018, max capacity 105 children, ages 6 weeks-5 years; VPK, before/after school and drop-in care",No event or camp evidence found.,"Small capacity, no event signal, no published phone. Lowest priority in this category.",https://www.noahsarkbonita.com/,preschools and daycare centers,Bonita Springs,4402
Bonita Springs,preschools and daycare centers,1,,RCMA Bonita Child Development Center,(239) 947-5853,unknown,unknown,https://rcma.org/center/rcma-bonita-cdc/,"Nonprofit Head Start/VPK program, ~40+ children ages 6 weeks-5 years, serving migrant and low-income families",No event or party evidence; government-funded model.,Subsidized nonprofit with no discretionary event budget. Recorded for completeness; not a commercial prospect.,https://rcma.org/center/rcma-bonita-cdc/,preschools and daycare centers,Bonita Springs,4428
Bonita Springs,preschools and daycare centers,1,,Wonder Years Christian Preschool (First Presbyterian Church of Bonita),(239) 948-6677,unknown,unknown,https://wonderyears.fpcbonita.org/,"Small, PART-DAY ONLY (9am-4pm), founded 1999, ages 18 months-VPK; CLOSES FOR SUMMER","No camp or water-day evidence, and the part-day structure with a summer closure means there is no summer camp to host an event during.","Structurally wrong — they are closed in the season foam sells best. Note the parent church, First Presbyterian, runs a VBS and scores 4 in the church category; that is the door, not the preschool.",https://wonderyears.fpcbonita.org/,preschools and daycare centers,Bonita Springs,4415
Bonita Springs,schools and PTOs,4,,Grace Classical Academy,(239) 247-2479,info@wearegca.com,unknown,https://wearegca.com/,"Private Christian classical K-8 school at 3971 Via Del Rey, Bonita Springs 34134 — the same address as New Life Church and Bonita Springs Academy","Confirmed named annual event — ""2026 GCA Light the Night Gala,"" Saturday April 18, 2026, 5-9pm, with an active fundraising page.","A dated, actively promoted annual event plus a published general email. The gala is an adult fundraiser rather than a kids' carnival, so pitch a family day instead — and note the shared Via Del Rey address means New Life Church, Bonita Springs Academy and this school are one campus with three organizations on it. Learn who controls the grounds.",https://secure.qgiv.com/for/graceclassicalacademy/event/2026gcalightthenightgala/,schools and PTOs,Bonita Springs,4567
Bonita Springs,schools and PTOs,4,,Spring Creek Elementary School PTO,(239) 947-0001,unknown,unknown,https://spc.leeschools.net/ (fundraising: https://givebutter.com/spring-creek-elementary-pto),"Lee County public elementary at 25571 Elementary Way, Bonita Springs 34135","The PTO runs an active ""2026 Carnival Auction"" fundraising campaign on its own Givebutter platform — a named, dated event confirming an independently operating PTO.",Best school prospect in the city and the exact profile that worked elsewhere — an independently run PTO with its own fundraising platform and a named carnival. They control their own money and already buy event services.,https://givebutter.com/spring-creek-elementary-pto,schools and PTOs,Bonita Springs,4554
Bonita Springs,schools and PTOs,3,,Bonita Springs Charter School,(239) 992-6932,unknown,unknown,https://www.bonitaspringscharter.org/,"K-8 charter school, ~1,320 students, 25380 Bernwood Dr — THE LARGEST SCHOOL IN THE CITY","Active events and news pages with back-to-school events and middle-school athletics, but no specific named festival, carnival or fun run confirmed.","By far the biggest student body in Bonita Springs, and charter schools make vendor decisions at school level without district procurement — a short sales cycle. The event evidence is thin only because their calendar was not reachable by search; worth a direct call.",https://www.bonitaspringscharter.org/apps/events/,schools and PTOs,Bonita Springs,4580
Bonita Springs,schools and PTOs,3,,Bonita Springs Elementary School PTA/PTO,(239) 992-0801,unknown,"Amy Pacheco, PTA/PTO President (published on the school website)",https://bne.leeschools.net/our_families/p_t_a__p_t_o,"~502 students, Pre-K-5, Lee County public school at 10701 Dean Street SE, Bonita Springs 34135","Active PTA/PTO with a named president and a dedicated page, but no specific recurring event (fall festival, fun run) was confirmed.","A named PTO president published on the school's own site is a real, usable contact. No confirmed event yet, so the first call is discovery rather than a pitch.",https://bne.leeschools.net/our_families/p_t_a__p_t_o,schools and PTOs,Bonita Springs,4593
Bonita Springs,schools and PTOs,3,,Bonita Springs Middle Center for the Arts PTA/PTO,(239) 992-4422,unknown,unknown,https://bnm.leeschools.net/our_families/pta_pto,"Lee County public middle school at 10141 W. Terry Street, Bonita Springs 34135","SAC/PTO holds regular meetings on the last Tuesday of each month at 5:30pm in Room 35 — a confirmed recurring cadence, but no named signature event.","A published meeting schedule tells you exactly when the decision-makers are in a room together. Middle-school age skews slightly older than ideal for foam, but an arts-magnet school runs showcases and end-of-year events.",https://bnm.leeschools.net/our_families/pta_pto,schools and PTOs,Bonita Springs,4606
Bonita Springs,schools and PTOs,2,,Gospel Baptist Christian School,(239) 947-2341,school@mygbcs.com,unknown,https://www.gospelbaptistchristianschool.com/,"Private PK-12 school affiliated with Gospel Baptist Church, ~85 students, 24861 Old 41 Rd, Bonita Springs 34135","Published academic calendar lists AWANA programs, a Veterans Day program and a Christmas program, but no community-wide carnival, fall festival or fun run.","Very small school with a modest calendar and no parent-run PTO identified. The church side (Gospel Baptist, fit 3, named youth pastor) is the better door — same organization, one call.",https://www.gospelbaptistchristianschool.com/assets/pdf/School_Calendar_25-26.pdf,schools and PTOs,Bonita Springs,4619
Bonita Springs,summer and day camps,5,,Grace Community School (Bonita Springs campus),(239) 948-7878,unknown,unknown,https://www.gracecommunityschools.com/locations/bonita-springs-estero,"8971 Brighton Lane, Bonita Springs 34135, open Mon-Fri 6:30am-6:00pm, ages 1-11; operating since 1986; before/after care with pickup from multiple local public schools","Summer camp runs weekly themed weeks (Carnival & Circus, Hawaii, Pirate Week) with ""theme weeks, parties, dress-up days, bounce houses, Water Wednesdays,"" plus karate, dance, art and music with dedicated instructors.","FOURTH CONSECUTIVE CITY AT 4-5. Grace now scores at the top in Fort Myers, Cape Coral, Naples and Bonita Springs, with the same published Water Wednesdays and bounce houses. This is the single strongest multi-site account on the entire list — treat it as one corporate conversation covering 7+ campuses across both counties, not four separate local calls.",https://pages.gracecommunityschools.com/summer-camp/,summer and day camps,Bonita Springs,4283
Bonita Springs,summer and day camps,4,,YMCA of Southwest Florida — Bonita Springs YMCA,(239) 221-7560,unknown,unknown,https://www.ymcaswfl.org/locations/bonita-springs-ymca,"Branch at 27200 Kent Road, Bonita Springs; camp also runs at the city-owned Bonita Springs Recreation Center (26738 Pine Ave) as one of four SWFL YMCA camp sites. Also operates the Suwyn Early Learning Academy (licensed up to 181 children, 6 weeks-VPK) and youth basketball, soccer, futsal, flag football and T-ball for ages 3-14.","Specialty camp weeks (archery, STEM, volleyball, pickleball, aquatics, Lego robotics), a Kinder-Camp track, and a daily lunch/snack program. Separately runs a ""Parties at the Y"" program offering themed gymnastics and sports birthday parties.","Three audiences under one roof — day camp, early learning, and multi-sport youth leagues — plus an existing birthday-party product, which means they already think in party packages. The city Rec Center partnership also puts them on municipal property.",https://www.ymcaswfl.org/programs/youth-and-family-activities/parties-y,summer and day camps,Bonita Springs,4296
Bonita Springs,summer and day camps,3,,Arts Bonita (Center for the Arts Bonita Springs) — Youth Summer Camp,(239) 495-8989,unknown,unknown,https://artsbonita.org/youth-summer-camp-2026/,"Arts nonprofit campus at 10150 Bonita Beach Rd; 10-week camp June 1-Aug 7, ages 4-18, full-day and half-day options","Day structured into rotating themed blocks (visual arts, dance, theatre) with a new discipline each hour, plus a separate Summer Spotlight performance program for ages 7-17.","A 10-week camp with a wide age range and an organization that also runs the Bonita Springs National Art Festival — two relationships in one. No water or party evidence, so foam would be a novel addition rather than a substitution.",https://artsbonita.org/youth-summer-camp-2026/,summer and day camps,Bonita Springs,4309
Bonita Springs,summer and day camps,3,,Super Science & Amazing Art (Super Science FL),(239) 682-2780,unknown,"""Mr. Glen"" (public-facing program lead; no last name or direct contact confirmed)",https://supersciencefl.com/,"SWFL STEAM education provider operating 20 years, camps 9am-4pm Mon-Fri; listed as Bonita Springs-based, but the 2026 camp sessions found were partnered with a Naples-area charter school — a fixed Bonita Springs camp address was NOT confirmed","Explicit ""Water Wednesday"" component — campers bring a change of clothes and water shoes on Wednesdays — plus themed science demos (dry ice, Van de Graaff generator, hovercrafts, rockets, fog).","A published Water Wednesday is exactly the slot foam fills, and a science-demo culture means they already buy spectacle. Held at 3 only because the 2026 Bonita Springs site location is unconfirmed — confirm where they are actually running before pitching.",https://supersciencefl.com/,summer and day camps,Bonita Springs,4322
Estero,apartment and condo communities with event staff,5,,Verdana Village,"(239) 920-7101 (HOA office, 20052 Verdana Village Blvd)",kathie.pedit@troon.com (LIFESTYLE/ENTERTAINMENT VENDOR INQUIRIES — Troon-managed),"Lifestyle Director (named role), plus a separate Sports Director",https://www.verdanavillage.com/,"Master-planned gated community across 2,100+ ACRES, explicitly marketed as ""resort-style lifestyle for residents of all ages"" — not age-restricted","A full-time Lifestyle Director plans theme nights at community restaurants, yoga, and SUMMER SPORTS CAMPS FOR KIDS; a separate Sports Director runs leagues and classes. Resort pool and spa, indoor basketball court, pickleball and tennis.","THE BEST CONTACT IN THIS CITY. A published email that is explicitly for lifestyle and ENTERTAINMENT VENDOR INQUIRIES — that is the exact inbox this pitch is meant for, and almost nothing else in 414 records offers that. Add 2,100 acres, all-ages, kids' summer sports camps and two dedicated programming staff.",https://www.verdanavillage.com/,apartment and condo communities with event staff,Estero,5805
Estero,apartment and condo communities with event staff,4,,Bella Terra of SWFL,(239) 495-7172,unknown,"Full-time Activities Director (clubhouse-based, name not published)",https://bellaterraswfl.com/,"Large master-planned HOA with Villas 1, Villas 2 and Townhome sub-associations. CORRECTED — retirement directories list it as 55+, but the official HOA site confirms an ""inter-generational,"" ALL-AGES community.",The clubhouse lists a full-time activities director as a stated amenity.,"Another directory mislabel corrected — explicitly inter-generational, with a dedicated activities director and a published phone. Specific event types were not verified beyond the role itself, so ask what the calendar actually holds.",https://bellaterraswfl.com/,apartment and condo communities with event staff,Estero,5831
Estero,apartment and condo communities with event staff,4,,Corkscrew Shores,unknown (managed by FirstService Residential),unknown,Full-time Lifestyle Director (name not published),https://www.corkscrewshoreshoa.com/lifestyle,"700+ acre master-planned community, all ages, with a PLAYGROUND, kayak launch, Captain's Club on-site dining, tennis, pickleball and bocce",A full-time lifestyle director coordinates a calendar of clubs and social events.,A named lifestyle-director role plus a playground signals genuine family presence rather than an adult-only social calendar. 700 acres and on-site dining give the space and the budget. No direct contact published — route through FirstService Residential.,https://www.corkscrewshoreshoa.com/lifestyle,apartment and condo communities with event staff,Estero,5818
Estero,apartment and condo communities with event staff,4,,Villagio at Estero,(239) 949-9650,unknown,"Theresa Jordan, Community Association Manager",https://www.villagioatestero.com/,514-UNIT gated condo and townhome community with its own Town Center; no age restriction — confirmed all-ages,"An on-site Town Center with a café and bar and a 48-SEAT MOVIE THEATER running nightly free movies, including FRIDAY ""KIDS NIGHT"" G-rated screenings for children.","A recurring, named, weekly kids' event is rarer and more useful than a generic activities calendar — it proves children live there and that someone programs for them. A named manager and a published phone. 514 units.",https://www.villagioatestero.com/,apartment and condo communities with event staff,Estero,5844
Estero,apartment and condo communities with event staff,3,,Genova,(239) 948-2929,debbiwallace@genova-florida.com,"Debbi Wallace, office contact; General Manager and Lifestyle Director roles (FirstService Residential managed)",https://genova-florida.com/,"Gated luxury condo and single-family community at Village Center/Coconut Point; explicitly ""open to all ages,"" though the demographic skews toward active adults and retirees","A named Lifestyle Director role; calendar includes themed parties, concerts ""for audiences of all ages,"" speaker luncheons, happy hours and international cuisine nights.","Confirmed all-ages with a lifestyle director and a DIRECT PUBLISHED EMAIL — a rare contact. Held at 3 because the programming (luncheons, happy hours) skews adult; a foam pitch needs a multigenerational or grandkids framing.",https://genova-florida.com/lifestyle/,apartment and condo communities with event staff,Estero,5870
Estero,apartment and condo communities with event staff,3,,Marsh Landing,(239) 513-9433 (an alternate 239-273-3033 also found),unknown,HOA/community management office,https://www.marshlandingestero.com/,"376 residences across Cypress Walk, Sabal Palms and The Preserve sub-neighborhoods; explicitly ""family oriented"" with activities ""for all ages"" — not age-restricted","Active programs cited (water aerobics, Mah Jong, book club) plus a stated ""extensive activities program for young and old alike""; clubhouse with pool, tennis, pickleball and game room.","Genuinely all-ages and self-described family oriented with a documented activities program, but no named events staff title was confirmed — softer than Verdana or Corkscrew Shores.",https://www.marshlandingestero.com/,apartment and condo communities with event staff,Estero,5883
Estero,apartment and condo communities with event staff,3,,The Preserve at Corkscrew,unknown,unknown,Full-time activities director (name not published),https://preserveatcorkscrew.com/,"CORRECTED — Seniorly and Topretirements mislabel this as 55+, but the official community site and real-estate sources describe an ""all-ages, gated community"" with a PLAYGROUND and family-friendly amenities. Treat as all-ages.","A full-time activities director plans events; clubhouse, pool, tennis, picnic area and playground.","Third community rescued from a 55+ mislabel in two rounds. Genuinely all-ages with a playground and a dedicated activities role, but the events program is less documented than Verdana or Corkscrew Shores, and no contact details were found.",https://preserveatcorkscrew.com/,apartment and condo communities with event staff,Estero,5857
Estero,apartment and condo communities with event staff,2,,The Reserve at Coconut Point,(239) 788-9275,unknown,Leasing office,https://www.thereserveatcoconutpoint.com/,"Market-rate apartment community (studio-3BR), not age-restricted","No resident-events program, lifestyle director or activities calendar found — only standard amenities (resort pool, fitness center, social lounge, firepit).","All-ages apartments with a pool, but no verified events programming and no named staff. Qualify by phone before investing.",https://www.thereserveatcoconutpoint.com/,apartment and condo communities with event staff,Estero,5896
Estero,apartment and condo communities with event staff,1,,The Reserve at Estero,unknown,unknown,HOA activities office (via resident portal),https://www.thereserveatestero.com/,"AGE-RESTRICTED 55+ — CONFIRMED, not a mislabeling case. A genuine active-adult community.","Very active documented calendar — water aerobics, poker, line dancing, Friday social hour, book club, jewelry class, an annual art show — in an 8,000 sq ft clubhouse. Audience is 55+.","Excellent events infrastructure aimed at the wrong audience. Recorded to document that the age check was done and this one is genuinely restricted, unlike the three rescued above.",https://www.55places.com/florida/communities/the-reserve-at-estero,apartment and condo communities with event staff,Estero,5909
Estero,birthday party venues,2,,"810 Entertainment (810 Billiards & Bowling, Miromar Outlets)",(239) 948-3766,unknown,unknown,https://miromaroutlets.com/store/810-entertainment/,"28,000 SQ FT entertainment venue at Miromar Outlets, 10801 Corkscrew Road, Estero 33928 — 16 bowling lanes, 5 billiards tables, 3 dart lanes, 2 sports simulators, 4 axe-throwing lanes, 65+ arcade games","Flexible event and party packages (reserved lanes, shoe rentals, food and beverage bundles, arcade credits, dessert options) offered via the Miromar Outlets party-packages page.","Large, confirmed-open family entertainment venue with real event packages, but mall-based and entirely indoor with no foam-friendly outdoor space. Value is as a referral partner — and as a reason to talk to Miromar Outlets itself, which does run outdoor family events (see festivals).",https://miromaroutlets.com/store/810-entertainment/,birthday party venues,Estero,5930
Estero,birthday party venues,2,,Hertz Arena (Skate Everblades Recreational Rinks),(239) 948-7825,unknown,unknown,https://skateeverblades.com/birthday-parties/,"Home arena of the ECHL's Florida Everblades at 11000 Everblades Pkwy, Estero 33928; large multi-rink facility with recreational ice rinks separate from the main arena bowl","Published birthday party package — kids skate during public sessions, staff handle setup, food service and cleanup; requires a signed party contract and card on file, $50 non-refundable cancellation fee, customer supplies the cake, no other outside food.","A real, contracted party operation with high kid-birthday volume, but it is an indoor ice rink — no outdoor space and no water hookup. Their strict no-outside-food policy also signals a venue that controls its own vendors tightly. Referral partner at best; the youth hockey programs (kids gyms) are the better door.",https://skateeverblades.com/birthday-parties/,birthday party venues,Estero,5943
Estero,birthday party venues,2,,Little Sweet P Play Café,unknown,unknown,unknown,https://www.littlesweetpsoftplay.com/,"Boutique indoor soft-play café, billed as ""Southwest Florida's #1 soft play rental company"" for ages 0-10, with a membership program","Dedicated ""Party Rental"" and ""Soft Play Packages"" pages with structured party offerings.","Purely indoor soft-play for under-10s, so no foam fit on site — BUT note they describe themselves as a soft play RENTAL company, meaning they already travel to events. That makes them a plausible complementary partner (soft play for toddlers, foam for older siblings) rather than just a referral.",https://www.littlesweetpsoftplay.com/packages,birthday party venues,Estero,5956
Estero,church youth programs,5,,First Baptist Church Estero,(239) 992-0881,office@firstbaptistestero.com,Youth Ministry (firstbaptistestero.com/youth),https://www.firstbaptistestero.com,"Established congregation at 20300 Trailside Dr, Estero 33928, with a dedicated Fellowship House for youth gatherings and a full events calendar","TWO confirmed events at this specific congregation — a ""Trunk or Treat"" (Oct 31, 6-8pm, with games, candy, prizes and free food) and a dated VBS-style day camp, June 17-21, 8:00am-12:00pm, for ages 4 through completed 6th grade, $20 including a t-shirt, with a daily recreation block. Prior VBS theme: ""Illumination Station."" Youth group meets Wednesdays 6pm.","The only Estero church with two independently confirmed dated events, a published office email, and a daily recreation block during a week-long June camp — that block is the booking. Best church prospect in the city by a clear margin.",https://www.firstbaptistestero.com/vbs,church youth programs,Estero,5463
Estero,church youth programs,4,,Estero Church (formerly Estero United Methodist Church),(239) 992-5516,unknown,Youth Ministry staff (estero.church/staff),https://www.estero.church,"Congregation 100+ years old at 8088 Lords Way, Estero, with a recent 14,000 SQ FT renovation and expansion — sizable campus and grounds, including a dedicated ""Youth Building B""","Themed VBS (a rainforest-journey adventure, evenings 6-8:30pm) with a closing Unity Service; weekly youth Sunday school for grades 6-12 and a Wednesday night youth group.","Large grounds, a dedicated youth building, and an evening VBS — evening timing in Florida summer is ideal for foam. ONE CAUTION: a UMC denominational database lists the old Estero United Methodist entry as ""Closed"" while 2025 sources confirm the campus operating under the ""Estero Church"" name. It appears to be a rebrand, not a closure, but confirm on the call.",https://www.estero.church/youth/,church youth programs,Estero,5476
Estero,church youth programs,3,,Ocean Church — Estero Campus,(239) 992-3040,info@oceanchurch.com,Estero Campus staff (oceanchurch.com/people),https://www.oceanchurch.com,"Multi-service Sunday schedule (8:30, 10:00, 11:30am) at a dedicated Estero campus, 22100 S Tamiami Trail, Estero 33928, with a separate children's check-in area","A ""Best Week Ever"" summer kids program appears in the church's own social content, and the campus previously hosted a ""South Florida Regional Mega Camp,"" but no current-year dated schedule was independently confirmed.","A real multi-service campus with a children's ministry and a history of hosting regional camps — the scale is there. Event evidence is soft (social posts, undated), so the first call is discovery.",https://www.oceanchurch.com/plan-your-visit,church youth programs,Estero,5489
Estero,church youth programs,2,,Christ Community Ministries,(239) 498-4352,unknown,unknown,https://www.ccmswfl.org,"Full Sunday schedule with a dedicated ""CCM Kids & Nursery"" program at 9:45am, plus a cafe and fellowship time, at 8681 Corkscrew Rd, Estero","No dated seasonal event (VBS, Trunk-or-Treat, Fall Festival) could be verified — only a standing children's ministry.","Confirmed Estero church with an active kids' ministry and a published phone, but no event evidence. Cold call.",https://www.ccmswfl.org/,church youth programs,Estero,5502
Estero,church youth programs,2,,Estero Community Church (PCUSA),(239) 267-3331,unknown,unknown,https://www.esterocommunitychurch.com,"Established PCUSA congregation, Peace River Presbytery member, at 21115 Design Parc Ln, Estero","No dated VBS, Trunk-or-Treat or Fall Festival could be verified.","Confirmed real Estero church with a published phone, but no event evidence found.",https://pcusa.org/congregation/estero-community-church-estero-fl,church youth programs,Estero,5515
Estero,church youth programs,2,,Thrive Community Church,(239) 948-4749,info@thrive-fl.org,unknown,https://thrive-fl.org,"LCMS-affiliated congregation founded 2016 in Estero Ridge Plaza, 20041 S Tamiami Trail Ste 1, Estero","Generic references to a youth/teen ministry and ""Thrive Kids"" on the church's own pages, but no specific dated event verified.","A young congregation in a plaza unit — limited grounds and likely limited budget, with no confirmed events. Published email makes it a cheap call, low expectation.",https://thrive-fl.org/events,church youth programs,Estero,5528
Estero,country clubs,4,,Club at Rapallo (Rapallo at Coconut Point),(239) 949-3347 (HOA/community: 239-898-5329),unknown,Full-time activity director; also a fitness director and a full-time tennis professional,https://rapallo.com/club/,"Resort-lifestyle gated community with TWO lagoon-style resort pools with rock-grotto waterfalls, a screened Junior Olympic lap pool, two satellite pools, five Har-Tru tennis courts, and a clubhouse with a catering kitchen. Not age-restricted.","EXPLICIT GRANDKIDS LANGUAGE — the property is described as ""good for kids and grandkids can enjoy a quick dip in the pool,"" and The Enclave at Rapallo has a pool ""just outside residents' front doors for the grandkids to enjoy."" A full-time activity director organises a variety of events.","The closest match in Estero to the grandkids angle that identified the best clubs in Naples and Bonita Springs — multiple pools explicitly framed around visiting grandchildren, plus dedicated activity staffing. Five pools total is unusual capacity.",https://rapallo.com/club/,country clubs,Estero,5695
Estero,country clubs,4,,Stoneybrook Golf Club (Estero),(239) 948-3933 (pro shop),unknown,unknown,https://stoneybrookestero.org/,"1,119-HOME gated golf community with a clubhouse, pool and spa, fitness room, basketball, tennis, pickleball, A PLAYGROUND, and soccer and baseball fields","A dedicated Junior Golf program for AGES 4-12 covering rules and etiquette, plus an on-site playground.","A junior golf program starting at age FOUR plus a playground and sports fields is real family infrastructure — this community has young children living in it, not just visiting. 1,119 homes gives volume. Note Pinewoods Elementary sits on Stoneybrook Golf Drive.",https://stoneybrookestero.org/amenities/,country clubs,Estero,5721
Estero,country clubs,4,,West Bay Club,unknown,unknown,unknown,https://www.westbayclubs.com/,"Private golf and beach club; the Bay House is a multi-activity hub with a pool, the Aqua Café for poolside dining, a private beach club and a dog park","An explicit ""BEACH CLUB FOR THE KIDS"" and a stated ""family-friendly pool""; family memberships include children up to age 23. Year-round social calendar (trivia nights, Super Bowl party, food experiences) skews adult.","A dedicated kids' beach club and family memberships covering children to 23 is a genuine structural commitment to families, not marketing language. The pool and Bay House give the space. No published phone found — start through the website.",https://www.westbayclubs.com/amenities,country clubs,Estero,5708
Estero,country clubs,3,,Estero Country Club at The Vines,(239) 267-7003,unknown,unknown,https://esterocc.com/,"EXPLICITLY NOT age-restricted — ""welcomes people of all ages,"" which is notable in an area dense with 55+ communities. Pool, tennis, pickleball, bocce leagues and a fitness center.","An ""active tennis program for children and adults of all ages"" and a monthly newsletter of community activities; no explicit kids' club or family holiday event found.","A club that goes out of its way to state it welcomes all ages, with a junior tennis program, in a market where most peers are retiree-dominated. The all-ages positioning is itself the opening.",https://www.esterocc.com/activities/,country clubs,Estero,5747
Estero,country clubs,3,,Pelican Sound Golf & River Club,(239) 948-4333,unknown,unknown,https://pelicansoundgrc.com/,"Golf, eight Har-Tru tennis courts, pickleball, bocce, fitness center, a KAYAK PARK, and a private boat shuttle to Lovers Key State Park","""Bocce is a wonderful way for families to bond""; boating and kayaks framed as family recreation. No kids' club, egg hunt or grandkids pool language found.","Genuinely family-oriented recreation (boat shuttle, kayak park) rather than golf-only, but the family framing is generic and no children's programming was documented. Discovery call.",https://pelicansoundgrc.com/,country clubs,Estero,5760
Estero,country clubs,3,,The Club at Grandézza,(239) 948-3569,unknown,unknown,https://www.grandezzacc.com/,"Golf and social community where ALL HOMEOWNERS ARE SOCIAL MEMBERS; full clubhouse dining, fitness center, six Har-Tru tennis courts, bocce and basketball","A Junior Olympic pool and spa complex behind the clubhouse and an ""active social calendar,"" but no kids' club, egg hunt or grandkids-specific programming surfaced publicly.",Universal social membership means every household in the community is reachable through one club — unusual leverage. A Junior Olympic pool gives the venue. Held at 3 only because no published family-event language was found; worth a direct call.,https://www.grandezzacc.com/lifestyle/swimming,country clubs,Estero,5734
Estero,country clubs,2,,Breckenridge Golf & Tennis Club,(239) 992-5959,unknown,unknown,https://www.breckenridgehomeowners.com/,"842 condo, townhome and villa residences around an 18-hole executive par-3 course; FIVE POOLS, eight lighted Har-Tru tennis courts, three pickleball, six shuffleboard and three bocce courts","CAUTION — a search surfaced ""Five-Hole Family Nights"" and ""Junior Clinics"" for this club, but the source traced to breckenridgegolfclub.com, a SAME-NAMED CLUB IN BRECKENRIDGE, COLORADO. That evidence was discarded. What IS confirmed for the Estero club is an activity calendar of bingo, card groups and themed dinner-dances — adult-social.","Recorded specifically to document the trap. Five pools and 842 residences look promising, but the family programming that would justify a higher score belongs to a Colorado club. On confirmed evidence only, this is an adult community. Call before believing otherwise.",https://www.breckenridgehomeowners.com/amenities/,country clubs,Estero,5786
Estero,country clubs,2,,Wildcat Run Golf & Country Club,(239) 947-6066 (pro shop 239-495-3031),unknown,unknown,https://www.wildcatruncc.com/,"100% private, member-owned since 2002; formal and informal dining, five Har-Tru tennis courts, pickleball, bocce, fitness and wellness center","No family or kids programming found, and the club EXPLICITLY STATES it ""does not host outside events"" — member-exclusive with an adult golf, dining and tennis focus.",Recorded as a clear negative. A club that publicly rules out outside events is not a prospect regardless of amenities. Do not spend a call here.,https://www.wildcatruncc.com/public/about-us/faq,country clubs,Estero,5773
Estero,festival and community event organizers,5,,Coconut Point (Simon Property Group),unknown,unknown (contact form via simon.com),unknown,https://www.simon.com/mall/coconut-point,"Large Simon-owned outdoor lifestyle center hosting large-scale annual holiday programming with a parade, live entertainment and multiple vendor zones","""Tropical Holiday Celebration & Parade,"" Saturday Dec 6, 11am-8pm, including an explicitly named KIDS ZONE (3:00-5:00pm) with exotic animal encounters, a bird garden, pony and horse rescue, face painting and games. Also a Charity Car/Truck/Vendor Show (11am-2pm) and an Arts & Crafts Show (11am-3pm) — both indicating an existing vendor process. A separate Holiday Craft Festival runs Dec 5-6.","A named Kids Zone that already books live-animal attractions, inside an outdoor lifestyle center with a documented vendor track and a corporate marketing budget. Simon centers program nationally, so a good result here can travel. December timing is mild rather than peak, which is the one drawback.",https://www.simon.com/mall/coconut-point/stream/all-day-holiday-celebration-tropical-parade-dec-6-6264782,festival and community event organizers,Estero,6067
Estero,festival and community event organizers,5,,Estero Fest (Greater Estero Chamber of Commerce),(239) 390-1137,info@esterochamber.org,unknown (general chamber line),https://www.esterochamber.org/esterofest/ (microsite: esterofest.org),"Chamber-run annual festival drawing 3,000+ attendees at Estero Community Park; the Chamber also runs monthly Alive After 5 and Lunch-N-Learn events","ESTERO FEST 2026 CONFIRMED — Saturday March 21, 2026, 1:00-8:00pm at Estero Community Park, 9200 Corkscrew Palms Blvd. Free community event with live entertainment, food trucks, a KIDS ZONE WITH BOUNCE HOUSE, a Beer & Wine Garden and a Business Expo. PUBLISHED SPONSORSHIP TIERS at $1,000 / $2,500 / $5,000 including vendor space, plus separate Business Expo exhibitor slots.","THE MOST ACTIONABLE FESTIVAL RECORD IN THE FILE. A confirmed date, a named Kids Zone that ALREADY BOOKS A BOUNCE HOUSE, published sponsorship pricing, and a direct chamber email. Everything needed to make the call is here, and they are already buying the adjacent product.",https://www.esterochamber.org/esterofest-sponsorship-opportunities/,festival and community event organizers,Estero,6054
Estero,festival and community event organizers,4,,Miromar Outlets,(239) 948-3766 (leasing 239-390-5141),miromaroutlets@miromar.com,unknown,https://miromaroutlets.com/,"Large outlet shopping center at 10801 Corkscrew Rd, Estero, with year-round in-house family programming — WINK Playland, a STEMLab and 810 Entertainment","A RECURRING MONTHLY ""KIDS DAY"" (last Saturday of every month, 10am-12pm at WINK Playland) with free face painting, pizza and ice cream, plus a weekly free ""Kids Craft"" every Tuesday 10-11am. Also hosts a ""Shop, Dine & Dash 5K"" (Oct 10, 2026).","Recurring MONTHLY kids programming with a published business email — twelve occasions a year rather than one, and they already fund free food and activities at every one. No public vendor-application process found, so this is a direct marketing-department conversation.",https://miromaroutlets.com/events/kids-day/,festival and community event organizers,Estero,6080
Estero,festival and community event organizers,3,,Estero Health Expo & 5K Family Fun Run (LEE COUNTY),(239) 533-1470,leeparks@leegov.com,Lee County Parks & Recreation,https://estero-fl.gov/,"County-run annual expo at Estero Community Park, 9200 Corkscrew Palms Blvd","Includes a ""5K FAMILY FUN RUN"" held annually around March 2, at $20 per participant. No explicit kids zone or vendor-application detail verified beyond the expo format.","A dated annual family fun run at the city's main venue, run by the county department already on this list. A foam finish line is the obvious pitch. Note it lands roughly three weeks before Estero Fest at the same park — one site, two March opportunities.",https://estero-fl.gov/sign-up-now-for-the-5k-family-fun-run-at-the-estero-health-expo-on-march-2/,festival and community event organizers,Estero,6106
Estero,festival and community event organizers,3,,Village of Estero — Community Events,(239) 221-5036 (Community Development),unknown,unknown,https://estero-fl.gov/events/,Village government co-promoting and hosting events at Estero Community Park (the Lee County-operated site),"Co-hosts Estero Fest with the Chamber; runs free Friday ""Movie Under the Stars"" nights, a ""Spooktacular"" trunk-or-treat with food trucks, and Koreshan Music Salon concerts. No standalone kids-zone or vendor-application process identified for Village-run events.","Real recurring family programming including a trunk-or-treat with food trucks — a proven foam format. But the flagship festival is Chamber-led, not Village-led, and no vendor process exists for the Village's smaller events. Pitch the Chamber first.",https://estero-fl.gov/events/estero-fest/,festival and community event organizers,Estero,6093
Estero,festival and community event organizers,2,,Hertz Arena,(239) 948-7825,unknown,unknown,https://hertzarena.com,"7,000+ seat multipurpose arena that books trade shows, meetings, concerts and family shows, plus public recreational ice rinks",No named kids zone or outdoor community festival identified; family programming referenced only generically. No vendor-application information found.,"A large venue with community-facing capacity but ticketed indoor programming rather than the outdoor family-festival format foam fits. Its youth hockey programs (fit 5, kids gyms) are the real opportunity in this building.",https://hertzarena.com/,festival and community event organizers,Estero,6119
Estero,kids gyms and youth sports leagues,5,,Skate Everblades / Hertz Arena — Youth Hockey & Learn to Skate,(239) 948-7825,unknown,unknown,https://skateeverblades.com/hockey/youth-hockey/,"Described as ""one of the largest youth hockey leagues in the southern states,"" with OVER 500 PLAYERS across divisions from Mini Mite to High School. Learn to Skate draws CLOSE TO 400 STUDENTS EVERY 8-WEEK SESSION. At 11000 Everblades Parkway, Estero.","Structured multi-division season (Mini Mite through 18U) plus recurring 8-week Learn to Skate session cycles, with a published schedules page carrying dated sessions.","500 league players plus 400 Learn to Skate students per session is the largest single concentration of organised kids found anywhere in Estero. The 8-week session cycle creates a recurring end-of-session celebration slot several times a year, not once. An ice rink can't host foam — but the families can, off-site.",https://skateeverblades.com/hockey/youth-hockey/,kids gyms and youth sports leagues,Estero,5992
Estero,kids gyms and youth sports leagues,5,,Under the Lights Flag Football — Estero,unknown,unknown,unknown (volunteer coach contacts deliberately excluded),https://www.uaflag.com/page/show/9300247-estero-2025-2026-winter-season-,"Boys and girls flag football, grades Pre-K through 8th, 6v6 format; multiple concurrent seasons — the Winter 2025-2026 season is ON A WAITLIST, indicating demand exceeding capacity",DATED SEASON WINDOW CONFIRMED — Winter 2025-2026 runs December through February with games Saturday nights 5-9pm. A separate Fall season also runs with its own registration page.,"Fills the flag football gap that early rounds kept missing, with a dated season AND Saturday-evening game blocks — an after-game slot is an unusual and attractive booking window. A waitlisted league means a large, engaged parent base with money already committed.",https://www.uaflag.com/page/show/9300247-estero-2025-2026-winter-season-,kids gyms and youth sports leagues,Estero,6005
Estero,kids gyms and youth sports leagues,4,,Junior Everblades Hockey Association (Florida Jr Blades),"(239) 948-7825 (from a search snippet, not verified on the site — treat with caution)",unknown,unknown,https://www.jreverblades.org/,"Travel program with A and AA teams across age groups 10U through 16U, competing in the Statewide Florida Hockey League, based at Hertz Arena",Published game schedule page indicating an active dated competitive season; a camps section is referenced but 2026 dates were not confirmed.,"A competitive travel program with team-party culture and parents who already fund travel hockey — high willingness to pay, smaller roster than the rec program. Same building as Skate Everblades; pitch both together.",https://www.jreverblades.org/,kids gyms and youth sports leagues,Estero,6018
Estero,kids gyms and youth sports leagues,3,,Estero Recreation Center — Youth Flag Football (LEE COUNTY),(239) 533-1470,leeparks@leegov.com,Lee County Parks & Recreation,https://www.leegov.com/parks/centers/estero,"80+ acre facility at 9200 Corkscrew Palms Blvd with a ~40,000 sq ft recreation building (three basketball courts, gym); runs youth flag football on NFL Flag rules for grades 1-8","Confirmed active youth flag football program at the facility, but no dated season window surfaced — distinct from the Under the Lights program above, which uses different scheduling.","A second flag football program in the same city, run by the county at the venue that hosts everything else in Estero. Fold into the Lee County Parks conversation rather than calling separately.",https://www.leegov.com/parks/centers/estero,kids gyms and youth sports leagues,Estero,6031
Estero,municipal parks and recreation,4,,Estero Community Park & Recreation Center (LEE COUNTY),(239) 498-0415 (Lee County Parks general: 239-533-7275),reyesir@leegov.com (verify current staffing before use); leeparks@leegov.com,Lee County Parks & Recreation — Estero Community Park staff,https://www.leegov.com/parks/parks/estero,"55-acre multipurpose county park at 9200 Corkscrew Palms Blvd, billed as THE LARGEST RECREATION CENTER IN LEE COUNTY — a ~40,000 sq ft recreation building with three basketball courts, gymnasium, fitness center, amphitheater, dog park, sports fields, playgrounds, trails and disc golf","TWO RENTABLE OUTDOOR PAVILIONS — green-roof pavilions reservable for parties and special events at roughly $50/day, with first-come red-roof pavilions free. Existing WebTrac online reservation system. Hosts the county summer camp, Estero Fest (the city's largest festival), the Estero Health Expo and Village movie nights. NO SPLASH PAD OR POOL confirmed on site.","The single busiest venue in Estero — the county camp, the Chamber's festival, the health expo and Village movie nights all happen here. Rentable pavilions with an online booking system make it both a venue and a demand channel. Held at 4 rather than 5 because the pavilion-next-to-water pattern does NOT hold here; there is no splash pad anywhere in Estero.",https://www.leegov.com/parks/parks/estero,municipal parks and recreation,Estero,5610
Estero,municipal parks and recreation,3,,Koreshan State Park (STATE — not municipal),(239) 992-0311 (reservations: 800-326-3521),unknown,"Florida Park Service, Koreshan State Park",https://www.floridastateparks.org/parks-and-trails/koreshan-state-park,"State historic site at 3800 Corkscrew Rd on the Estero River — 60 campsites, historic settlement grounds, boat ramp, playground, picnic area, and a 22'x44' RENTABLE PAVILION near the playground and restrooms, bookable up to 11 months ahead","Recurring public events — Moonlight Tours, the Calusa Palooza paddling race (with a youth 1-mile category), an annual Antique Engine & Quilt Show, seasonal campfire programs and a music salon series. A year-round Junior Ranger program meets at 10am in the picnic area. The Friends of Koreshan group markets the site for weddings and special events.","A genuinely rentable riverside pavilion beside a playground, bookable far in advance — good physical fit. But this is a FLORIDA STATE PARK, a completely different procurement path from city or county, and its programming is heritage and paddle-sport focused rather than children's play.",https://www.floridastateparks.org/parks-and-trails/koreshan-state-park/experiences-amenities,municipal parks and recreation,Estero,5649
Estero,municipal parks and recreation,3,,Village of Estero — Community Development (Special Event Permits) (VILLAGE),(239) 221-5036,unknown,"Village of Estero Community Development Dept, 9401 Corkscrew Palms Cir, Estero 34135",https://estero-fl.gov/,Small incorporated Village government (2014); this department issues special-event permits rather than operating parks,The Village publishes a formal Special Event Permit application for events held within Village limits.,"The permitting gate for any event on Village property or requiring Village approval — necessary rather than lucrative. Not a venue operator and not a buyer, but the paperwork path you will need. Distinct budget and contact from Lee County.",https://estero-fl.gov/,municipal parks and recreation,Estero,5623
Estero,municipal parks and recreation,3,,"Village of Estero — Community Programming (VILLAGE, on County property)",(239) 533-1470 (LISTED as the Estero Recreation Center line; could NOT be confirmed whether it reaches Village staff or Lee County staff in the shared building — verify),unknown,unknown,https://estero-fl.gov/villagecenterhub/,"Village-led programming plus a ""Village Center Hub"" master plan including a planned 3-acre village green and a Sports Park — a capital project, not a completed facility","Village-branded seasonal events including a ""Spooktacular"" trunk-or-treat with food trucks and an outdoor movie, free Friday ""Movie Under the Stars"" nights, seasonal concerts and Pickleball 101 — but these are staged AT the Lee County-operated recreation center.","Real recurring family events including a trunk-or-treat with food trucks, which is a proven foam format. The complication is that Village programming runs on County property, so the operating and procurement relationship is genuinely unclear — establish who signs before pitching.",https://estero-fl.gov/villagecenterhub/,municipal parks and recreation,Estero,5636
Estero,municipal parks and recreation,2,,"Estero Community Center (LEE COUNTY, indoor sports)",(239) 533-7275 (Lee County Parks & Rec),leeparks@leegov.com,"Lee County Parks & Recreation, Sports Division",https://www.leegov.com/sports/facilities/indoorsports/esterocommunitycenter,"Indoor sports and gymnasium facility, co-located with Estero Community Park; runs youth flag football on NFL Flag rules for grades 1-8","No specific special-events, camps or party-rental signal independent of the main park; the page focuses on league facility use.",Almost certainly the same physical complex as Estero Community Park rather than a separate prospect. Recorded because it has its own county page and its own youth flag football program — fold into the main park conversation.,https://www.leegov.com/sports/facilities/indoorsports/esterocommunitycenter,municipal parks and recreation,Estero,5662
Estero,municipal parks and recreation,1,,Estero Bay Preserve State Park (STATE — not municipal),unknown,unknown,Florida Park Service / Florida DEP,https://www.floridastateparks.org/parks-and-trails/estero-bay-preserve-state-park,"10,000-acre aquatic preserve with 12+ miles of trails; the trailhead has a single small picnic shelter and restroom, with a day-use vehicle fee at the Estero River Scrub access","No party, festival or camp signal found — the trailhead pavilion is unstaffed day-use infrastructure, not bookable.","State-managed, unstaffed, and not bookable. Recorded to close the loop on an Estero park name that appears in searches.",https://www.floridastateparks.org/parks-and-trails/estero-bay-preserve-state-park,municipal parks and recreation,Estero,5675
Estero,party and event rental companies,4,,Big A Bounce House Rentals,(239) 601-5103,unknown,unknown,https://www.bigabouncehouserentals.com,Family owned and operated; equipment described as cleaned and sanitized before and after each use — a small-to-mid scale local operator,"NO FOAM OFFERING FOUND. Available sources (company site, social) show only bounce houses and water slides. Lower confidence than other records — only social and aggregator sources were reachable before the researching agent's search budget ran out.",A small family operator covering four of our eight target cities with water slides and no foam — their wet-play customer is our exact buyer. Small operators refer work they cannot do more readily than large ones. Verify the catalog on the call given the lower-confidence sourcing.,https://www.bigabouncehouserentals.com/,party and event rental companies,"Estero (serves Naples, Marco Island, Bonita Springs and Estero)",5977
Estero,preschools and daycare centers,5,,Celebree School of Estero,(239) 310-0002,unknown,unknown,https://www.celebree.com/estero-fl/,Purpose-built center at 10351 Corkscrew Commons Dr; part of the national Celebree chain; opened as a new location in 2025,"School-Age Camp for ages 6-12 plus a 2-5 camp, with weekly themed weeks including ""Wild West Adventures"" and ""Under the Sea Explorations,"" on-site field trips, and hands-on STEM and art projects, on a dedicated summer camp landing page.","A brand-new purpose-built center still establishing its programming, with a published school-age camp and named themed weeks. New centers are more receptive to a novel attraction than established ones. ""Under the Sea"" is the obvious slot.",https://www.celebree.com/estero-fl/summer-camps/,preschools and daycare centers,Estero,5396
Estero,preschools and daycare centers,5,,Creative World School at Estero,unknown,unknown,Owners Amy and Chris O'Malley (also own the Gateway and Naples locations),http://creativeworldschool.com/schools/estero-fl-preschool-childcare-daycare-2/,"Multi-site operator — Estero, Gateway (Fort Myers), and two Naples campuses. Serves infants through school-age. Located on Cypress View Dr off Estero Parkway, near Three Oaks Elementary. BOUNDARY CAVEAT: two agents disagreed — one placed the street address in Fort Myers 33967 and excluded it, the other included it as Estero. It is inside the service territory either way; verify the municipal line only if it matters for your routing.","""CampTastic"" school-age summer camp with explicit water programming — ""Splish Splash"" (water games), ""Island Adventure"" (splash zones), and named special event days ""Slip & Slimed,"" ""Wiped Out"" and ""Colorific Splash-a-Thon.""","The strongest published water-and-mess language found in any preschool chain — ""Slip & Slimed"" and ""Colorific Splash-a-Thon"" are foam parties in all but name. Fourth Creative World campus on this list (Gateway, two Naples, this one), so treat as one multi-site conversation with named owners.",https://creativeworldschool.com/camptastic-summer-camp-for-school-age-children/,preschools and daycare centers,Estero (BOUNDARY CAVEAT — see below),5383
Estero,preschools and daycare centers,4,,Oak Haven Montessori School,(239) 676-8327,Info@OakHavenMontessoriSchool.com,unknown,https://www.oakhavenmontessorischool.com/,"Founded 2012 at 9410 Corkscrew Palms Circle, Ste 101-102, Estero 33928; ages 6 weeks through 5, with camp extending to age 16; a 1.5-ACRE NATURAL PLAYGROUND","Summer camp includes ""sprinkler and splash time,"" plus visits from Kona Ice and Dickherber Farms and a camp leader program for ages 6-16.","They already run sprinkler and splash time AND already pay outside vendors to visit (Kona Ice, a farm). A 1.5-acre natural playground is unusual space for a preschool — room for a foam setup. Published business email. NOTE: a similarly-named Oakhaven Montessori in California appears in search; the Estero entity is oakhavenmontessorischool.com.",https://www.oakhavenmontessorischool.com/,preschools and daycare centers,Estero,5409
Estero,preschools and daycare centers,4,,Primrose School of Estero,(239) 330-8030,unknown,unknown,https://www.primroseschools.com/schools/estero,"Accredited (Cognia, 2021), CAPACITY 223 CHILDREN, opened 2019, at 10350 Corkscrew Commons Dr — directly across from Celebree","""Summer Adventure Club"" for K-5th grade with rotating weekly themes and hands-on activities. The national program confirms themed weeks; specific 2026 themes for this location were not confirmed.","223-child capacity is among the largest single-site licences in this research, and a K-5 summer club is the right age band. Note Celebree sits directly across the road — one trip, two pitches. Franchise may need corporate vendor sign-off.",https://www.primroseschools.com/schools/estero/classrooms/summer-adventure-club,preschools and daycare centers,Estero,5422
Estero,preschools and daycare centers,3,,The Goddard School of Estero,(239) 667-4555,unknown,unknown,https://www.goddardschool.com/schools/fl/estero/estero,"National Goddard franchise at 10100 Arcos Ave, Estero 33928","Publishes a 12-week ""Summer with Goddard"" program, but the location-specific summer camp page currently shows no themes or events listed (""check back soon""). Other Goddard locations nationally run water days and themed weeks; that was NOT confirmed for Estero.","Strong national brand with a real summer program structure, but the event evidence is brand-level rather than location-confirmed. The Fort Myers Goddard record has the same limitation — a corporate conversation may be more productive than two local ones.",https://www.goddardschool.com/schools/fl/estero/estero/our-school/special-programs/summer-camp,preschools and daycare centers,Estero,5435
Estero,preschools and daycare centers,2,,Ivybrook Academy Estero,(239) 893-6538 (a second listing shows 239-319-1113 — verify),unknown,unknown,https://www.ivybrookacademy.com/estero/,"Single suite at 21300 South Branch Blvd, Suite 6111, Estero 33928; explicitly branded a HALF-DAY PRESCHOOL, Reggio Emilia and Montessori inspired, hours M-F 8:30am-4:30pm","No summer camp, themed-week or water-day evidence found — a half-day model with no school-age camp programming.","Structurally wrong, like Wonder Years in Bonita Springs — a half-day preschool with no school-age camp has no occasion to host. Recorded to close the loop.",https://www.ivybrookacademy.com/estero/,preschools and daycare centers,Estero,5448
Estero,schools and PTOs,4,,Pinewoods Elementary School PTO,(239) 947-7500,pinewoodsvips@gmail.com,unknown (public PTO email only),https://pin.leeschools.net/ (PTO: facebook.com/PinewoodsPTO),"Public K-5 elementary at 11900 Stoneybrook Golf Drive, Estero 33928","Annual PTO Carnival described as ""full of games, prizes, face painting and BOUNCY HOUSES,"" held in spring alongside the Spring Book Fair; also a ""Pinewoods Fun Run.""","They already rent bouncy houses for an annual spring carnival — same budget line, same decision, and the PTO has its own published email. Two named recurring events. Best school prospect in Estero.",https://www.facebook.com/PinewoodsPTO/,schools and PTOs,Estero,5556
Estero,schools and PTOs,3,,3 Oaks Academy (Estero campus),(239) 776-2100,unknown,unknown,https://www.3oaksacademy.com/estero/,"Private K-12 school, Estero campus at 21101 Design Parc Ln, Estero","Two named signature parent-volunteer events — the ""Under the Oaks Gala"" and the ""Rooted & Rising Luncheon"" — both described as parent-run and central to school fundraising.","Named recurring parent-run events at a private school with in-house decision-making, but both are adult gala/luncheon formats rather than kids' carnivals. The opening is proposing the family day they do not currently run.",https://www.3oaksacademy.com/estero/for-our-families,schools and PTOs,Estero,5582
Estero,schools and PTOs,3,,Three Oaks Middle School PTO,(239) 267-5757,unknown (a PTO president's personal email appeared in a fundraiser post and was deliberately omitted),unknown,https://okm.leeschools.net/our_families/p_t_o (PTO: facebook.com/TOMSPTOFL),"Public middle school, enrollment ~1,066-1,100 students. POSTAL MISMATCH: the school's mailing address is 18500 Three Oaks Parkway, Fort Myers 33967, but the Village of Estero's own government site lists Three Oaks Middle as the designated grades 6-8 public school serving Estero residents. Estero incorporated late and many addresses still carry a Fort Myers postal city.","Recurring restaurant-night fundraisers (dine-to-donate) and an active PTO Facebook page, but no large signature event such as a fall festival or carnival was found.","1,100 students is the largest school population serving Estero, and the PTO is independently branded and active. Held at 3 because restaurant nights are a much smaller format than a carnival — and because middle-school age skews older than ideal.",https://estero-fl.gov/for-residents/schools/,schools and PTOs,Estero (POSTAL MISMATCH — see below),5569
Estero,schools and PTOs,2,,Estero High School,(239) 947-9400,unknown,unknown,https://est.leeschools.net/,"Public high school at 21900 River Ranch Road, Estero 33928; ~1,581 students","None found. Searches surfaced only a School Advisory Council reference — no dedicated PTSA site, booster club page, or named recurring family event.","Largest school physically in Estero, but high schools skew toward sports and band booster clubs rather than family-event PTOs, and nothing was verified. Recorded for completeness.",https://est.leeschools.net/,schools and PTOs,Estero,5595
Estero,summer and day camps,5,,YMCA Camp Estero,(239) 221-7560,unknown,unknown (general camp office),https://www.ymcaswfl.org/camps/ymca-camp-estero,"A DEDICATED 5-ACRE CAMP PROPERTY at 8791 Corkscrew Rd, Estero 33928, run by the YMCA of Southwest Florida — not a camp hosted inside another facility. Multi-week seasonal day camp with registered weekly sessions.","Weekly-themed outdoor day camp — hiking, archery, kayaking, ""creeking,"" wilderness and environmental education projects, arts and crafts, swimming, campfire and camp songs. Partners with the adjacent nonprofit Happehatchee Center for special activity days including painting, baking and guest educators from FGCU and Kowichobee Animal Preserve.","A purpose-built 5-acre camp property with weekly cohorts and an established habit of bringing in outside guest activities — the ""special activity day"" slot is exactly what foam fills, and they already buy them. Same YMCA of SWFL organization as the Bonita Springs branch (fit 4) and the Fort Myers branch, so this is a multi-site conversation.",https://www.ymcaswfl.org/camps/ymca-camp-estero,summer and day camps,Estero,5342
Estero,summer and day camps,4,,Estero Recreation Center Summer Camp (LEE COUNTY),(239) 533-1470,unknown,Lee County Parks & Recreation,https://www.leegov.com/parks/centers/estero,"County-run traditional and middle-school summer camp at 9200 Corkscrew Palms Blvd, Estero 33928; six-week program roughly mid-June through late July at $75/week per child; membership-based registration that historically fills before school lets out",Structured weekly day camp with published monthly activity calendars and a dedicated summer schedule that overrides normal rec-center hours. The Village of Estero promotes camp registration on its own site.,"A budget-priced municipal camp that fills early — high volume of local kids in one place, six weeks running. This is LEE COUNTY, the same department already recorded under Fort Myers and Bonita Springs, so vendor registration done once serves all three.",https://www.leegov.com/parks/centers/estero,summer and day camps,Estero,5355
Estero,summer and day camps,3,,Happehatchee Center,(239) 992-5455,unknown,unknown,https://happehatchee.org,"4.5-acre nonprofit nature sanctuary at 8791 Corkscrew Rd, Estero 33928 — THE SAME PROPERTY as YMCA Camp Estero. Organic garden, fire circle, kayak launch, Peace Pavilion. Event capacity ~60.","Documented partnership with the Village of Estero and the Bonita Springs YMCA to run outdoor day-camp activities on site — kayaking, fishing, baking, painting, yoga, environmental education, plus guest educators. Also hosts private birthday parties and gatherings, and runs an annual free Earth Day Festival in April.","Functions as a camp venue and activity partner rather than running its own branded camp, but it already hosts private parties AND sits on the same land as YMCA Camp Estero — one site visit covers both. Small capacity caps the booking size.",https://happehatchee.org,summer and day camps,Estero,5368
Lehigh Acres,apartment and condo communities with event staff,4,,Westminster Community Association,(239) 369-2846 (from a third-party snippet — verify),unknown,unknown (community association office),https://www.westminstercommunity.com/,"Guard-gated, deed-restricted community of 620 RESIDENTIAL DOORS across four sub-associations, ~2,512 residents. Community center, billiards, fitness center, POOL AND SPA, and a PICNIC PAVILION. Shares grounds with the semi-private Club at Westminster.","Runs ""various social functions including FOOD TRUCKS, holiday parties, potlucks and SOCIAL GATHERINGS FOR EVERY AGE,"" plus regular clubs out of the community center.","Best residential prospect in the city. ""For every age"" is an explicit all-ages statement that corrects the default assumption about a gated SWFL community, and they ALREADY BOOK FOOD TRUCKS — a proven adjacent purchase. On-site pool and pavilion give the venue. Note the golf club on the same grounds scores only 2; the community association is the buyer.",https://www.westminstercommunity.com/,apartment and condo communities with event staff,Lehigh Acres,6744
Lehigh Acres,apartment and condo communities with event staff,3,,Ibis Landing Golf & Country Club,unknown,unknown,unknown,https://www.ibislandinggc.com,"Gated Lennar-built golf community — condos, villas and executive homes — with a resort-style pool, fitness center, tennis, pickleball, basketball and a driving range. Not age-restricted; appears to be an all-ages family community.","Described as having ""various social events and activities"" including holiday celebrations and group fitness classes, but no named activities director or specific recurring calendar was found.","A newer all-ages Lennar community with real amenities and a resort pool. The residential HOA events contact could not be separated from the private golf club — ask for the HOA, not the pro shop.",https://www.lennar.com/new-homes/florida/naples-ft-myers/lehigh-acres/ibis-landing-golf-country-club,apartment and condo communities with event staff,Lehigh Acres,6757
Lehigh Acres,apartment and condo communities with event staff,2,,Presbyterian Homes of Lehigh Acres,(239) 369-1414,unknown,unknown,https://www.phhf.com/presbyterian_homes_of_lehigh_acres,"1- and 2-bedroom apartments on several acres, part of the Presbyterian Homes & Family Services network",Residents access activities and events in the multipurpose room at adjacent Woodward Manor.,"AGE-RESTRICTION FLAG — operated under a senior/affordable senior housing network. Not confirmed as strictly 55+/62+ in available sources, but the profile is senior housing, which makes it a poor fit regardless. Verify before any outreach.",https://www.phhf.com/presbyterian_homes_of_lehigh_acres,apartment and condo communities with event staff,Lehigh Acres,6783
Lehigh Acres,apartment and condo communities with event staff,2,,Presbyterian Villas of Lehigh,(239) 369-1414,unknown,unknown,https://www.phhf.com/presbyterian_villas_of_lehigh,"1- and 2-bedroom units on secluded acreage; sister property to Presbyterian Homes, same operator",Same shared Woodward Manor multipurpose-room activities.,Same senior-housing flag as its sister property. Recorded to document the check.,https://www.phhf.com/presbyterian_villas_of_lehigh,apartment and condo communities with event staff,Lehigh Acres,6796
Lehigh Acres,apartment and condo communities with event staff,2,,Town Lakes,unknown,unknown,unknown,unknown,"Master-planned neighbourhood with a clubhouse, pool, tennis and pickleball courts, community park, PLAYGROUND, walking trails and a waterfront pier. Appears all-ages — no age-restriction language found.","Weak — no resident-event calendar, named activities director or specific programming found.","Has exactly the physical setup a foam party needs (clubhouse, pool, playground) and appears to be a family community, but no verified event staff. Cold-call prospect with good bones.",https://www.apartments.com/town-lakes-lehigh-acres-fl/,apartment and condo communities with event staff,Lehigh Acres,6770
Lehigh Acres,apartment and condo communities with event staff,1,,Fountain Crest,unknown,unknown,unknown,unknown,"1230 Taylor Lane Extension, marketed as ""Lehigh Acres Retirement Living""","A genuinely active social calendar — book clubs, live jazz, game nights, themed soirées, POOL PARTIES, holiday workshops and daily exercise classes.","CONFIRMED age-restricted senior living. They run pool parties, which is exactly the right behaviour attached to exactly the wrong demographic. Recorded to document the check.",https://www.seniorlivingguide.com/communities/fountain-crest-1230-taylor-lane-extension-lehigh-acres-fl-33936/,apartment and condo communities with event staff,Lehigh Acres,6822
Lehigh Acres,apartment and condo communities with event staff,1,,Heron Pond 55+ Apartments,unknown,unknown,unknown (managed by Dominium Management Services),https://www.liveatheronpond.com/,"1232 Village Lakes Blvd; 1-2BR units, 600-868 sq ft; part of Dominium's affordable-housing portfolio","References ""social, recreational, and cultural activities"" tied to the pool and fitness center.","CONFIRMED 55+ — the age restriction is in the property's own name and URL, so this is genuine, not a directory mislabel. Wrong audience.",https://www.liveatheronpond.com/,apartment and condo communities with event staff,Lehigh Acres,6809
Lehigh Acres,apartment and condo communities with event staff,1,,Park Place Apartments,unknown,unknown,unknown,http://www.parkplace-lehigh.com/,1- and 2-bedroom single-story apartment complex,"None found — no resident events, activities director or pool programming.","A real complex with a working site, but zero event signal and no contact route. Cold call only.",http://www.parkplace-lehigh.com/,apartment and condo communities with event staff,Lehigh Acres,6835
Lehigh Acres,birthday party venues,5,,5 Star Stables & Tack Stop,(239) 337-7827,unknown,unknown,http://www.stableandtack.com,"40-ACRE working horse boarding and lesson stable with access to 1,000+ ACRES of trail riding; English, Western, Hunter/Jumper, Barrel Racing and Pole Bending disciplines","Published birthday party offering — a FIVE-HOUR PARTY PACKAGE INCLUDING A COOKOUT (hot dogs, hamburgers, pizza). Also runs horse camps and regular lessons.","THE PATTERN HOLDS, AND THIS IS THE BEST VERSION OF IT YET. 40 acres of open ground, 1,000+ acres of trail access, an established five-hour birthday package that already includes catering, and a business accustomed to hosting groups of children. Water access is standard at a boarding stable. Best venue prospect in the city by a wide margin.",https://www.lehighacrescitizen.com/2018/12/12/5-star-stables-tack-stop-offers-equine-adventures-and-lessons/,birthday party venues,Lehigh Acres,6854
Lehigh Acres,birthday party venues,3,,Believe Dream Luxury Ballroom,unknown,unknown,unknown,https://www.believedreamballroom.com,"""Newest luxury white-canvas venue in Lehigh Acres,"" capacity up to 200, at 3507 Lee Blvd Suite 103; open 9am-11:30pm","Explicitly lists birthdays alongside weddings, baby showers and quinceañera-type celebrations; all-inclusive decorating, planning and catering; wedding pricing published from $5,000.","Confirms the quinceañera and banquet-hall category is real in this city — a genuinely different venue type from the coastal cities, serving the local Hispanic community. Indoor-only with no confirmed outdoor space, which caps it, but a referral relationship for outdoor overflow is plausible.",https://www.eventective.com/lehigh-acres-fl/believe-dream-luxury-ballroom-715792.html,birthday party venues,Lehigh Acres,6867
Lehigh Acres,birthday party venues,3,,Lehigh Lanes,(239) 369-5817,suzanne@lehighlanes.com,Suzanne,https://lehighlanes.com,"Family-owned 12-lane bowling alley and entertainment center with a full bar, restaurant and the largest arcade in Lehigh Acres","Dedicated ""Birthday Parties"" page on their own site confirming an active party programme; specific package pricing not surfaced.","A NAMED CONTACT WITH A DIRECT EMAIL, which is rare in this city, at the main indoor family entertainment venue in town. No outdoor space, so the value is a referral partnership — they take the indoor bookings, you take the ones wanting outdoor.",https://lehighlanes.com/Birthday-parties,birthday party venues,Lehigh Acres,6880
Lehigh Acres,birthday party venues,2,,Horse Adventures of SWFL,(239) 297-2175,unknown,unknown,unknown,"Horse riding operation at 1810 Desoto Ave offering private lessons, trail rides and kids' group riding lessons",No published birthday package or pricing found — only lessons and trail rides confirmed.,"A second Lehigh Acres horse property, which reinforces that this city's geography suits the farm pattern. No party evidence yet, so capped — but a stable already running kids' group lessons is one conversation away from hosting parties.",https://www.yelp.com/biz/horse-adventures-of-swfl-lehigh-acres,birthday party venues,Lehigh Acres,6893
Lehigh Acres,church youth programs,3,,New Life Church (New Life Assembly of God of Lehigh Acres),(239) 369-6147,unknown,unknown,https://newlifelehigh.com,"Large multi-cultural, multi-generational AoG congregation with two Sunday services plus Wednesday; RUNS AN ON-SITE ACADEMY M-F 8am-3pm, indicating a sizable campus with grounds. NOTE: two addresses appear in directories (507 Sunshine Blvd and 5146 Leonard Blvd S) — verify before outreach.","Active Kids ministry and ""New Life Youth"" for middle and high school confirmed, but no dated Fall Festival, Trunk-or-Treat or VBS post found.","The largest, best-resourced church campus found in Lehigh Acres, with an attached academy giving a second audience and real outdoor grounds for a foam setup. Best single call in this category.",https://newlifelehigh.com/kids,church youth programs,Lehigh Acres,6350
Lehigh Acres,church youth programs,3,,Richmond Avenue Baptist Church,(239) 369-5555,unknown,unknown,http://www.rabclife.org,"Established SBC congregation at 304 Richmond Ave N with its own facility; dedicated Sunday School and Youth Group at 9:45am; separate Children, Youth and Adult ministries","A Vacation Bible School programme exists as a recurring ministry, and the youth run work days and fundraiser yard sales — but NO dated 2025/2026 theme or schedule could be confirmed.",One of three best call targets in this city. A confirmed recurring VBS plus youth fundraising activity means both an occasion and a budget culture; only the dates are missing. Call to ask when VBS runs.,http://www.rabclife.org/services.html,church youth programs,Lehigh Acres,6337
Lehigh Acres,church youth programs,3,,Truth Baptist Church,unknown,unknown,unknown,https://www.tbclehigh.com,Congregation since 2017 with a dedicated facility at 901 Leeland Heights Blvd W,"Runs children's church, teen discipleship, SUMMER CAMP, YOUTH CONFERENCES and LOCK-INS — the most active standalone teen programme found in this city. No dated event confirmed, but the existing camp and lock-in programme proves they already run large group youth events.","Behaviourally the strongest signal in the category even without dates — a church already running camps, conferences and lock-ins has both the budget and the habit of buying youth experiences. Third of the three best call targets.",https://www.tbclehigh.com/our-ministries,church youth programs,Lehigh Acres,6363
Lehigh Acres,church youth programs,2,,Faith Evangelical Lutheran Church (Comunidad de FE),(239) 369-6177,admin.office@faithlutheranla.org,Church office,https://faithlutheranla.org,"Bilingual ELCA congregation running a Spanish-language ministry (""Comunidad de FE"") alongside English, with an active Youth Group. Also operates The Learning Village Preschool (recorded above).","unknown — no dated event confirmed. NOTE: Fall Festivals found under ""Faith Lutheran Church"" in search belong to unrelated congregations in Albuquerque, Marietta, Lake Forest IL and Tyler TX — none attributed here.","A PUBLISHED OFFICE EMAIL is rare in this city's church category, and the bilingual ministry plus attached preschool gives two audiences. No event evidence yet.",https://www.faithstreet.com/church/faith-lutheran-church-lehigh-acres-fl,church youth programs,Lehigh Acres,6389
Lehigh Acres,church youth programs,2,,First Baptist Church of Lehigh Acres,(239) 369-6141,unknown,unknown,https://fbclehigh.org,"BILINGUAL congregation (""Primera Iglesia Bautista"") at 200 Lee Blvd, with children's ministry, nursery and youth group","unknown — no dated VBS, Fall Festival or Trunk-or-Treat found.","Fits the bilingual profile that matters in this city, with an active children's and youth ministry, but no event evidence. A Spanish-language pitch may differentiate here.",https://churches.sbc.net/church/lehigh-acres-first-baptist-church/,church youth programs,Lehigh Acres,6376
Lehigh Acres,church youth programs,2,,Lehigh Acres Church of the Nazarene,(239) 369-4001,lehighnaz@gmail.com,unknown,https://www.lehighnaz.org/,"Full-service congregation at 210 Lee Blvd with Sunday School, Kids Church, Wednesday programming, teen and college/career groups, and a food bank partnership indicating an active volunteer base","unknown — no dated Trunk-or-Treat, Fall Festival or VBS confirmed.","Multi-tier kids and teen ministry with a published email, but no event evidence. The food bank partnership suggests community-facing events may exist unpublished.",https://www.lehighnaz.org/,church youth programs,Lehigh Acres,6402
Lehigh Acres,church youth programs,2,,Lehigh Acres SDA Church,941-876-8005,unknown,unknown,https://lehighacressda.org,Runs an Adventurers Club (ages 6-9) and Pathfinders Club (ages 10-15) plus a Youth Forum,"unknown for this congregation specifically, though Pathfinder and Adventurer clubs nationally run family camping and outdoor activities.","The club structure is a genuinely good behavioural fit — these are outdoor-activity groups with their own gear and camping culture. No confirmed bookable event, and the phone number carries a 941 rather than 239 area code, so verify.",https://lehighacressda.org/ministries/adventurers--pathfinders/,church youth programs,Lehigh Acres,6415
Lehigh Acres,church youth programs,2,,Victory Church,(239) 303-9585,unknown,unknown,https://victoryoflehigh.com,"Two Sunday services plus a dedicated Friday teen night (""Inverted Youth,"" ages 13-18, 7pm) at 1201 Taylor Lane Ext",unknown — no dated Fall Festival or Trunk-or-Treat found.,"A scheduled weekly teen night shows organised youth ministry, but teens 13-18 skew older than foam's core audience and no event evidence was found.",https://victoryoflehigh.com/plan-a-visit/,church youth programs,Lehigh Acres,6428
Lehigh Acres,church youth programs,1,,Gospel Assembly of Lehigh,(239) 244-6987,info@gospelassemblyoflehigh.com,unknown,https://www.gospelassemblyoflehigh.com,Registered nonprofit church founded 2009,unknown — no youth or kids ministry details surfaced beyond a general mission statement.,"Confirmed real with a published email, but no evidence of a youth programme at all. Lowest priority.",https://www.gospelassemblyoflehigh.com/about,church youth programs,Lehigh Acres,6441
Lehigh Acres,country clubs,4,,Lehigh Resort Club (formerly the North course at Admiral Lehigh),(239) 368-2022 (pro shop 239-368-1981; reservations 855-859-6983),LRC@LehighResorts.com,unknown,https://www.lehighresorts.com,65-ACRE family golf resort and timeshare property with a 9-hole course at 231 Joel Blvd,"Markets itself as a FAMILY RESORT with a CHILDREN'S POOL, playground, mini golf and frisbee golf, plus recurring family social events — MOVIE NIGHTS, bocce, bingo, shuffleboard, COOKOUTS and BUILD-YOUR-OWN ICE CREAM SUNDAE SOCIALS BY THE POOL.","The only operating facility in this category with genuine family programming, and it is unusually good — a kiddie pool, a playground, and poolside social events they already run and pay for. A resort rather than a private club, which means a marketing budget and a reason to differentiate. Published email.",https://avidtravelco.com/lehigh-resort-club-lehigh-acres-florida-family-friendly-resort-with-golf-pool-spa/,country clubs,Lehigh Acres,6673
Lehigh Acres,country clubs,2,,The Club at Westminster (Westminster Golf Club),(239) 368-1110,unknown,unknown,https://westminster-golf.com,"Semi-private 18-hole championship course (Arthur Rutenberg design) inside the gated Westminster community (~620 residential doors), with a full-service restaurant and bar","The club's own Upcoming Events page lists golf leagues, tournaments and restaurant socials — adult-oriented. A third-party venue listing shows the clubhouse rents for weddings, BIRTHDAY PARTIES and graduation parties, but no kids' club or family event programming was confirmed at club level.","Operating and party-adjacent through clubhouse rentals, but no family programming at the club itself. NOTE: the surrounding Westminster Community Association scores 4 as a residential prospect with food trucks and all-age events — the community, not the golf club, is the door.",https://westminster-golf.com/upcoming-events/,country clubs,Lehigh Acres,6686
Lehigh Acres,country clubs,1,,Admiral Lehigh Golf Resort — CLOSED / SPLIT,unknown,unknown,unknown,unknown (no longer operates under this name),Historic resort dating to 1960/1970; the name now maps to two separate outcomes,None under this name.,"The property at 225 Joel Blvd is listed closed, and a separate former Admiral Lehigh site was BOUGHT BY LEE COUNTY PARKS IN 2008 and converted into an eco-park. The North course was renamed and survives as Lehigh Resort Club (fit 4, above). Recorded to resolve a name that still appears in golf directories.",https://clubandresortbusiness.com/former-admiral-lehigh-golf-resort-reborn-as-eco-park/,country clubs,Lehigh Acres,6725
Lehigh Acres,country clubs,1,,Copperhead Golf Club — CLOSED,unknown (the former 239-369-8200 is no longer valid),unknown,unknown,unknown (defunct),"Was a public 18-hole championship course (Gordon Lewis design), opened 2001, at 20910 Copperhead Dr",None — permanently closed.,CLOSED JULY 2019 — reported locally as the second Lehigh Acres course to close within fourteen months. Recorded so it is not re-researched.,https://www.lehighacrescitizen.com/2019/07/24/copperhead-golf-club-has-closed/,country clubs,Lehigh Acres,6712
Lehigh Acres,country clubs,1,,Mirror Lakes Golf Club — CLOSED,unknown,unknown,unknown,unknown (defunct),"Former 18-hole course, originally part of the old Admiral Lehigh Resort (opened 1958, refounded 1970)",None — permanently closed.,CLOSED JUNE 2018. Recorded so it is not re-researched.,"https://foretee.com/courses/florida/lehigh-acres/usa/mirror-lakes-golf-club,-closed-2018/2088",country clubs,Lehigh Acres,6699
Lehigh Acres,festival and community event organizers,4,,East Lee County Chamber of Commerce (formerly Greater Lehigh Acres Chamber),(239) 369-0299,unknown,unknown,https://eastleechamber.com,"PO Box 757, Lehigh Acres 33970; listed on Lee County's official chambers page; active Facebook presence","Runs several recurring community events — ""Throw Away Responsib-LEE"" (an all-ages community cleanup event AT VETERANS PARK), an Annual Gala, ""Conversations That Count"" school-leader Q&A in April, and a ""Groovy 70s"" fundraiser dinner benefiting Lehigh Community Services. No named kids zone or attendance figures found.","The only chamber actively organising multiple recurring public events in this unincorporated community, and it already stages them at Veterans Park — the same venue that anchors the parks category. That existing venue relationship is the useful part.",https://eastleechamber.com/upcoming-events/,festival and community event organizers,Lehigh Acres,7071
Lehigh Acres,festival and community event organizers,4,,"Lehigh Acres Spring Festival (Spring Festival Association, Inc.)",unknown,unknown,unknown,"unknown (no live official site; Facebook page ""Lehigh Acres Spring Festival Parade"")","Registered Florida nonprofit (EIN 23-7417232), listed on GreatNonprofits, GuideStar and Festivalnet","A long-running ANNUAL NINE-DAY FESTIVAL every March at Veterans Park — parade, CARNIVAL, car show, craft show, food and merchant vendors, pageants, contests and an idol competition. Tradition dates to 1975. CAUTION: a 2020 local headline reads ""New festival replaces Lehigh Spring Festival,"" so the event may have been rebranded or discontinued — VERIFY CURRENT STATUS BEFORE OUTREACH.","A nine-day festival with a carnival and an established vendor ecosystem is the largest family event this city has, and it runs at Veterans Park. Held at 4 purely because of the unresolved 2020 replacement question — confirm it still runs under this name before investing.",https://www.fairsandfestivals.net/events/details/lehigh-acres-spring-festival2/,festival and community event organizers,Lehigh Acres,7084
Lehigh Acres,festival and community event organizers,4,,Veterans Park Community Events (LEE COUNTY),(239) 533-7530,leeparks@leegov.com,Lee County Parks & Recreation,https://www.leegov.com/parks/centers/veterans,County facility at 55 Homestead Rd S serving as the recurring community-event venue for the whole city,"Named, dated, recurring public events — an annual BACK-TO-SCHOOL BASH (drive-thru, early August), an annual COMMUNITY HEALTH & WELLNESS FAIR (mid-February), and a FREE FAMILY MOVIE IN THE PARK (late February).","This is Lee County's community-events presence for Lehigh Acres in place of a city special-events office. Three named recurring family events at one venue, and the vendor path is county procurement you have already navigated.",https://www.leegov.com/parks/centers/veterans,festival and community event organizers,Lehigh Acres,7097
Lehigh Acres,festival and community event organizers,2,,Rotary Club of Lehigh Acres,unknown,unknown,unknown,unknown (active on Facebook),"Active civic service club meeting 2nd and 4th Thursdays at El Tarasco Mexican Restaurant, 1320 Business Way",Runs an annual free Thanksgiving Community Meal (700+ meals served in a recent year) and free Christmas meals for neighbours in need.,"Real recurring events with genuine turnout, but they are charity meal services — indoor, food-distribution format with no vendor booths or entertainment. Wrong event shape, right community standing. A sponsorship conversation rather than a booking.",https://www.lehighacrescitizen.com/2023/11/13/rotary-club-of-lehigh-acres-to-once-again-offer-its-free-thanksgiving-community-meal/,festival and community event organizers,Lehigh Acres,7110
Lehigh Acres,kids gyms and youth sports leagues,4,,Footnotes Dance & Music Studios,(239) 369-4320,unknown,unknown,http://www.footnotesdanceandmusic.com/,"6,000 SQ FT facility with three dance rooms, two private music rooms, a dance-company lounge and a concession stand; Acro, Ballet, Contemporary, Hip Hop, Jazz, Musical Theatre and Tap for ages 2 to adult; 5-star Google rating across 23 reviews. Also hosts Meishinkan Martial Arts on site Tue/Thu evenings.","Publishes its own Calendar of Events page indicating recurring recitals and showcases, though a specific 2026 date was not confirmed. NOTE: a same-named ""Footnotes"" studio in Ceres, CALIFORNIA has a June 2026 recital — that is NOT this location.","The largest and best-equipped private kids' facility found in Lehigh Acres, with its own events calendar and recital season. End-of-recital-season is the booking. The California same-name catch is the fourth such trap avoided in this research.",http://footnotesdanceandmusic.com/calendar.php,kids gyms and youth sports leagues,Lehigh Acres,6998
Lehigh Acres,kids gyms and youth sports leagues,4,,Lehigh Acres Little League (Lehigh Sports Association),(239) 265-2071,Lehighlittleleague9@gmail.com,unknown (volunteer board),https://www.lehighsportsassociation.org/,Chartered Little League baseball and softball with its own field complex and registration portal,"Actively running ""Spring Softball and Baseball Sign-Ups for their 2026 Spring Season"" — season confirmed underway, though no exact Opening Day date surfaced.",A published league email plus phone and an active 2026 season. Opening Day and end-of-season trophy day are both natural bookings; call to get the dates the site does not publish.,https://www.lehighsportsassociation.org/,kids gyms and youth sports leagues,Lehigh Acres,6972
Lehigh Acres,kids gyms and youth sports leagues,4,,Lehigh Youth Soccer Association (LYSA),(239) 309-6010,LehighYSA@gmail.com,unknown (volunteer nonprofit board),https://www.lehighyouthsoccer.com,"Nonprofit recreational soccer for AGES 4-15 plus Arsenal YFC competitive soccer ages 7-19; OWN FIELDS at 104 Arthur Ave; entirely volunteer-run, indicating a large multi-team community league","Documented dated registration push — local radio coverage reports LYSA ""Opens Winter Registration for Young Athletes,"" $140/player including jersey with a $5 sibling discount.","Soccer fits this city's demographics better than any other sport, they own their own fields (no third-party venue approval), and both a phone and email are published. The $140 registration fee tells you what families here will pay for a season — useful calibration for pricing a team event.",https://suga957.com/lehigh-youth-soccer-association-lysa-opens-winter-registration-for-young-athletes/,kids gyms and youth sports leagues,Lehigh Acres,6985
Lehigh Acres,kids gyms and youth sports leagues,3,,Finish Strong Martial Arts (Meishinkan Dojo),(239) 558-3071,unknown,unknown,unknown,"Fixed dojo at 1111 Homestead Rd N, Ste 25, teaching Aikijutsu, Jujutsu, Iaijutsu, Karate Jutsu, kickboxing and MMA — a physical school, not a mobile instructor","No dated belt test, tournament or end-of-session event found.","Belt-promotion ceremonies are a standard foam-party trigger for dojos, and this is a confirmed physical school with a published phone. No dated event, so the call is discovery.",https://www.yelp.com/biz/finish-strong-martial-arts-lehigh-acres,kids gyms and youth sports leagues,Lehigh Acres,7024
Lehigh Acres,kids gyms and youth sports leagues,3,,Lehigh Acres Raiders (Pop Warner Football & Cheerleading),unknown,unknown,unknown,https://www.lehighraider.com/football,"Pop Warner-affiliated with football ages 5-15 and CHEER AGES 3-15, competing in the Peace River Pop Warner Conference; self-described Regional and National Champions, indicating a well-established multi-squad programme","Season structure confirmed via the conference schedule, but no specific 2026 opening or season-end date surfaced.","Combined football and cheer rosters from age 3 upward gives a large mixed-age family base, and a championship programme has engaged parents. No published contact route, which is the main obstacle — go through the website form.",https://www.lehighraider.com/football,kids gyms and youth sports leagues,Lehigh Acres,7011
Lehigh Acres,kids gyms and youth sports leagues,3,,i9 Sports — North Fort Myers / North Cape Coral / Lehigh Acres,unknown,unknown,unknown,https://www.i9sports.com/franchises/n-ft-myers-n-cape-coral-lehigh-acres-fl/560,"National youth multi-sport franchise — flag football, soccer, t-ball, basketball, volleyball — running year-round leagues across a territory covering Lehigh Acres, North Fort Myers and North Cape Coral","""Year-round leagues"" implies a recurring rotation of season-end celebrations, but no specific 2026 dates found.","Year-round rotating seasons means repeat opportunities rather than one annual date, and a franchise owner can decide locally. The territory spans three cities, so one relationship covers more than Lehigh Acres.",https://www.i9sports.com/franchises/n-ft-myers-n-cape-coral-lehigh-acres-fl/560,kids gyms and youth sports leagues,Lehigh Acres,7037
Lehigh Acres,kids gyms and youth sports leagues,2,,NFL Flag Football League (Fort Myers / Lehigh Acres / Gateway),unknown,unknown,unknown,https://tshq.bluesombrero.com/Default.aspx?tabid=2491667,"Youth flag football for ages 4-17 explicitly welcoming players from Fort Myers, Lehigh Acres and surrounding areas, across fall, winter and spring seasons","Multi-season structure confirmed on the registration platform, but no dated opening or season-end found.","A real regional league reaching Lehigh Acres players, but it is not Lehigh-based and no dated event was confirmed. Lower priority than the two local leagues above.",https://tshq.bluesombrero.com/Default.aspx?tabid=2491667,kids gyms and youth sports leagues,Lehigh Acres,7050
Lehigh Acres,municipal parks and recreation,5,,Veterans Park and Recreation Center (LEE COUNTY),(239) 533-7530 (a secondary listing shows 239-369-1521 — verify),leeparks@leegov.com,"unknown (Lee County Parks communications is Betsy Clayton, but that role is countywide)",https://www.leegov.com/parks/centers/veterans,"95-ACRE PARK at 55 Homestead Road S — the main Lehigh Acres recreation center. A SPLASH PAD, boulder playground, traditional playground, skate park, tennis and basketball courts, softball fields, fishing lake, dog park, and RENTABLE PICNIC SHELTERS AND PAVILIONS.","Runs the county's eight-week summer camps; hosted a BACK-TO-SCHOOL BASH that distributed 600+ backpacks; hosts an annual Community Health & Wellness Fair (mid-February), a FREE FAMILY MOVIE IN THE PARK (late February), and county holiday events with craft stations and Santa at $5/child ages 0-13.","THE PAVILION-NEXT-TO-WATER PATTERN AT ITS BEST. Splash pad, playgrounds, rentable shelters, an eight-week camp AND at least four named recurring family events, all on one 95-acre county site. In a city with almost no commercial venues, this single park carries the community's entire event load. It is both a venue and a demand channel, and the county vendor registration is already done.",https://www.leegov.com/parks/centers/veterans,municipal parks and recreation,Lehigh Acres,6602
Lehigh Acres,municipal parks and recreation,4,,Lee County Parks & Recreation (department),(239) 533-7275,leeparks@leegov.com,unknown,https://www.leegov.com/parks,"Manages 30,000+ acres countywide including every Lehigh Acres public facility. Procurement via leegov.com/procurement and leegov.ionwave.net.","Issues countywide releases for holiday events, Fall Festivals and the Back-to-School Bash with Lehigh Acres and Veterans Park named as sites; coordinates the summer camp programme.","In an unincorporated community this department IS the local government for events. Any contract, sponsorship or vendor approval for Lehigh Acres routes here rather than to a city hall. Already recorded under Fort Myers, Bonita Springs and Estero — one registration, four cities.",https://www.leegov.com/parks,municipal parks and recreation,Lehigh Acres,6628
Lehigh Acres,municipal parks and recreation,4,,Lehigh Acres Park / Lehigh Community Park & Community Pool (LEE COUNTY),(239) 369-8277 (pool); (239) 533-7275 (county parks),leeparks@leegov.com,unknown,https://www.leegov.com/parks/parks/lehighpark (pool: leegov.com/parks/pools/lehighpool),"62.92-acre park at 1400 W. 5th St, recently TRIPLED IN SIZE via a $16.6M expansion. On site: a public 169,800-gallon, 8-LANE HEATED SALTWATER POOL ($3 adult / $2 child), THREE PAVILIONS (first-come), three football fields, softball and baseball fields, tennis, four pickleball courts, disc golf, fishing pier and exercise stations.","Functions as Lehigh Acres' primary sports-and-aquatics complex with youth leagues and public pool traffic; pool posts public hours Tue-Sat. No site-specific festival or camp calendar found, distinct from Veterans Park.","The cleanest expression of the pattern — three rentable pavilions on the same site as a public pool, so water access is built in for any family booking a shelter. A $16.6M expansion signals county investment and rising usage. Held at 4 only because the named events sit at Veterans Park rather than here.",https://www.leegov.com/parks/parks/lehighpark,municipal parks and recreation,Lehigh Acres,6615
Lehigh Acres,municipal parks and recreation,2,,Lehigh Acres Senior Citizen Center (LEE COUNTY),(239) 369-5355,leeparks@leegov.com,unknown,https://www.leegov.com/parks/centers/lehighsenior,219 Plaza Dr; open daily 8am-4pm; membership for ages 50+ at $30/year; 10+ classes daily plus a travel desk and thrift shop,"Holds a publicized annual Open House and ""many special events every month"" per county materials — but the audience is strictly 50+.",A genuinely active county events calendar aimed at entirely the wrong audience. Recorded to document the check.,https://www.leegov.com/parks/centers/lehighsenior,municipal parks and recreation,Lehigh Acres,6641
Lehigh Acres,municipal parks and recreation,1,,Harns Marsh Preserve,unknown,unknown,unknown,https://www.la-msid.com/harns-marsh,"578-acre stormwater and wildlife preserve off Sunshine Blvd with a 3.9-mile loop trail, popular with birders; open dawn to dusk","None — its own managing district describes it as ""not a park"" with ""no facilities on site.""","Governed by the Lehigh Acres Municipal Services Improvement District (a special district), NOT Lee County Parks, and has zero event infrastructure or bookable space. Recorded to close the loop on a name that appears in Lehigh Acres park searches.",https://www.la-msid.com/harns-marsh,municipal parks and recreation,Lehigh Acres,6654
Lehigh Acres,party and event rental companies,4,,Bumble Bounce Inc,(239) 266-0118,unknown,unknown,https://www.thebumblebounce.com/,"8+ YEARS OPERATING, licensed and insured; delivery zones explicitly include Lehigh Acres, Fort Myers, North Fort Myers, Cape Coral, Estero and Bonita Springs — SIX of our eight target cities",Bounce houses and slides only; NO FOAM PRODUCT found on their site or listings.,"Eight years, licensed and insured, and covering six of the eight cities in this grid — the broadest reach of any small operator found. Insurance matters: an insured partner can subcontract into the municipal and school work that uninsured operators cannot touch.",https://www.thebumblebounce.com/deliveryareas/,party and event rental companies,Lehigh Acres,6927
Lehigh Acres,party and event rental companies,4,,Heaven on Earth's Party Rentals,(407) 668-2517,robertsjoseph777@yahoo.com / joeyrob239@gmail.com (both on their contact page; primary unconfirmed),unknown,https://heavenonearthpartyrentals.com/,"Small local operator physically based in Lehigh Acres 33936, running a public inventory site with bounce houses and water slides as its core catalog",NO FOAM PRODUCT anywhere in their listed inventory.,"A Lehigh Acres-based inflatable business with an established catalog, no foam, and TWO PUBLISHED EMAIL ADDRESSES — an unusually reachable small operator. They already serve the local backyard-party customer who would buy foam. Note the 407 area code (Orlando) on the phone despite the Lehigh base — verify.",https://heavenonearthpartyrentals.com/rentals/bounce-houses/,party and event rental companies,Lehigh Acres,6914
Lehigh Acres,party and event rental companies,3,,ABCS Bounce Houses,unknown,unknown,unknown,unknown,"Family-owned, started out of the owners' home, based in Lehigh Acres — the small home-based profile typical of this city","Bounce houses, water slides and dry slides per their listing; NO FOAM mentioned.","Genuine local family operator with no foam, which is the right partner shape — but only a Yelp profile was found, so there is no confirmed outreach channel. Find the phone before pursuing.",https://www.yelp.com/biz/abcs-bounce-houses-lehigh-acres,party and event rental companies,Lehigh Acres,6940
Lehigh Acres,party and event rental companies,2,,Enchanted Party Rentals,(239) 850-5670,unknown,unknown,unknown,"Physical Lehigh Acres address (3409 17th St W) listed in a neighbourhood business directory; no inventory list, reviews or scale indicator found",No service catalog surfaced — no evidence either way on whether they offer foam.,"A confirmed local name, address and phone, but nothing else. Cannot be scored as a partner without knowing what they carry. One call establishes whether they are active and foam-free.",https://nextdoor.com/pages/enchanted-party-rentals-lehigh-acres-fl/,party and event rental companies,Lehigh Acres,6953
Lehigh Acres,preschools and daycare centers,3,,Lehigh Child Care Center,(239) 369-5437,unknown,"Janina Renner (President), Uwe Renner (Vice President)",https://lehighchildcarecenter.com/,"CAPACITY 227 CHILDREN — the largest single-site capacity found in this city. Independent, owner-operated since 2000, 4.2/5 across 52 reviews. 1491 E Pointe Dr. Offers VPK, before/after school care and summer camp.","Summer camp confirmed; no specific parties, theme weeks or water days found.","227 children and 25 years of independent operation means a stable, privately-owned business without the subsidy dependence of the nonprofits here — the best budget profile among Lehigh's independent centers, with NAMED OWNERS to ask for. No event evidence, so the first call is discovery.",https://lehighchildcarecenter.com/,preschools and daycare centers,Lehigh Acres,6233
Lehigh Acres,preschools and daycare centers,3,,Open Doors Preschool of Lehigh Acres,(239) 303-1944 (corporate 239-778-1504),info@opendoorspreschool.com,unknown,https://opendoorspreschool.com/open-doors-preschool-lehigh-acres-fl/,"Markets itself as ""the largest nationally accredited early childhood education company in Lehigh Acres""; multi-site operator across Lehigh Acres, Fort Myers, Estero and Cape Coral since 2005; DCF licensed, Gold Seal and nationally accredited; 5280 Lee Blvd; summer camp for ages up to 11","Summer camp confirmed with outdoor play, arts and crafts and music, but NO themed weeks, water days or parties found.","Multi-site accreditation and a published email give real commercial standing, and the same operator is already recorded in Naples. But they run Early Head Start, School Readiness and VPK subsidy programmes, so a large share of families are subsidy-dependent — and no event culture was found. Discovery call.",https://opendoorspreschool.com/open-doors-preschool-lehigh-acres-fl/,preschools and daycare centers,Lehigh Acres,6220
Lehigh Acres,preschools and daycare centers,2,,Busy Bees Learning Center,(239) 368-0157,unknown,unknown,unknown (Facebook presence only),"A local mini-chain — 2-3 branded Lehigh Acres locations (4803 Lee Blvd, 5002 Lee Blvd, and a third referenced), but not corporate-backed","No party, theme-week or family-event evidence found.","Multiple local sites shows some scale, but no website, no discoverable events and no sign of a marketing budget. Low-priority call.",https://www.yelp.com/biz/busy-bees-learning-center-lehigh-acres,preschools and daycare centers,Lehigh Acres,6298
Lehigh Acres,preschools and daycare centers,2,,G. Weaver Hipps Early Learning Center (Child Care of Southwest Florida),(239) 600-6314 ext. 179 (enrollment 239-278-1002),unknown,unknown,https://ccswfl.org/learning-centers/g-weaver-hipps-early-learning-center/,"Opened 2024, co-located with G. Weaver Hipps Elementary (a Title I school) at 1270 Taylor Lane Extension; ages 6 weeks-5 years; part of Lee County Schools' VPK expansion",No camp parties or special events found; primarily early-learning and VPK rather than a school-age summer camp.,"District-affiliated and newly opened, but serves under-5s rather than the school-age camp audience foam needs, and carries the same subsidy-funded profile as its sister center.",https://ccswfl.org/learning-centers/g-weaver-hipps-early-learning-center/,preschools and daycare centers,Lehigh Acres,6259
Lehigh Acres,preschools and daycare centers,2,,Straight A's Preschool,(239) 368-2773,unknown,unknown,http://straightapreschool.com/,"Single location at 5580 8th St W, Suites 6 & 7; ages 12 months-12 years; bilingual; markets itself explicitly on ""affordable tuition""","No parties, theme weeks or family events found.","The affordability positioning is itself the signal — it tells you the parent base is price-sensitive, which caps discretionary spend. Age range to 12 is right; budget likely is not.",https://www.yelp.com/biz/straight-as-preschool-lehigh-acres,preschools and daycare centers,Lehigh Acres,6285
Lehigh Acres,preschools and daycare centers,2,,The Community Children's Center (Child Care of Southwest Florida),(239) 369-2220 (enrollment 239-278-1002),unknown,unknown,https://ccswfl.org/learning-centers/community-childrens-center-lehigh-acres/,"1260 Wings Way, Lehigh Acres; ages 6 weeks-8 years, M-F 6am-6pm. Part of Child Care of SWFL, a nonprofit running around ten centers across Fort Myers, Lehigh Acres and LaBelle.","No themed weeks, parties or family events found; programming focuses on Creative Curriculum, VPK and Head Start.","Scored down explicitly on BUDGET, not interest. Head Start and School Readiness funded — one reported grant was $90,804 from Lee County — which is institutional rather than discretionary money. The parent organization is already recorded in Fort Myers at fit 4; that is the better door.",https://ccswfl.org/learning-centers/community-childrens-center-lehigh-acres/,preschools and daycare centers,Lehigh Acres,6246
Lehigh Acres,preschools and daycare centers,2,,The Learning Village Preschool (Faith Lutheran),(239) 369-1361 (also 239-369-3411),unknown,unknown,https://faithlutheranla.org,"Capacity 70 children; church-affiliated, single site at 705 Leeland Heights Blvd E","No party, theme-week or water-day evidence found.","Small capacity tied to a congregation's budget rather than a corporate operator. Note the parent church, Faith Evangelical Lutheran, is separately recorded in the church category and is bilingual — the church may be the better conversation.",https://members.elcaschools.org/list/member/the-learning-village-preschool-3159,preschools and daycare centers,Lehigh Acres,6272
Lehigh Acres,preschools and daycare centers,1,,King's World Academy,unknown,unknown,unknown,unknown,"Licensed daycare at 3114 Lee Blvd, open 6am-6pm",No evidence of a distinct summer camp programme or any events — appears to be standard daycare.,Surfaced only as a same-street peer to Grace Community School. No verifiable contact route and no camp. Recorded to close the loop.,https://winnie.com/place/kings-world-academy-lehigh-acres,preschools and daycare centers,Lehigh Acres,6311
Lehigh Acres,schools and PTOs,3,,Mirror Lakes Elementary School,(239) 369-2200,unknown,school front office,https://mle.leeschools.net/,"~1,237 students, Pre-K-5. CONFIRMED TITLE I.","The only Lehigh Acres school with a named recurring event tradition surfacing in search — a ""Turkey Trot,"" referenced by a former student returning to run ""one last Turkey Trot."" Active PTA/PTO confirmed via the activities page. Current-year details unconfirmed.","Best school prospect in the city on evidence, and the only one with a named event. A Turkey Trot is a fun-run format that a foam finish suits. Title I funding route available.",https://mle.leeschools.net/our_students/activities___clubs,schools and PTOs,Lehigh Acres,6466
Lehigh Acres,schools and PTOs,2,,East Lee County High School,(239) 369-2932,unknown,school front office / athletics department,https://elc.leeschools.net/,"Public high school, mascot Jaguars. CONFIRMED TITLE I.","Active athletic and ticketing infrastructure confirmed (GoFan, Hudl, NFHS Network), but no PTSA or family-carnival event found.","High schools fit foam poorly through PTOs, but the athletics infrastructure is the alternative route — a team or club fundraiser rather than a family night. Approach boosters, not the PTO.",https://elc.leeschools.net/our_school/title_i,schools and PTOs,Lehigh Acres,6557
Lehigh Acres,schools and PTOs,2,,Harns Marsh Elementary School,(239) 690-1249,unknown,school front office,https://hme.leeschools.net/,"~989 students, Pre-K-5. CONFIRMED TITLE I.",Active Facebook presence but no specific named event confirmed.,Title I elementary in the right age band with an active social presence — the events likely live on Facebook rather than the school site.,https://hme.leeschools.net/,schools and PTOs,Lehigh Acres,6518
Lehigh Acres,schools and PTOs,2,,Harns Marsh Middle School,(239) 690-2025,unknown,school front office,https://hmm.leeschools.net/,"~1,316 students, grades 6-8 (Gifted & Talented, Cambridge International)",Reported to have an active PTA/PTO; no specific event confirmed.,"Large middle school with a confirmed parent group. Middle-school age skews older than ideal, but field day and end-of-year formats still work.",https://hmm.leeschools.net/,schools and PTOs,Lehigh Acres,6544
Lehigh Acres,schools and PTOs,2,,Lehigh Elementary School,(239) 369-2477,unknown,school front office,https://lhl.leeschools.net/,"~1,207 students, Pre-K-5. CONFIRMED TITLE I with a ""Our Families"" parent-engagement section.","Title I parent-engagement programming referenced, but no specific named PTO event confirmed.",A named parent-engagement section is exactly where Title I family-event money sits. Ask for the Title I coordinator rather than the PTO.,https://lhl.leeschools.net/,schools and PTOs,Lehigh Acres,6505
Lehigh Acres,schools and PTOs,2,,Sunshine Elementary School,(239) 369-5836,unknown,school front office,https://sun.leeschools.net/,"~1,456 students, Pre-K-5. CONFIRMED TITLE I.","PTO referenced on district pages; no specific named event confirmed. Local bounce-house vendors explicitly market to ""Lehigh Acres schools,"" implying rental events do happen locally.",Large Title I elementary in the right age band. That local inflatable vendors advertise to Lehigh schools is indirect evidence the category buys — just not published.,https://sun.leeschools.net/,schools and PTOs,Lehigh Acres,6492
Lehigh Acres,schools and PTOs,2,,Tortuga Preserve Elementary School,(239) 693-5023,unknown,school front office,https://tpe.leeschools.net/,"~1,135 students, Pre-K-5. CONFIRMED TITLE I.",No specific named recurring event confirmed.,"Another large Title I elementary. Same profile, same approach — call the office and ask about field day and family nights.",https://tpe.leeschools.net/our_school/title_i,schools and PTOs,Lehigh Acres,6531
Lehigh Acres,schools and PTOs,2,,Veterans Park Academy for the Arts,(239) 303-3003,unknown,school front office,https://vpa.leeschools.net/,"~1,996 STUDENTS — the largest school in this research. Pre-K-8 magnet (Gifted & Talented, Cambridge International). CONFIRMED TITLE I.","Title I and a PTO are confirmed, but no school-run event was verified. IMPORTANT: the ""Veterans Park Fall Festival"" found in search is a LEE COUNTY PARKS event at the nearby public park, NOT this school's event — do not conflate the two.","Nearly 2,000 students in one Pre-K-8 school is the single largest concentration of children in this research, and an arts magnet runs showcases. The evidence gap is the web presence, not the opportunity. Highest-value call in the category.",https://vpa.leeschools.net/our_school/title_i,schools and PTOs,Lehigh Acres,6479
Lehigh Acres,schools and PTOs,1,,Lehigh Acres Middle School,(239) 369-6108,unknown,school front office,https://lhm.leeschools.net/,"~1,540 students, grades 6-8; the first AVID-certified middle school in Lee County",No PTSA or named family event confirmed.,Very large but no parent group or event evidence surfaced at all. Lower priority than the elementaries.,https://lhm.leeschools.net/,schools and PTOs,Lehigh Acres,6570
Lehigh Acres,schools and PTOs,1,,Lehigh Senior High School,unknown,unknown,school front office,https://lsh.leeschools.net/,"Public high school, mascot ""Lightning""","No PTSA, booster club or family-event evidence confirmed. NOTE: a ""Yellow Jackets"" booster club surfaced in search but that mascot matches neither Lehigh high school — excluded as a likely same-name mismatch.","No parent group, no events, no published phone. Recorded to close the loop.",https://lsh.leeschools.net/,schools and PTOs,Lehigh Acres,6583
Lehigh Acres,summer and day camps,5,,Grace Community School — Lehigh Acres,(239) 368-3820,lehighacres@gracecommunityschools.com,unknown,https://www.gracecommunityschools.com/locations/lehigh-acres,"3732 Lee Blvd, Lehigh Acres; operating since 1986; ages 1-11 with full-day Pre-K, before/after care and summer camp. Multi-site SWFL operator.","Published summer camp with weekly themes, dress-up days, BOUNCE HOUSES and ""WATER WEDNESDAYS,"" plus karate, dance and art add-ons. Grace also runs a company-wide ""Preschool Theme Weeks"" enrichment product, confirming this is a corporate programme rather than one campus improvising.","FIFTH CONSECUTIVE CITY AT FIT 5, and this campus has what none of the others did — A DIRECT CAMPUS EMAIL. Grace is now confirmed at 4-5 in Fort Myers, Cape Coral, Naples, Bonita Springs and Lehigh Acres, with the same published Water Wednesdays and bounce houses. Corporate budget insulates it from local income levels. This remains the single strongest multi-site account in the entire file.",https://pages.gracecommunityschools.com/summer-camp/,summer and day camps,Lehigh Acres,6176
Lehigh Acres,summer and day camps,4,,Boys & Girls Club of Lee County — Lehigh Acres,(239) 672-0925 (Wings Way club); (239) 413-6381 (Gunnery Rd school-based club); registration (239) 334-1886,unknown,unknown,https://bgclee.org/locations/lehigh-acres/,"TWO Lehigh Acres sites — a community club at 1262 Wings Way Unit 201 and a school-based club at 801 Gunnery Rd N. Part of a multi-site nonprofit funded by grants, corporate giving and United Way.","2026 summer programming includes field trips, STEM projects, team-building, TALENT SHOWS and guest speakers; summer hours 7:30am-6pm.","THE FUNDING MODEL IS THE POINT. Grant and United Way funded, so its budget does not depend on local family income — the central weakness of most Lehigh Acres prospects. Two sites in this city, and the same organization already recorded in Fort Myers and Cape Coral. One relationship, many sites.",https://bgclee.org/locations/lehigh-acres/,summer and day camps,Lehigh Acres,6189
Lehigh Acres,summer and day camps,3,,Veterans Park Summer Camp (LEE COUNTY),(239) 533-7530 (park); (239) 533-7275 (county parks),leeparks@leegov.com,Lee County Parks & Recreation,https://www.leegov.com/parks/programs/summer,"Eight-week Traditional (K-5) and Middle School (6-8) camps, June 8 - Aug 2 2026, at 55 Homestead Road S; $85 per week per child; requires a lifetime facility membership to register, the same structure as Estero and Wa-Ke Hatchee","Long camp season with indoor/outdoor activities, arts and crafts, athletics and ""special speakers"" — the guest-speaker slot is where an outside provider fits.","A funded county programme with eight bookable weeks, but $85/week per camper signals a tight per-activity budget. PITCH THE CLASSIC PACKAGE HERE, not Commercial. Same county department already registered from the Fort Myers round.",https://www.leegov.com/parks/centers/veterans,summer and day camps,Lehigh Acres,6202
Fort Myers Beach,birthday party venues,4,,Smugglers Cove Adventure Golf,239-466-5855,unknown,unknown,https://www.smugglersgolf.com,"Adventure mini-golf attraction at 17450 San Carlos Blvd, zip 33931. Reviews and listings active through 2026, indicating continuous operation straight through the storms.","The strongest explicit birthday signal found in this city — a dedicated **""Birthday Package""** page plus a ""Group Outings/Parties"" program with a reservable party area, deposit-based booking and per-person pricing.","A business that already sells birthday parties, with a **paved and turf party area rather than beach sand** — the physical fit most of this island cannot offer. Boundary caveat: the 33931 mailing address is Fort Myers Beach, but 17450 San Carlos Blvd sits on San Carlos Island in unincorporated Lee County, outside the incorporated Town. Still squarely in the service area and worth calling; just don't count it as Estero Island proper.",https://www.smugglersgolf.com/birthday-package ; https://www.smugglersgolf.com/parties-groups ; https://www.fortmyersbeachfl.gov/DocumentCenter/View/17852/Charter--REVISED-w-links,birthday party venues,Fort Myers Beach (San Carlos Island — see boundary note),7424
Fort Myers Beach,breweries and food truck parks that host family events,3,,Doc Ford's Rum Bar & Grille (Fort Myers Beach),unknown,unknown,unknown,https://docfords.com/fort-myers-beach/,"Waterfront patio on Estero Bay, accessible by car or boat. Reopened after Ian; a long-running island fixture.",Explicitly markets a family-friendly setting with a kids menu for 12 and under and generous kids' portions. Live entertainment most days or nights. States it can host private events. No dedicated outdoor play area.,"Confirmed open, explicitly family-oriented, and it says outright that it hosts private events — a plausible target for a private or group booking add-on. No phone number surfaced in research, so start from the website. Categorical fit is loose: a restaurant, not a brewery or truck park.",https://docfords.com/fort-myers-beach/ ; https://www.mustdo.com/fl/fort-myers-beach-sanibel-captiva-islands/dining/doc-fords-rum-bar-grille/,breweries and food truck parks that host family events (waterfront restaurant and bar),Fort Myers Beach (San Carlos Island / Estero Bay — see boundary note),7685
Fort Myers Beach,breweries and food truck parks that host family events,3,,Smokin' Oyster Brewery (S.O.B.),(239) 373-4115,unknown,unknown; reopened under new ownership post-Ian,unknown direct URL (Chamber listing: fortmyersbeach.org/member/smokin-oyster-brewery/; Facebook: facebook.com/smokinoysterbrewery),"340 Old San Carlos Blvd. **The only actual brewery on the island.** Storm surge went past the rafters in Ian; reopened Dec 2024 with a grand reopening celebration May 16, 2025. Mostly open-air covered bar with porch seating.",Live entertainment on the outside porch is a long-running house tradition. Casual come-as-you-are beach atmosphere. No dedicated kids' area and no published family events calendar.,"Confirmed open, genuinely a brewery, with real outdoor space and regular live entertainment — but the vibe is dive bar rather than structured family venue. Better suited to adult group bookings or a casual outdoor event than a kids' party.",https://www.winknews.com/news/lee/fort-myers-beach-brewery-reopens-after-hurricane-ian-devastation/article_6664dec3-5dea-402f-aed7-27a2afe90d43.html ; https://www.fortmyersbeach.org/member/smokin-oyster-brewery/,breweries and food truck parks that host family events,Fort Myers Beach,7659
Fort Myers Beach,breweries and food truck parks that host family events,3,,Yucatan Beach Stand Bar & Grill,(239) 333-4386,unknown,unknown,https://yucatanbeachstand.com/events/,"250 Old San Carlos Blvd. Outdoor patio with swing seats, casual tiki-bar and island-fare restaurant, operating for decades before and after Ian, confirmed running in 2026.","Live music Fri–Mon at the ""Swing Bar,"" daily happy hour, and a **maintained public events page**. Multiple sources describe it as comfortable for bringing children. Participates in the Island Hopper Songwriter Festival, Sept 25–27, 2026.","Genuinely family-comfortable outdoor space with a live, actively maintained events calendar — the calendar is what lifts it above the other bars. It is a bar and grill rather than a brewery or food truck park, so the categorical fit is loose, but as a real prospect it is a solid secondary call.",https://yucatanbeachstand.com/events/ ; https://www.keywestexpress.net/prepare-and-go/fort-myers-beach-restaurants/yucatan-beach-stand,breweries and food truck parks that host family events (beach bar and grill),Fort Myers Beach,7672
Fort Myers Beach,breweries and food truck parks that host family events,2,not open yet — re-check,Access 26 Family Food Truck Park — NOT YET OPEN,unknown,unknown,"Dan Myers, owner/developer, with Jamie Hotka; general contractor Stevens Construction",http://access26.com/ (pre-launch; features PDF at access26.com/features.pdf),"2500 Estero Blvd at Beach Access 26. Five food truck vendor slots (vendors not yet announced) around a two-story 3,000 sq ft central building with a bar, covered seating, Manny's Scoops ice cream shop and retail space, plus a 569 sq ft comfort center with restrooms and outdoor showers, and a guest parking lot.","**None yet — it has not opened.** Groundbreaking was June 8, 2026; September 2026 sources still describe it as under construction with a target opening of December 2026 or January 2027. What exists is design intent, and it is unusually good design intent: an artificial turf play area for kids, a curbside table rail, three shade canvas structures and direct beach access. The owner has said the concept was built to rehouse mom-and-pop restaurants displaced by Ian.","**Scored 2 strictly under the project rule** — no evidence of events actually run means a cap of 2, and this venue has run none because it does not exist yet. Read the score as procedural, not as a judgment on the lead. On the merits this is the best future prospect in Fort Myers Beach: a purpose-built family food truck park with an artificial turf play area, shade and beach access, which is a near-perfect foam venue. **Highest-priority re-check on the island — call back Nov/Dec 2026** to catch the opening and get a real phone and email before anyone else does.",https://www.gulfshorebusiness.com/gb-daily/access-26-food-truck-park-breaks-ground-on-fort-myers-beach/article_3f1c06cd-63a1-43f2-a5d9-6ba9d6c026ab.html ; https://www.fortmyersbeachtalk.com/news/community-news/2026/06/food-truck-park-breaks-ground/ ; https://www.stevensconstructioninc.com/stevens-construction-begins-access-26-family-food-truck-park/,breweries and food truck parks that host family events,Fort Myers Beach,7646
Fort Myers Beach,breweries and food truck parks that host family events,2,,Petey's Upper Deck (at Matanzas on the Bay),unknown,unknown,unknown,https://matanzasonthebay.com/peteys-upper-deck/,Second-floor bar with waterfront and boat access at 416 Crescent St.,"Nightly live music. Anecdotal mentions of staff making a fuss of kids and pets, but no structured family programming or events calendar.","Open with waterfront outdoor seating and live entertainment, but the family evidence is informal and second-hand, and a second-floor deck is a poor foam surface. Low priority.",https://matanzasonthebay.com/peteys-upper-deck/ ; https://wanderlog.com/place/details/9660192/peteys-upper-deck-bar,breweries and food truck parks that host family events (bar),Fort Myers Beach,7711
Fort Myers Beach,breweries and food truck parks that host family events,2,,The Beach Bar,unknown,unknown,unknown,unknown confirmed URL (Bandsintown: bandsintown.com/v/10248994-the-beach-bar),"Feet-in-the-sand outdoor tables directly on the Gulf. **Reopened July 4, 2025** after being destroyed by Ian.","Heavy ongoing live-music schedule booked through 2026–2027, but no kids programming and no family framing — a live-music, adult-leaning beach bar.","Confirmed reopened with outdoor space, but no family signal and the space is sand. Low priority.",https://www.businessobserverfl.com/news/2025/jul/07/fort-myers-beachs-new-beach-bar-opens/ ; https://www.bandsintown.com/v/10248994-the-beach-bar,breweries and food truck parks that host family events (beach bar),Fort Myers Beach,7698
Fort Myers Beach,church youth programs,2,,St. Peter Lutheran Church,(239) 463-4251,stpeterfmb@gmail.com,unknown,https://www.stpeterfmb.com/,"Small congregation, ~50 years on the island, at 3751 Estero Blvd. Weekly Sunday service 9:00 AM. Building fully renovated and rededicated by Bishop Pedro Suarez on Nov 23, 2025, after 2.5 years of worshipping in a tent in the parking lot.","None found specific to youth. The site references education programs ""for all ages,"" implying Sunday school, but no dated youth event, VBS, or confirmation schedule could be verified. Hosted an adult mental health support group during recovery.","Verified operating with a rebuilt building and good public contact info, but capped at 2 under the no-event-evidence rule. The Nov 2025 rededication suggests a congregation in a celebrating, rebuilding mood — worth one call to ask whether they run anything for children.",https://www.stpeterfmb.com/contact ; https://www.winknews.com/fort-myers-beach-church-reopens-3-years-after-hurricane-ian-devastation,church youth programs,Fort Myers Beach,7187
Fort Myers Beach,church youth programs,2,,St. Raphael's Church (Episcopal),unknown,unknown,Mother Gail Tomei,https://www.straphaelschurch.org/,"60+ year presence on the island, 5601 Williams Dr. Sanctuary took roughly 7 feet of floodwater in Ian, was fully renovated with hurricane-ready features, and reopened to a packed congregation around Oct 2025. Sunday service 10:00 AM.",None found for youth or children. An adult Wednesday Zoom Bible study and informal neighborhood get-togethers are the only programming located.,"Real, rebuilt, operating congregation, but no youth evidence and no phone or email surfaced — weakest contact data of the three. Do not confuse with St. Raphael Catholic Church and its Life Teen program, which is a different parish elsewhere and was excluded.",https://www.straphaelschurch.org/about-us ; https://www.winknews.com/fort-myers-beach-church-reopens-3-years-after-hurricane-ian-devastation,church youth programs,Fort Myers Beach,7200
Fort Myers Beach,church youth programs,1,,Beach Baptist Church,(239) 463-6452,unknown,Pastor Shawn Critser; Pastor Mallie,https://beachbaptist.org/,"Nearly 4-acre parcel at 130 Connecticut St, but the church building was demolished in 2023/24 after Ian damage. Town Council approved only the FIRST reading of a development order for a combined church and workforce-housing rebuild in Oct 2025, with a second hearing set for Nov 3, 2025. The congregation describes itself as ""currently scattered, yet united,"" meeting online and at pop-up in-person locations announced via social media.","Pre-Ian and early-recovery mentions of youth events, a food pantry and a fair-trade coffee shop, but nothing current (2025–2026) could be verified.","**No standing building on the island right now.** The congregation and the land are real and the rebuild is moving through approvals, but there is no physical campus to host anything on. Recorded so the lead is not lost — re-check once the rebuild completes.",https://www.fortmyersbeachtalk.com/news/community-news/2025/10/council-moves-forward-beach-baptist-rebuild-and-residential-home-development-plans/ ; https://beachbaptist.org/,church youth programs,Fort Myers Beach,7213
Fort Myers Beach,country clubs,5,,Margaritaville Beach Resort Fort Myers Beach,239-899-4001 (front desk); **239-899-4068 (events and sales)**,sales@margaritavilleftmyersbeachresort.com,"unknown by name; ""Fins Up! Beach Club"" is the branded family activity zone",https://www.margaritavilleresorts.com/margaritaville-beach-resort-fort-myers-beach,"The largest post-Ian new build on the island, 251 Crescent St — opened Dec 2023, fully back online Oct 2024 after Milton. 254 guestrooms and suites plus the ""One Particular Harbour"" condominium tower. Multiple dining venues, a dedicated events sales line, and event capacity up to 150 guests in the Compass Rose Ballroom plus Sunset Terrace.","Very strong and current. Recurring weekly family programming — Lost Shaker of Salt scavenger hunt (Wed/Sat), Seashell Discovery Beach Walk (Thu 9 AM), Sunday cornhole tournament, weekly trivia/karaoke/bingo at Lah De Dah Beach Bar. Paid kids' cabanas for ages 3–12 at $12. Events are stated as open to the public, not just hotel guests. Dedicated Meetings & Events team with beachfront event spaces.","Newest, largest and best-staffed property on the island, with a professional events team reachable on a direct line and confirmed 2025–2026 family programming. Critically, the **Sunset Terrace and Fins Up! pool deck are paved hardscape, not sand** — pitch those specifically. A $7,500 F&B minimum is cited for evening events, so the realistic play is a foam add-on to an already-booked private event or a resort-run family day, not a standalone booking.",https://www.margaritavilleresorts.com/margaritaville-beach-resort-fort-myers-beach/events ; https://www.margaritavilleresorts.com/margaritaville-beach-resort-fort-myers-beach/things-to-do/resort-activities ; https://prioritymarketing.com/margaritaville-beach-resort-fort-myers-beach-announces-full-reopening/,country clubs (beach resort with kids' club),Fort Myers Beach,7312
Fort Myers Beach,country clubs,5,,Pink Shell Beach Resort & Marina,(239) 463-6181; (888) 222-7465 reservations,info@pinkshell.com,unknown (group sales team); managed by Boykin Management Company,https://www.pinkshell.com/group-events/,"12-acre beachfront resort at 275 Estero Blvd — three condo buildings (White Sand Villas, Captiva Villas, Sanibel View), roughly 180–192 condominium units, three resort pools, an on-site marina. Reopened to guests March 2023, all amenities back by 2024, still investing (~$3M in 2026 spa and suite upgrades). Group events program cites 37,000 sq ft of venue space, a 3,500 sq ft function space and two ballrooms up to 150 guests.","Very strong. Named, staffed kids' club — **""Sparky's Kidds Kampp,""** a drop-off day camp for ages 4–12 with crafts, beach and pool games and fishing, requiring 24-hour advance registration because space is limited. An ""Octopool"" splash area for kids. A live ""Book Resort Activities"" page with a bookable calendar. The group-events page describes the pool deck as ""ideal for casual outdoor receptions and theme parties.""","The only property on the island with a **branded, staffed kids' club plus a booking system** — that is the exact buyer profile for recurring seasonal bookings rather than one-offs. Their own marketing language already names theme parties on the pool deck, which is paved. Pitch the pool deck, not the beachfront tent option. Note this is a condo-hotel: the children present are vacationing guests on a rotating basis, so think repeat weekly slot rather than one big group.",https://www.pinkshell.com/group-events/ ; https://www.pinkshell.com/experience/family-activities/ ; https://www.pinkshell.com/Find-Book-Activities ; https://www.wgcu.org/section/hurricanerecovery/2023-02-26/pink-shell-reopens,country clubs (beach resort with kids' club),Fort Myers Beach,7325
Fort Myers Beach,country clubs,4,,Lani Kai Island Resort,239-463-1110 ext. 2026,Events@thelanikai.com,Colleen (events),https://lanikaiislandresort.com/events/,"400-foot beachfront resort in the island's north-end entertainment district with Gulf and Back Bay access — 3 restaurants, 7 bars, heated pool. Badly damaged by Ian, reopened floor by floor from Dec 2024, rooftop Sundeck venue reopened Nov 2025, now described as fully reopened.","The events page **explicitly states they customize parties for birthdays, anniversaries and graduations**, with both Back Bay and Gulf-side space. A named events contact with a direct extension and email.","**Reconciled between two agents** — the resorts pass scored this 3 on adult-nightlife positioning, the birthday-venues pass scored it 4 for explicitly naming birthday parties as a bookable type. Kept at 4: naming birthdays in their own marketing plus a named contact with a working email is harder evidence than a brand impression. The nightlife skew is real and noted, so aim at the Back Bay side, which is likelier to have usable non-sand space.",https://lanikaiislandresort.com/events/ ; https://www.weddingwire.com/biz/lani-kai-island-resort-fort-myers-beach/0564970a09e4d7f0.html ; https://www.wfla.com/news/florida/iconic-fort-myers-beach-resort-lani-kai-reopens-after-hurricane-ian/,country clubs (beach resort),Fort Myers Beach,7338
Fort Myers Beach,country clubs,3,,DiamondHead Beach Resort,(239) 765-7654 front desk; (844) 652-3696 / (866) 891-2472 reservations,diamondhead@sunstream.com,unknown,https://www.diamondheadfl.com/events,"121-suite all-suite beachfront high-rise at 2000 Estero Blvd, managed by Sunstream Hotels. One of the earliest island properties to reopen post-Ian, with sold-out weeks reported and only minor ground-floor renovations since; beach renourishment completed March 2024.","Moderate. Markets indoor and outdoor banquet facilities, sells discounted kids' day passes at $20 for ages 3–13, and offers babysitting — real evidence of a family audience. Hosts the American Sand Sculpting Championship each November and has been the site of the Fort Myers Beach Women's Club Easter Egg Hunt. But no named activities director, kids' club brand, or birthday package was found.","Family day-pass pricing and a willingness to host large outside events are genuine signals, but the programming is banquet-and-meeting shaped rather than kids-club shaped. Solid secondary call. The Sand Sculpting relationship is the more interesting angle — see the festivals category.",https://www.diamondheadfl.com/events ; https://www.fortmyersbeachtalk.com/news/business/2024/03/diamondhead-beach-resort-rebuilds-its-sand/ ; https://fun4swflkids.com/Fun-Around-Town/Swimming-Pools/Fort-Myers-Beach-Resorts-Day-Passes/View-details,country clubs (beach resort),Fort Myers Beach,7351
Fort Myers Beach,country clubs,3,,Fort Myers Yacht & Beach Club (at Pink Shell),(866) 976-6681,unknown,unknown,https://www.pinkshell.com/fort-myers-yacht-beach-club/membership-features,"Private membership social club co-located with Pink Shell on its 12 acres — docking, pools, spa and fitness access.","Moderate, and entirely inherited. Shares Pink Shell's pool and beach infrastructure but has no kids' club or events director distinct from the resort.","A genuinely separate membership entity with its own line, so worth recording, but it is the same physical plant as Pink Shell with a narrower, membership-only, adult-skewing audience. **Treat as secondary to the Pink Shell record above, not a parallel target** — one call to Pink Shell group sales likely covers both.",https://www.pinkshell.com/fort-myers-yacht-beach-club/yacht-club ; https://www.pinkshell.com/fort-myers-yacht-beach-club/membership-inquiry,country clubs (private beach and social club),Fort Myers Beach,7364
Fort Myers Beach,country clubs,2,,Edison Beach House,(239) 356-1483; 1-800-399-2511,unknown,unknown,https://edisonbeachhouse.com/,"Small all-suites boutique property at 830 Estero Blvd, condo-style with kitchens and laundry in each unit. Confirmed operating in 2025 via current guest reviews and active booking sites.","Weak. One outdoor waterfront pool and general family-friendly marketing; no kids' club, activities calendar, or events team.",Too small and under-programmed to support a booking — no activities staff and no events function. Low priority.,https://edisonbeachhouse.com/contact-us/ ; https://www.tripadvisor.com/Hotel_Review-g34231-d251949-Reviews-Edison_Beach_House-Fort_Myers_Beach_Florida.html,country clubs (small all-suite beachfront property),Fort Myers Beach,7377
Fort Myers Beach,country clubs,1,,Fort Myers Beach Yacht Club,unknown,unknown,unknown,unknown,"Member-run recreational boating club formed 1953, roughly 130 members and 70 boats, with a year-round activity schedule.","Weak. Community-oriented social activities, but no pool, no children's programming, and it appears entirely volunteer-run with no paid events staff.","No verifiable public contact information of any kind and no infrastructure or kids signal. Recorded only to close out the ""any yacht or beach club"" question so it is not re-researched.",https://sail-clubs.com/en/i/1402/United-States/Florida/Fort-Myers-Beach/Sailing-Yacht-Club/Fort-Myers-Beach-Yacht-Club,country clubs (member-run boating club),Fort Myers Beach,7390
Fort Myers Beach,country clubs,1,defunct — do not chase,Outrigger Beach Resort — PERMANENTLY GONE,unknown,unknown,unknown,unknown (legacy outriggerfmb.com no longer reflects an operating property),"The original 144-room Outrigger was destroyed by Ian in 2022, sold for $38.2M, and demolished in 2023.","None. No operating property, no staff, no bookable venue.","**Confirmed not a viable prospect.** As of May 2026 the Fort Myers Beach planning agency voted against redeveloper London Bay's mixed-use hotel and condo plan, so the parcel remains undeveloped and contested. Recorded because Outrigger still appears in stale directory listings for this island — this entry exists to stop it being chased again.",https://www.wgcu.org/top-story/2026-05-12/fort-myers-beach-planning-agency-votes-against-outrigger-beach-resort-plan ; https://www.fortmyersbeachtalk.com/news/business/2023/10/outrigger-demolished/,country clubs (beach resort) — DOES NOT EXIST,Fort Myers Beach,7403
Fort Myers Beach,festival and community event organizers,5,,American Sand Sculpting Championship,(239) 454-7500,events@fmbchamber.com,"Jacki Liszak, President, Fort Myers Beach Chamber of Commerce",https://www.fmbsandsculpting.com/,"**15,000+ attendees in 2025** (35th annual), a five-day event held at DiamondHead Beach Resort. Presented by the FMB Chamber with The Sand Lovers LLC and DiamondHead.","Confirmed active post-Ian and on-island. 35th annual ran Nov 20–24, 2025; **36th annual already announced for Nov 19–23, 2026.** Includes a Saturday Amateur Contest explicitly open to kids, adults, families and businesses, live entertainment, food and beverage vendors, and a **live vendor application page**.","Largest verified attendance figure in this city by an order of magnitude, explicit family and kids programming, a dated 2026 edition already on the calendar, and an existing vendor application process — meaning there is a defined, open way in rather than a cold pitch. Highest-value sponsorship or vendor target on the island. Note it is hosted at DiamondHead, which is already a recorded prospect — one conversation can serve both.",https://www.fmbsandsculpting.com/2025-vendors/ ; https://www.floridaweekly.com/articles/fort-myers-ae/the-35th-annual-american-sand-sculpting-championship-returns-to-fort-myers-beach/ ; https://www.fortmyersbeachtalk.com/news/community-news/2025/11/one-more-week-to-american-sand-sculpting-championship/,festival and community event organizers,Fort Myers Beach,7579
Fort Myers Beach,festival and community event organizers,4,,Fort Myers Beach Lions Club — Shrimp Festival,(239) 634-3887,secretary@fmblions.com,"Lion Diane Clifton, Expo Chairman",https://fortmyersbeachshrimpfestival.com/,"**69th annual in 2026** — the island's longest-running community event. A full weekend plus a week-long ""Shrimp Crawl,"" drawing island-wide crowds.","Confirmed active post-Ian and held on-island: 2025 on Mar 8–9, 2026 on Mar 7–8. Parade, 5K, Blessing of the Fleet, arts and crafts fair, shrimp-eating contest, and an explicit **Kids Shrimp Run**. Live vendor application page.","Verified recurring family festival with an active vendor pipeline, explicit kids programming and a named contact with a direct phone. No dedicated kids' zone with inflatables was found, which is precisely the opening — pitch adding one rather than joining one. Spring timing complements the November Sand Sculpting event nicely.",https://fortmyersbeachshrimpfestival.com/vendor-application/ ; https://www.fortmyersbeachtalk.com/news/community-news/2026/03/fort-myers-beach-shrimp-festival-returns-this-weekend/ ; https://www.fortmyersbeachtalk.com/news/community-news/2026/02/kids-shrimp-run-gets-shrimp-festival-going-this-saturday/,festival and community event organizers,Fort Myers Beach,7592
Fort Myers Beach,festival and community event organizers,4,,Greater Fort Myers Beach Area Chamber of Commerce,(239) 454-7500,info@fmbchamber.com; events@fmbchamber.com,"Jacki Liszak, President",https://www.fortmyersbeach.org/events/,"The umbrella nonprofit behind or beside most recurring island events — Sand Sculpting Championship, Shrimp Festival support, Wings on the Beach, the Christmas Boat Parade, plus member events.","Actively organizing multiple confirmed 2026 events: the December Christmas Boat Parade departing Salty Sam's Marina, ""Wings on the Beach"" (an island-wide wing competition across 12 restaurants), and co-presenting Sand Sculpting. No named kids' zone at Wings or the Boat Parade.","**The single highest-leverage relationship in this city.** One contact, Jacki Liszak, sits across the island's whole event calendar and also maintains the member directory that lists the local party rental and wedding vendors. Individual events under the umbrella have weaker kids evidence than Sand Sculpting, so pitch the relationship rather than any one event.",https://www.fortmyersbeach.org/events/ ; https://www.fortmyersbeach.org/sandsculpting-championship/,festival and community event organizers,Fort Myers Beach,7605
Fort Myers Beach,festival and community event organizers,3,,"FMB Strong, Inc.",802-239-1962,events@fmbstrong.org,unknown by name (founded by Hurricane Ian survivors),https://www.fmbstrong.org/,"501(c)(3) operating a community center at 820 Buttonwood Drive, serving the 33931 zip code with food pantry and relief services. **Named ""Nonprofit of the Year"" by SWFL Inc.** Listed with the FMB Chamber, the Florida Nonprofit Alliance and SWFL Inc.","Runs special community events and fundraisers with a published calendar of community meals, fundraisers and town celebrations, explicitly to ""uplift spirits and foster a sense of togetherness"" on the island. Reported as running parades and community events.","**Late addition — this surfaced as a side-note from the schools research rather than the festivals pass, and I verified it myself rather than leave it unresearched.** A real, award-winning island nonprofit with a dedicated events email, which is better contact data than most organizations in this city. Held at 3 rather than 4 because the documented events are community meals and fundraisers, not confirmed children's events, so the kids angle is inferred rather than evidenced. The recovery-celebration framing is a natural fit for a free community foam event as marketing — a donated party here buys goodwill across the whole island.",https://www.fmbstrong.org/ ; https://www.fortmyersbeach.org/member/fmb-strong-inc/ ; https://www.swflinc.com/business-directory/fmb-strong ; https://www.flnonprofits.org/member-directory/fmb-strong,festival and community event organizers,Fort Myers Beach,7724
Fort Myers Beach,festival and community event organizers,2,,Island Hopper Songwriter Fest,unknown,vcb@leegov.com,Lee County Visitor & Convention Bureau,https://www.island-hopperfest.visitfortmyers.com/,"A 10-day, 60+ show multi-city music festival running Sept 18–27, 2026. The Fort Myers Beach leg plays bars, restaurants and resorts — DiamondHead, Pink Shell, Margaritaville, The Whale, Mound House, Bayside Park.","Confirmed active and on-island for its FMB leg, but the format is adult singer-songwriter shows in bars and restaurants. No kids' zone or family programming.","Large verified tourist draw, but the format is wrong — bar venues and an adult music audience. Recorded because it puts the Lee County VCB on the board as a contact and because it demonstrates the island's venues are used to hosting outside producers.",https://www.island-hopperfest.visitfortmyers.com/schedule ; https://www.bmi.com/event/the-island-hopper-songwriter-fest-2026-fort-myers-fl,festival and community event organizers,"Fort Myers Beach (partial — multi-city festival; FMB leg Sept 25–27, 2026)",7631
Fort Myers Beach,festival and community event organizers,2,,Town of Fort Myers Beach — Special Events and Bayside Park Concert Series,(239) 765-4222,unknown,Community Development Department (special event permits),https://www.fortmyersbeachfl.gov/1293/Special-Events,Runs the free Bayside Park Concert Series and issues special-event permits for third-party events at Bayside Veterans Park.,"Concert series ongoing, but no attendance figures and no kids' zone. Functions more as venue and permitting authority than as a festival brand.","Low as a direct lead, but **operationally important**: this is the office that permits any outdoor event on town land, so it is a call you will end up making anyway for Bay Oaks, the Community Pool or any island festival booking. Treat as a compliance contact, not a prospect.",https://www.fortmyersbeachfl.gov/1293/Special-Events ; https://www.fortmyersbeachfl.gov/1122/Bayside-Park,festival and community event organizers (municipal),Fort Myers Beach,7618
Fort Myers Beach,kids gyms and youth sports leagues,3,,Fort Myers Beach Little League,unknown,unknown,unknown,unknown (Facebook @FMBLittleLeague; Active.com org listing),"Listed at 2600 Oak St, adjacent to Bay Oaks, where it plays on the campus ballfield.","Field destroyed by Ian, rebuilt with a $50,000 Scotts/MLB refurbishment grant, reopened by public ceremony Aug 28, 2023. Facebook page active. No 2024–2026 season or registration news surfaced beyond the reopening.","A real league with a rebuilt home field on the island, and end-of-season parties are a natural foam fit — but the documented evidence is mostly the 2023 reopening, and there is no direct contact info. **Practical route in is through Bay Oaks** (Jimmy DeMilia, Youth & Teen Coordinator), since the league plays on the town's field.",https://www.fortmyersbeachtalk.com/2023/08/22/fort-myers-beach-little-league-to-hold-ceremony-for-ballfield-reopening/ ; https://www.active.com/orgs/fort-myers-beach-little-league,kids gyms and youth sports leagues,Fort Myers Beach,7549
Fort Myers Beach,kids gyms and youth sports leagues,2,,Fort Myers Beach Soccer Club,unknown,unknown,unknown,https://fmbsoccer.com/,"Registered with Florida Sunbiz as ""Fort Myers Beach Soccer League, Inc."" at 108 Bay Mar Drive, Fort Myers Beach 33931. Fields competitive and recreational teams across U10–U19 boys age groups.","Held 2024/2025 competitive tryouts in May 2024 — but the tryout and practice location cited was **Kelly Rd Soccer Complex on the mainland**, consistent with the island's own fields still being rebuilt.","Legally based on the island with confirmed 2024 activity, but its games and practices actually happen on mainland fields, which makes it a weak on-island booking. If pursued, pitch it as a mainland Fort Myers job that happens to have an island-registered client.",https://fmbsoccer.com/ ; https://search.sunbiz.org/Inquiry/CorporationSearch/SearchResultDetail?inquirytype=EntityName&searchNameOrder=FORTMYERSBEACHSOCCERLEAGUE+N070000064560,kids gyms and youth sports leagues,Fort Myers Beach (registered); plays off-island,7562
Fort Myers Beach,municipal parks and recreation,4,,Crescent Beach Family Park (Lee County Parks & Recreation),239-229-1610 (also Lee County Parks main line 239-533-7275),leeparks@leegov.com,unknown,https://www.visitfortmyers.com/beaches/crescent-beach-family-park,"County-operated 2.25-acre beachfront park at 1100 Estero Blvd, at the foot of the Matanzas Bridge — restrooms, showers, pavilions, four beach access points.","**Confirmed REOPENED July 29, 2026** after a six-month Ian-related overhaul: new shade structures, native plantings, a grassy central area, and an ADA beach access route. A dated 2026 reopening with fresh pavilion infrastructure.","Freshly reopened with rebuilt shade and pavilion infrastructure, a real grassy central area rather than pure sand, and verified county contact info. Jurisdiction is Lee County, so it goes through leeparks@leegov.com, not the Town. No pool or splash pad is the only gap against the pattern that worked in other cities.",https://deeparrival.com/news/fort-myers-beach-crescent-beach-reopens-july-29-2026/ ; https://www.wgcu.org/government-politics/2026-01-20/restoration-efforts-for-crescent-beach-family-park-beginning-on-fort-myers-beach,municipal parks and recreation,Fort Myers Beach,7245
Fort Myers Beach,municipal parks and recreation,3,,Fort Myers Beach Community Pool (Town of Fort Myers Beach),239-765-0202 ext. 1851,unknown,"Town Parks & Rec chain of command — Neill Mathes, Parks and Recreation Manager",https://www.fortmyersbeachfl.gov/110/Fort-Myers-Beach-Community-Pool,"Town-operated pool at 2600 Oak St, directly adjacent to the Bay Oaks campus — water slide, kiddie pool, a ""water works"" splash play area, swim lessons and fitness classes.","Confirmed reopened and operating post-Ian, with a town civic alert announcing extended hours. **No pavilion-rental program tied to the pool could be confirmed either way** — this is the gap to close by phone.","Structurally the best match on the island to the pool-plus-splash-pad-plus-rentable-pavilion pattern that produced good prospects in Cape Coral and Lehigh Acres, and it is Town-operated so it pairs with the Bay Oaks relationship. Held at 3 only because the rentable-pavilion half of that pattern is unverified here.",https://www.fortmyersbeachfl.gov/110/Fort-Myers-Beach-Community-Pool ; https://www.fortmyersbeachfl.gov/CivicAlerts.aspx?AID=610&ARC=1621,municipal parks and recreation,Fort Myers Beach,7258
Fort Myers Beach,municipal parks and recreation,3,,Lynn Hall Memorial Park (Lee County Parks & Recreation),239-533-7275,leeparks@leegov.com,unknown,https://www.leegov.com/parks/beaches/lynnhall,"County beachfront park at 950 Estero Blvd beside the Fort Myers Beach Pier and Times Square — picnic shelters, a large playground, restrooms and changing facilities. Highest-traffic location on the island.","Lee County commissioners approved a roughly $6M contract with Wright Construction Group in Dec 2025 to replace ADA boardwalks and rebuild three 625 sq ft picnic shelters. Ongoing county investment, but **the shelters were still under construction as of the most recent reporting.**","Real pavilions and the busiest foot traffic on the island, but the shelters are not yet available and there is no pool or splash pad. Timing prospect — worth a call once the rebuild delivers.",https://www.leegov.com/parks/beaches/lynnhall ; https://www.fortmyersbeachtalk.com/news/community-news/2025/12/county-commissioners-approve-contracts-for-lynn-hall-memorial-park-restrooms-crescent-beach-family-park-work/,municipal parks and recreation,Fort Myers Beach,7271
Fort Myers Beach,municipal parks and recreation,2,,Newton Beach Park (Town of Fort Myers Beach),239-765-0865,moundhouse@fmbgov.com,unknown (managed via Mound House / Town Parks Dept.),https://www.fortmyersbeachfl.gov/1128/Newton-Beach-Park,"Town beachfront park at 4650 Estero Blvd with a historic 1953 cottage, two tiki huts, gazebos, picnic tables, outdoor showers, restrooms and parking.","Only recurring program found is a free Tuesday/Thursday 9 AM beach-walk nature series. Listings call the grounds ""perfect for gatherings"" but no booking process or fee schedule was found.","Right jurisdiction and a scenic setting, but this is primarily a **sand** beach park — the landscaped gazebo and tiki-hut area is small and sits against public beach access. Sand is a poor foam surface and public access makes containment hard. No water feature, no verifiable rental program.",https://www.fortmyersbeachfl.gov/1128/Newton-Beach-Park ; https://www.fortmyersbeach.org/member/newton-park/,municipal parks and recreation,Fort Myers Beach,7284
Fort Myers Beach,municipal parks and recreation,1,,Mound House (Town of Fort Myers Beach),239-765-0865,moundhouse@fmbgov.com,unknown,https://www.moundhouse.org,"Town-operated historic and cultural museum and environmental learning center at 451 Connecticut St, built over a 2,000-year-old Calusa shell mound. Open and running regular programs into 2026.","The Town site confirms the property is available for special event rental, but the offering is aimed at weddings and private garden events. No children's birthday or family-party package found.","Operating and rentable, but a foam party on an **archaeological site** is a poor fit on both venue character and almost certainly site-preservation rules. Recorded to close the question, not to pursue.",https://www.fortmyersbeachfl.gov/609/Culture-Parks-Recreation ; https://www.moundhouse.org,municipal parks and recreation,Fort Myers Beach,7297
Fort Myers Beach,party and event rental companies,5,,Luxe Coastal Beach Weddings,unknown,unknown,unknown,https://www.luxecoastalbeachweddings.com/,"Small boutique collective, photographer-owned, assembling chairs, arch and decor, aisle staging, photography, officiant and setup/breakdown into all-inclusive beach weddings and elopements. Active Instagram and Facebook presence, page geo-tagged Fort Myers Beach FL.","Stages private outdoor events on this island continuously. **Zero entertainment inventory of any kind** — no inflatables, no games, no foam.","Genuinely island-based, puts wedding parties and visiting families on the beach as its core business, and has an obvious hole in its offer where a post-ceremony or family-celebration foam moment would sit. Best partner-shaped lead in this city. Contact details are the weakness — no phone or email published, so the approach is through the website form or social DM.",https://www.luxecoastalbeachweddings.com/ ; https://zola.com/wedding-vendors/wedding-planners/luxe-coastal-beach-weddings--2 ; https://www.facebook.com/p/Luxe-Coastal-Beach-Weddings-61563466220827/,party and event rental companies,Fort Myers Beach,7441
Fort Myers Beach,party and event rental companies,4,,Current Riders Rentals,(833) 743-2787,unknown,unknown,https://www.currentridersfmb.com/,"Physical storefront at 19050 San Carlos Blvd, open 7 days 9 AM–3 PM; also operates the currentriders.com surf shop. Confirmed current via a Feb 2026 listing.","Beach chairs, kayaks, SUPs, e-bikes, wind-resistant tents, coolers. No inflatable, bounce house or foam offering.","Established storefront serving vacationing families seven days a week, with no competing entertainment product — a natural referral point when groups ask what else there is to do. Same San Carlos Blvd boundary caveat as Smugglers Cove.",https://www.currentridersfmb.com/all-beach-equipment-rentals/ ; https://www.fortmyersbeach.org/member/current-riders/,party and event rental companies,Fort Myers Beach (19050 San Carlos Blvd — see boundary note),7480
Fort Myers Beach,party and event rental companies,4,,Fort Myers Beach Sun-N-Fun Sport Rentals,(239) 233-1046,info@fmbsunandfunsportrentals.com,unknown,https://fmbsunandfunsportrentals.com/,"Storefront at 1821 Estero Blvd, on the island proper. Markets itself as the only golf cart, bicycle and scooter rental company on the beach. Active Chamber member.","Golf carts, bikes, scooters, beach chairs, umbrellas, coolers, beach carts. No entertainment inventory.","On-island storefront with a claimed monopoly niche and daily face-to-face contact with vacationing families, plus a published email. The golf-cart angle is also practically useful — this is the island's transport business, and foam gear has to get down Estero Blvd somehow.",https://fmbsunandfunsportrentals.com/contact/ ; https://www.fortmyersbeach.org/member/sun-n-fun-sport-rentals/,party and event rental companies,Fort Myers Beach,7493
Fort Myers Beach,party and event rental companies,4,,Holiday Water Sports (Fort Myers Beach),(239) 765-4386 Pink Shell; (239) 765-2252 DiamondHead; (239) 463-6778 Best Western,info@holidaywatersportsfmb.com,unknown,https://holidaywatersportsfmb.com/,"**Three operating locations on the island** — inside Pink Shell, DiamondHead and Best Western. Beach chairs, umbrellas, cabanas, kayaks, SUP, sailboats, parasailing, WaveRunners and guided dolphin tours. Active listings through mid-2026.",Books group activities for resort guests daily. No inflatable or foam offering.,"Largest footprint of any recreation operator on the island and — the useful part — it is **physically embedded inside two of the resorts already recorded as fit-5 prospects.** A partnership here is a second door into Pink Shell and DiamondHead, not just a referral channel.",https://holidaywatersportsfmb.com/beach-rentals/chairs-umbrellas-cabanas/ ; https://www.fortmyersbeach.org/member/holiday-water-sportsft-myers-beach/,party and event rental companies,Fort Myers Beach,7454
Fort Myers Beach,party and event rental companies,4,,SHADED (Shaded LLC),(239) 245-4351,FMB@shadedrentals.com,unknown,https://shadedrentals.com/,"Two-location operation covering Fort Myers Beach and Sanibel, with daily delivery 9 AM–5 PM. Umbrellas, chairs, chaise loungers, canopies, paddleboards and beach wheelchairs. Active listings as of Feb 2026 confirming post-Ian operation.",Delivery infrastructure already reaching families on the beach every day. No entertainment product.,"Has the one thing a foam operator needs from a partner — **a delivery route that already runs daily to family groups**, plus a dedicated FMB email address that goes straight to the island branch. Multi-location reach extends to Sanibel if the service area ever widens.",https://shadedrentals.com/ ; https://www.fortmyersbeach.org/member/shaded-llc/,party and event rental companies,Fort Myers Beach,7467
Fort Myers Beach,party and event rental companies,3,,Picnic Goals,unknown,unknown,Danielle Bernstein and Marc Houston (owners),https://www.picnicgoals.com/,"Registered in Fort Myers 33966, with an e-commerce style booking site. Styled luxury picnic experiences with decor, games and snacks; selects beach locations for clients.",Stages outdoor events at beach locations. No entertainment inventory.,"Same no-inventory picnic-styling model as SWFL Picnic Co, but **its stated service area does not explicitly include Fort Myers Beach** — recorded here with lower confidence on the city criterion. Owners are named, which helps, but no direct phone or email surfaced.",https://www.picnicgoals.com/ ; https://www.picnicbooking.com/l/6790ac92-efd5-4c8d-a4c4-f3c7519133a2,party and event rental companies,Fort Myers / Estero (Fort Myers Beach not explicitly named),7532
Fort Myers Beach,party and event rental companies,3,,Platinum Florida Wedding Company,(239) 217-3197,unknown,unknown,https://www.platinumbeachweddings.com/bowditch-beach-wedding,"17+ years in business, office at 1400 Colonial Blvd Suite 253, Fort Myers. BBB profile and review platforms active through Dec 2025. Service area spans Fort Myers Beach, Bowditch Point, Sanibel, Naples and Marco Island.","All-inclusive beach ceremony, decor and photography packages, including a **dedicated Bowditch Beach (Fort Myers Beach) wedding package**. No entertainment inventory.","Runs real volume of actual Fort Myers Beach ceremonies with no competing product, but the mainland office and five-city footprint put it a step further from the island than the on-island shops above. Its multi-city reach is the upside — this one partner touches Naples and Marco Island too.",https://www.platinumbeachweddings.com/bowditch-beach-wedding ; https://www.bbb.org/us/fl/fort-myers/profile/wedding-consultant/platinum-florida-wedding-company-llc-0653-90092420,party and event rental companies,Fort Myers (mainland office; runs a dedicated Fort Myers Beach package),7506
Fort Myers Beach,party and event rental companies,3,,SWFL Picnic Co,703-472-3037,bookings@swflpicnicco.com,unknown,https://www.swflpicnicco.com/,"Luxury beach and outdoor picnic setups, table styling, party cart rentals, bachelorette decor and event planning. Active business pages and a standalone pricing page. Featured in a Gulfshore Life piece on the luxe picnic trend across SWFL. **Also found operating as picnicsociety.co with an identical tagline — likely the same operator on two domains, unverified.**",Stages private outdoor events for visiting families and groups. No entertainment inventory.,"Same client base, no competing product, and a published booking email. Held at 3 because its home base and Fort Myers Beach specificity are less certain than the on-island shops, and the two-domain question is unresolved — clarify which entity you are talking to before agreeing anything.",https://www.swflpicnicco.com/ ; https://picnicsociety.co/contactus ; https://gulfshorelife.com/guest-list/the-luxe-picnic-party-trend-takes-over-swfl/,party and event rental companies,"Fort Myers (markets to Naples, Fort Myers Beach and Estero)",7519
Fort Myers Beach,schools and PTOs,2,,Fort Myers Beach Elementary School PTO,unknown,unknown,unknown,"unknown (PTO maintains its own page, a Square site, and a Facebook group)",The school was Lee County's smallest at roughly 63 students.,"**The campus is not operating.** Status chain, fully sourced: damaged by Ian (Sept 2022) → rebuilt for $8M and reopened Dec 2023 → closed again in fall 2024 after Helene and Milton flood damage and a failed architectural review → students bused off-island to San Carlos Park, then Heights Elementary → in **May 2026 the Lee County School Board voted to transfer the campus to the Town of Fort Myers Beach** to reopen as a charter school within three years. Town Council has been publicly pressing the district to reopen it, and the district has offered no funds. The PTO itself still exists as an organization.","The PTO is a real, still-organized entity, but **there is no operating school campus physically located in Fort Myers Beach.** Until the charter conversion happens there is no student body on the island to throw a field day for. This is the clearest single illustration of why this city's counts are low. Re-check after the charter opens.",https://www.fortmyersbeachtalk.com/news/community-news/2026/05/lee-county-school-board-votes-to-give-fort-myers-beach-elementary-school-for-charter-school/ ; https://www.fortmyersbeachtalk.com/news/community-news/2025/05/at-emergency-meeting-town-council-calls-on-manager-and-attorney-to-ensure-beach-elementary-school-will-reopen/ ; https://www.fortmyersbeachtalk.com/news/community-news/2026/04/fort-myers-beach-manager-says-school-district-offering-no-funds-for-school/,schools and PTOs,Fort Myers Beach,7228
Fort Myers Beach,summer and day camps,5,,Bay Oaks Recreational Campus (Town of Fort Myers Beach Parks & Recreation),239-765-4222 (department); 239-765-0202 (Bay Oaks front desk),JimmyDemilia@fmbgov.com,"Jimmy DeMilia, Youth & Teen Coordinator; Neill Mathes, Parks and Recreation Manager; Jeff Hauge, Community Services Director",https://www.fortmyersbeachfl.gov/997/Youth-Programs,"Town-run campus at 2731 Oak St — gym, 2 ball fields, 4 tennis courts, 3 pickleball courts, basketball court, playground, weight room, disc golf. 2025 summer camp ran 9 weeks (June–August), capped at 20 children per week with 2 lead teachers plus a camp director per session. Camp fee $125/wk resident, $175/wk non-resident. Also runs ""Club Rec"" before/after-school ($200/semester or $350/year resident).","Strongest on the island. Confirmed 2025 season operated (facility reopened week of June 2, 2025 after Ian repairs — new gym flooring, rebuilt front desk); weight room reopened Aug 5, 2025; memberships reinstated Aug 15, 2025; 2026 summer camp published with 9 weekly sessions 6/8–8/7. Little League field rebuilt with a $50,000 Scotts/MLB grant and reopened by public ceremony Aug 28, 2023. A public reviewer describes hosting a birthday party on site. Advisory board (BORCAB) minutes run through Nov 2025.","The single best prospect in Fort Myers Beach, and the only one with a named staff contact holding a direct email. Municipal camp, 9 weeks, 20 kids a week, on real grass fields and paved courts rather than beach sand — the physical fit the rest of this island lacks. Commercial and Camps package at $649/2hr is the natural pitch, and municipal buyers are exactly the segment that requires the insured, staffed service no local foam competitor sells. Note the campus is still mid-rebuild and expansion, so confirm current outdoor availability on the call.",https://www.fortmyersbeachfl.gov/997/Youth-Programs ; https://www.fortmyersbeachfl.gov/DocumentCenter/View/24177/Draft-BORCAB-Minutes-052125 ; https://www.fortmyersbeachtalk.com/news/community-news/2026/02/bay-oaks-recreational-campus-programs-and-schedule/ ; https://www.fortmyersbeachtalk.com/sports/2025/08/weight-room-opens-at-bay-oaks/,summer and day camps,Fort Myers Beach,7168
